timestamp,username,status,detail
2026-08-03T19:29:27,0._.ahmii_,unfollowed,Unfollow confirmation clicked.
2026-08-03T19:29:29,007amkhn,unfollowed,Unfollow confirmation clicked.
2026-08-03T19:29:32,0l30,unfollowed,Unfollow confirmation clicked.
2026-08-03T19:29:35,100.100.100.1000.100,unfollowed,Unfollow confirmation clicked.
2026-08-03T19:29:40,1aicsandar00,unfollowed,Unfollow confirmation clicked.
2026-08-03T19:29:43,1alyy27,unfollowed,Unfollow confirmation clicked.
2026-08-03T19:29:46,1ashirrkhan,unfollowed,Unfollow confirmation clicked.
2026-08-03T19:29:49,1mahnoormanzoor,unfollowed,Unfollow confirmation clicked.
2026-08-03T19:29:52,1roshaan_,unfollowed,Unfollow confirmation clicked.
2026-08-03T19:29:54,2299anjana,unfollowed,Unfollow confirmation clicked.
2026-08-03T19:29:57,3.r3th15,unfollowed,Unfollow confirmation clicked.
2026-08-03T19:30:00,364daysofgym,unfollowed,Unfollow confirmation clicked.
2026-08-03T19:30:03,3platemacaronikhaugi,unfollowed,Unfollow confirmation clicked.
2026-08-03T19:30:06,4am_kalfan,unfollowed,Unfollow confirmation clicked.
2026-08-03T19:30:09,4bdu11ah____,unfollowed,Unfollow confirmation clicked.
2026-08-03T19:30:11,4hmed1cat1on,unfollowed,Unfollow confirmation clicked.
2026-08-03T19:30:15,4shhmmll,unfollowed,Unfollow confirmation clicked.
2026-08-03T19:30:18,_._nushrat_._,unfollowed,Unfollow confirmation clicked.
2026-08-03T19:30:21,_.abdullah29,unfollowed,Unfollow confirmation clicked.
2026-08-03T19:30:23,_.bushrahabib,unfollowed,Unfollow confirmation clicked.
2026-08-03T19:30:26,_.fatima45,unfollowed,Unfollow confirmation clicked.
2026-08-03T19:30:29,_.hamidali,unfollowed,Unfollow confirmation clicked.
2026-08-03T19:30:32,_.itssjay._.11,unfollowed,Unfollow confirmation clicked.
2026-08-03T19:30:34,_.mahas,unfollowed,Unfollow confirmation clicked.
2026-08-03T19:30:37,_.manahalqureshi,unfollowed,Unfollow confirmation clicked.
2026-08-03T19:30:40,_.muskaaann,unfollowed,Unfollow confirmation clicked.
2026-08-03T19:30:43,_.muskkk,unfollowed,Unfollow confirmation clicked.
2026-08-03T19:30:46,_.namraa_,unfollowed,Unfollow confirmation clicked.
2026-08-03T19:30:48,_.noorieeee._,unfollowed,Unfollow confirmation clicked.
2026-08-03T19:30:52,_.omeeeer,unfollowed,Unfollow confirmation clicked.
2026-08-03T19:30:54,_.p4rishaa,unfollowed,Unfollow confirmation clicked.
2026-08-03T19:30:57,_.s3mii,unfollowed,Unfollow confirmation clicked.
2026-08-03T19:31:00,_.saim_khan03,unfollowed,Unfollow confirmation clicked.
2026-08-03T19:31:02,_.shayan._67,unfollowed,Unfollow confirmation clicked.
2026-08-03T19:31:05,_.siam._x,unfollowed,Unfollow confirmation clicked.
2026-08-03T19:31:09,_.whoiszeee,unfollowed,Unfollow confirmation clicked.
2026-08-03T19:31:12,__.h00or,unfollowed,Unfollow confirmation clicked.
2026-08-03T19:31:14,___i.n.n.a.y.a___,unfollowed,Unfollow confirmation clicked.
2026-08-03T19:31:17,___samayra___official__angel,unfollowed,Unfollow confirmation clicked.
2026-08-03T19:31:19,__andynamite,unfollowed,Unfollow confirmation clicked.
2026-08-03T19:31:23,__anusss,unfollowed,Unfollow confirmation clicked.
2026-08-03T19:31:26,__artistic96__,unfollowed,Unfollow confirmation clicked.
2026-08-03T19:31:28,__dauisaaaa,unfollowed,Unfollow confirmation clicked.
2026-08-03T19:31:31,__django____,unfollowed,Unfollow confirmation clicked.
2026-08-03T19:31:37,__ghalbi07,following_not_visible,Could not find a visible Following button.
2026-08-03T19:31:40,__ghzanasif,unfollowed,Unfollow confirmation clicked.
2026-08-03T19:31:43,__hina26,unfollowed,Unfollow confirmation clicked.
2026-08-03T19:31:45,__iamrini,unfollowed,Unfollow confirmation clicked.
2026-08-03T19:31:48,__its_sadii,unfollowed,Unfollow confirmation clicked.
2026-08-03T19:31:51,__jaylicious__,unfollowed,Unfollow confirmation clicked.
2026-08-03T19:31:54,__meme_therapist__,unfollowed,Unfollow confirmation clicked.
2026-08-03T19:31:56,__minahilkhan,unfollowed,Unfollow confirmation clicked.
2026-08-03T19:32:03,__talal97._,not_found,Instagram reported that this profile is unavailable.
2026-08-03T19:32:07,__thegirlshub,unfollowed,Unfollow confirmation clicked.
2026-08-03T19:32:12,_abdullahkhalid1,unfollowed,Unfollow confirmation clicked.
2026-08-03T19:32:15,_abdullllahhhh,unfollowed,Unfollow confirmation clicked.
2026-08-03T19:32:19,_abeera__fatima_,unfollowed,Unfollow confirmation clicked.
2026-08-03T19:32:22,_abubakar._zr,unfollowed,Unfollow confirmation clicked.
2026-08-03T19:32:27,_afifamoin,unfollowed,Unfollow confirmation clicked.
2026-08-03T19:32:32,_afzal_chaudhary_,unfollowed,Unfollow confirmation clicked.
2026-08-03T19:32:35,_ahmed_gujjar_,unfollowed,Unfollow confirmation clicked.
2026-08-03T19:32:39,_aliarham_,unfollowed,Unfollow confirmation clicked.
2026-08-03T19:32:41,_alishbabaigg,unfollowed,Unfollow confirmation clicked.
2026-08-03T19:32:44,_anime_zone_076,unfollowed,Unfollow confirmation clicked.
2026-08-03T19:32:47,_aqsa._shahid.42,unfollowed,Unfollow confirmation clicked.
2026-08-03T19:32:53,_arif_hussain_313,not_found,Instagram reported that this profile is unavailable.
2026-08-03T19:32:56,_arizeh,unfollowed,Unfollow confirmation clicked.
2026-08-03T19:32:58,_athanasia.zk,unfollowed,Unfollow confirmation clicked.
2026-08-03T19:33:01,_ayeshabaloch_,unfollowed,Unfollow confirmation clicked.
2026-08-03T19:33:04,_ayyuu_56,unfollowed,Unfollow confirmation clicked.
2026-08-03T19:33:07,_behind_the_scnxx_,unfollowed,Unfollow confirmation clicked.
2026-08-03T19:33:13,_c41ty,not_found,Instagram reported that this profile is unavailable.
2026-08-03T19:33:16,_couples_love_life_,unfollowed,Unfollow confirmation clicked.
2026-08-03T19:33:19,_d.i.j.a._,unfollowed,Unfollow confirmation clicked.
2026-08-03T19:33:21,_dreamy_bella,unfollowed,Unfollow confirmation clicked.
2026-08-03T19:33:23,_emaan_abid,unfollowed,Unfollow confirmation clicked.
2026-08-03T19:33:26,_f.xta,unfollowed,Unfollow confirmation clicked.
2026-08-03T19:33:28,_faiqqq__,unfollowed,Unfollow confirmation clicked.
2026-08-03T19:33:31,_fatimasarchivess,unfollowed,Unfollow confirmation clicked.
2026-08-03T19:33:34,_fazalbutt,unfollowed,Unfollow confirmation clicked.
2026-08-03T19:33:39,_fizaawww,unfollowed,Unfollow confirmation clicked.
2026-08-03T19:33:42,_girlbeinggirly,unfollowed,Unfollow confirmation clicked.
2026-08-03T19:33:45,_guywithmanyscars_1,unfollowed,Unfollow confirmation clicked.
2026-08-03T19:33:47,_h.t.9_,unfollowed,Unfollow confirmation clicked.
2026-08-03T19:33:50,_hammad_gull,unfollowed,Unfollow confirmation clicked.
2026-08-03T19:33:53,_hamnahzzzlife,unfollowed,Unfollow confirmation clicked.
2026-08-03T19:33:56,_hamzaqayyum,unfollowed,Unfollow confirmation clicked.
2026-08-03T19:33:59,_hania_awan___,unfollowed,Unfollow confirmation clicked.
2026-08-03T19:34:02,_hanzalaa,unfollowed,Unfollow confirmation clicked.
2026-08-03T19:34:06,_harrishere1,unfollowed,Unfollow confirmation clicked.
2026-08-03T19:34:10,_harry_singh_001_,unfollowed,Unfollow confirmation clicked.
2026-08-03T19:34:12,_hecallsmeridayyy,unfollowed,Unfollow confirmation clicked.
2026-08-03T19:34:15,_imma._7,unfollowed,Unfollow confirmation clicked.
2026-08-03T19:34:17,_irsa.rph,unfollowed,Unfollow confirmation clicked.
2026-08-03T19:34:20,_ismahmughal_,unfollowed,Unfollow confirmation clicked.
2026-08-03T19:34:22,_itsalii.r,unfollowed,Unfollow confirmation clicked.
2026-08-03T19:34:25,_itx_baloch11,unfollowed,Unfollow confirmation clicked.
2026-08-03T19:34:27,_izzablogs,unfollowed,Unfollow confirmation clicked.
2026-08-03T19:34:30,_kamilsattar,unfollowed,Unfollow confirmation clicked.
2026-08-03T19:34:33,_kazimshah_,unfollowed,Unfollow confirmation clicked.
2026-08-03T19:34:36,_khizrakhan_,unfollowed,Unfollow confirmation clicked.
2026-08-03T19:34:40,_kinzaax,unfollowed,Unfollow confirmation clicked.
2026-08-03T19:34:42,_lensofmaria,unfollowed,Unfollow confirmation clicked.
2026-08-03T19:34:46,_lone.wolf_777,unfollowed,Unfollow confirmation clicked.
2026-08-03T19:34:49,_m1n4hil2,unfollowed,Unfollow confirmation clicked.
2026-08-03T19:34:51,_makeupbyrafia,unfollowed,Unfollow confirmation clicked.
2026-08-03T19:34:54,_mardzaat,unfollowed,Unfollow confirmation clicked.
2026-08-03T19:34:56,_maryumyum,unfollowed,Unfollow confirmation clicked.
2026-08-03T19:34:59,_mehrrruu_,unfollowed,Unfollow confirmation clicked.
2026-08-03T19:35:02,_mughal._.girl_,unfollowed,Unfollow confirmation clicked.
2026-08-03T19:35:05,_muneeb.__,unfollowed,Unfollow confirmation clicked.
2026-08-03T19:35:08,_muneeb_zheikh,unfollowed,Unfollow confirmation clicked.
2026-08-03T19:35:11,_mushahidahmed_,unfollowed,Unfollow confirmation clicked.
2026-08-03T19:35:14,_muzamil_anwar,unfollowed,Unfollow confirmation clicked.
2026-08-03T19:35:17,_my_cossy_life,unfollowed,Unfollow confirmation clicked.
2026-08-03T19:35:19,_n00ryyyy_,unfollowed,Unfollow confirmation clicked.
2026-08-03T19:35:22,_namrajee_,unfollowed,Unfollow confirmation clicked.
2026-08-03T19:35:25,_naveed_an_64_93,unfollowed,Unfollow confirmation clicked.
2026-08-03T19:35:27,_nehallxspamm,unfollowed,Unfollow confirmation clicked.
2026-08-03T19:35:30,_rabiya__malik_,unfollowed,Unfollow confirmation clicked.
2026-08-03T19:35:33,_ranjith_rajanna_,unfollowed,Unfollow confirmation clicked.
2026-08-03T19:35:36,_rija_mughal,unfollowed,Unfollow confirmation clicked.
2026-08-03T19:35:42,_riyarauther,not_found,Instagram reported that this profile is unavailable.
2026-08-03T19:35:45,_rizzholicah,unfollowed,Unfollow confirmation clicked.
2026-08-03T19:35:48,_saadifitikhar,unfollowed,Unfollow confirmation clicked.
2026-08-03T19:35:51,_sabhii.x,unfollowed,Unfollow confirmation clicked.
2026-08-03T19:35:54,_samreen.a,unfollowed,Unfollow confirmation clicked.
2026-08-03T19:35:56,_saraa3110,unfollowed,Unfollow confirmation clicked.
2026-08-03T19:36:03,_seeeeeb,following_not_visible,Could not find a visible Following button.
2026-08-03T19:36:05,_sh.dani,unfollowed,Unfollow confirmation clicked.
2026-08-03T19:36:08,_shaka_79,unfollowed,Unfollow confirmation clicked.
2026-08-03T19:36:11,_shizyyy,unfollowed,Unfollow confirmation clicked.
2026-08-03T19:36:14,_supriyo_das,unfollowed,Unfollow confirmation clicked.
2026-08-03T19:36:16,_tabindariaz,unfollowed,Unfollow confirmation clicked.
2026-08-03T19:36:23,_theasadlife,following_not_visible,Could not find a visible Following button.
2026-08-03T19:36:25,_urhash,unfollowed,Unfollow confirmation clicked.
2026-08-03T19:36:28,_whois.safeer,unfollowed,Unfollow confirmation clicked.
2026-08-03T19:36:31,_whois.umer,unfollowed,Unfollow confirmation clicked.
2026-08-03T19:36:34,_xuhib,unfollowed,Unfollow confirmation clicked.
2026-08-03T19:36:37,_yk._umar,unfollowed,Unfollow confirmation clicked.
2026-08-03T19:36:40,_yourjimmy,unfollowed,Unfollow confirmation clicked.
2026-08-03T19:36:43,_zaifaa._,unfollowed,Unfollow confirmation clicked.
2026-08-03T19:36:45,_zunurain_,unfollowed,Unfollow confirmation clicked.
2026-08-03T19:36:48,a.mmad1,unfollowed,Unfollow confirmation clicked.
2026-08-03T19:36:51,a.mukeet7,unfollowed,Unfollow confirmation clicked.
2026-08-03T19:36:53,a.nkita._x,unfollowed,Unfollow confirmation clicked.
2026-08-03T19:36:56,a.sheikh14,unfollowed,Unfollow confirmation clicked.
2026-08-03T19:37:04,a1eeni,not_found,Instagram reported that this profile is unavailable.
2026-08-03T19:37:07,a1ishba._,unfollowed,Unfollow confirmation clicked.
2026-08-03T19:37:10,a7.atkins,unfollowed,Unfollow confirmation clicked.
2026-08-03T19:37:13,a__hmed092,unfollowed,Unfollow confirmation clicked.
2026-08-03T19:37:16,a_a4324,unfollowed,Unfollow confirmation clicked.
2026-08-03T19:37:19,a_a_t_h_i__y_o_g_i,unfollowed,Unfollow confirmation clicked.
2026-08-03T19:37:21,a_t_8_haaland_9,unfollowed,Unfollow confirmation clicked.
2026-08-03T19:37:24,a_ttia19,unfollowed,Unfollow confirmation clicked.
2026-08-03T19:37:26,a_yeshagull,unfollowed,Unfollow confirmation clicked.
2026-08-03T19:37:30,aaadil_9,unfollowed,Unfollow confirmation clicked.
2026-08-03T19:37:32,aaaffan___,unfollowed,Unfollow confirmation clicked.
2026-08-03T19:37:35,aadi0_0005,unfollowed,Unfollow confirmation clicked.
2026-08-03T19:37:38,aadilkhan_4u,unfollowed,Unfollow confirmation clicked.
2026-08-03T19:37:41,aafanqazi07,unfollowed,Unfollow confirmation clicked.
2026-08-03T19:37:44,aaila_586,unfollowed,Unfollow confirmation clicked.
2026-08-03T19:37:47,aailarehman__,unfollowed,Unfollow confirmation clicked.
2026-08-03T19:37:50,aalyan._.yousafzai,unfollowed,Unfollow confirmation clicked.
2026-08-03T19:37:53,aamirqureshi9098,unfollowed,Unfollow confirmation clicked.
2026-08-03T19:37:55,aamirsamtia,unfollowed,Unfollow confirmation clicked.
2026-08-03T19:37:58,aamyrsyed,unfollowed,Unfollow confirmation clicked.
2026-08-03T19:38:00,aaqibali778,unfollowed,Unfollow confirmation clicked.
2026-08-03T19:38:04,aaras.iqbal,unfollowed,Unfollow confirmation clicked.
2026-08-03T19:38:10,aarijmohsin,following_not_visible,Could not find a visible Following button.
2026-08-03T19:38:16,aarishbaig1995,not_found,Instagram reported that this profile is unavailable.
2026-08-03T19:38:19,aartimili,unfollowed,Unfollow confirmation clicked.
2026-08-03T19:38:22,aarviibhardwaj,unfollowed,Unfollow confirmation clicked.
2026-08-03T19:38:25,aashiqbari,unfollowed,Unfollow confirmation clicked.
2026-08-03T19:38:27,aashvi._priya,unfollowed,Unfollow confirmation clicked.
2026-08-03T19:38:30,aawahamaadd,unfollowed,Unfollow confirmation clicked.
2026-08-03T19:38:36,abbas_h429,not_found,Instagram reported that this profile is unavailable.
2026-08-03T19:38:40,abbasnasir_68,unfollowed,Unfollow confirmation clicked.
2026-08-03T19:38:43,abbassaim21,unfollowed,Unfollow confirmation clicked.
2026-08-03T19:38:46,abdul.rehman_xhah,unfollowed,Unfollow confirmation clicked.
2026-08-03T19:38:49,abdul_basit_.99,unfollowed,Unfollow confirmation clicked.
2026-08-03T19:38:51,abdul_q4dir,unfollowed,Unfollow confirmation clicked.
2026-08-03T19:38:54,abdul_sami2577,unfollowed,Unfollow confirmation clicked.
2026-08-03T19:38:57,abdulahad_987,unfollowed,Unfollow confirmation clicked.
2026-08-03T19:39:01,abdulahskx,unfollowed,Unfollow confirmation clicked.
2026-08-03T19:39:04,abdulhannan1016,unfollowed,Unfollow confirmation clicked.
2026-08-03T19:39:07,abdullah._.here786,unfollowed,Unfollow confirmation clicked.
2026-08-03T19:39:10,abdullah._.siddd,unfollowed,Unfollow confirmation clicked.
2026-08-03T19:39:16,abdullah.ki.hun.yar,not_found,Instagram reported that this profile is unavailable.
2026-08-03T19:39:19,abdullah_a007_,unfollowed,Unfollow confirmation clicked.
2026-08-03T19:39:22,abdullah_idrees17,unfollowed,Unfollow confirmation clicked.
2026-08-03T19:39:24,abdullah_khan9t,unfollowed,Unfollow confirmation clicked.
2026-08-03T19:39:28,abdullah_saad_satti,unfollowed,Unfollow confirmation clicked.
2026-08-03T19:39:31,abdullahhmaybe,unfollowed,Unfollow confirmation clicked.
2026-08-03T19:39:34,abdullahkhar56,unfollowed,Unfollow confirmation clicked.
2026-08-03T19:39:36,abdullahmalyk1,unfollowed,Unfollow confirmation clicked.
2026-08-03T19:39:40,abdullahs.pov3,unfollowed,Unfollow confirmation clicked.
2026-08-03T19:39:42,abdullahshafiq408,unfollowed,Unfollow confirmation clicked.
2026-08-03T19:39:46,abdullahumarwahid,unfollowed,Unfollow confirmation clicked.
2026-08-03T19:39:48,abdulllahh._1,unfollowed,Unfollow confirmation clicked.
2026-08-03T19:39:52,abdullxh.satti,unfollowed,Unfollow confirmation clicked.
2026-08-03T19:39:59,abdulmoizkhan.1,error,"Timed out: Message: 
Stacktrace:
	chromedriver!GetHandleVerifier [0x7ff75b87e1b5+153f5]
	chromedriver!GetHandleVerifier [0x7ff75b87e210+15450]
	chromedriver!(No symbol) [0x7ff75b3b5bbd]
	chromedriver!(No symbol) [0x7ff75b41108d]
	chromedriver!(No symbol) [0x7ff75b41138c]
	chromedriver!(No symbol) [0x7ff75b461c27]
	chromedriver!(No symbol) [0x7ff75b45e7eb]
	chromedriver!(No symbol) [0x7ff75b40361c]
	chromedriver!(No symbol) [0x7ff75b404543]
	chromedriver!GetHandleVerifier [0x7ff75be49791+5e09d1]
	chromedriver!GetHandleVerifier [0x7ff75be43b3b+5dad7b]
	chromedriver!GetHandleVerifier [0x7ff75be69315+600555]
	chromedriver!GetHandleVerifier [0x7ff75b89bf5e+3319e]
	chromedriver!GetHandleVerifier [0x7ff75b8a474c+3b98c]
	chromedriver!GetHandleVerifier [0x7ff75b888284+1f4c4]
	chromedriver!GetHandleVerifier [0x7ff75b888414+1f654]
	chromedriver!GetHandleVerifier [0x7ff75b86b0a7+22e7]
	KERNEL32!BaseThreadInitThunk [0x7ffdcb77ccb7+17]
	ntdll!RtlUserThreadStart [0x7ffdcc9591cc+2c]
"
2026-08-03T19:40:06,abdulmusavirwardak_07,error,"Timed out: Message: 
Stacktrace:
	chromedriver!GetHandleVerifier [0x7ff75b87e1b5+153f5]
	chromedriver!GetHandleVerifier [0x7ff75b87e210+15450]
	chromedriver!(No symbol) [0x7ff75b3b5bbd]
	chromedriver!(No symbol) [0x7ff75b41108d]
	chromedriver!(No symbol) [0x7ff75b41138c]
	chromedriver!(No symbol) [0x7ff75b461c27]
	chromedriver!(No symbol) [0x7ff75b45e7eb]
	chromedriver!(No symbol) [0x7ff75b40361c]
	chromedriver!(No symbol) [0x7ff75b404543]
	chromedriver!GetHandleVerifier [0x7ff75be49791+5e09d1]
	chromedriver!GetHandleVerifier [0x7ff75be43b3b+5dad7b]
	chromedriver!GetHandleVerifier [0x7ff75be69315+600555]
	chromedriver!GetHandleVerifier [0x7ff75b89bf5e+3319e]
	chromedriver!GetHandleVerifier [0x7ff75b8a474c+3b98c]
	chromedriver!GetHandleVerifier [0x7ff75b888284+1f4c4]
	chromedriver!GetHandleVerifier [0x7ff75b888414+1f654]
	chromedriver!GetHandleVerifier [0x7ff75b86b0a7+22e7]
	KERNEL32!BaseThreadInitThunk [0x7ffdcb77ccb7+17]
	ntdll!RtlUserThreadStart [0x7ffdcc9591cc+2c]
"
2026-08-03T19:40:14,abdulqadir77993,error,"Timed out: Message: 
Stacktrace:
	chromedriver!GetHandleVerifier [0x7ff75b87e1b5+153f5]
	chromedriver!GetHandleVerifier [0x7ff75b87e210+15450]
	chromedriver!(No symbol) [0x7ff75b3b5bbd]
	chromedriver!(No symbol) [0x7ff75b41108d]
	chromedriver!(No symbol) [0x7ff75b41138c]
	chromedriver!(No symbol) [0x7ff75b461c27]
	chromedriver!(No symbol) [0x7ff75b45e7eb]
	chromedriver!(No symbol) [0x7ff75b40361c]
	chromedriver!(No symbol) [0x7ff75b404543]
	chromedriver!GetHandleVerifier [0x7ff75be49791+5e09d1]
	chromedriver!GetHandleVerifier [0x7ff75be43b3b+5dad7b]
	chromedriver!GetHandleVerifier [0x7ff75be69315+600555]
	chromedriver!GetHandleVerifier [0x7ff75b89bf5e+3319e]
	chromedriver!GetHandleVerifier [0x7ff75b8a474c+3b98c]
	chromedriver!GetHandleVerifier [0x7ff75b888284+1f4c4]
	chromedriver!GetHandleVerifier [0x7ff75b888414+1f654]
	chromedriver!GetHandleVerifier [0x7ff75b86b0a7+22e7]
	KERNEL32!BaseThreadInitThunk [0x7ffdcb77ccb7+17]
	ntdll!RtlUserThreadStart [0x7ffdcc9591cc+2c]
"
2026-08-03T19:40:21,abdulrafay_325,error,"Timed out: Message: 
Stacktrace:
	chromedriver!GetHandleVerifier [0x7ff75b87e1b5+153f5]
	chromedriver!GetHandleVerifier [0x7ff75b87e210+15450]
	chromedriver!(No symbol) [0x7ff75b3b5bbd]
	chromedriver!(No symbol) [0x7ff75b41108d]
	chromedriver!(No symbol) [0x7ff75b41138c]
	chromedriver!(No symbol) [0x7ff75b461c27]
	chromedriver!(No symbol) [0x7ff75b45e7eb]
	chromedriver!(No symbol) [0x7ff75b40361c]
	chromedriver!(No symbol) [0x7ff75b404543]
	chromedriver!GetHandleVerifier [0x7ff75be49791+5e09d1]
	chromedriver!GetHandleVerifier [0x7ff75be43b3b+5dad7b]
	chromedriver!GetHandleVerifier [0x7ff75be69315+600555]
	chromedriver!GetHandleVerifier [0x7ff75b89bf5e+3319e]
	chromedriver!GetHandleVerifier [0x7ff75b8a474c+3b98c]
	chromedriver!GetHandleVerifier [0x7ff75b888284+1f4c4]
	chromedriver!GetHandleVerifier [0x7ff75b888414+1f654]
	chromedriver!GetHandleVerifier [0x7ff75b86b0a7+22e7]
	KERNEL32!BaseThreadInitThunk [0x7ffdcb77ccb7+17]
	ntdll!RtlUserThreadStart [0x7ffdcc9591cc+2c]
"
2026-08-03T19:40:26,abdulrehmanshamsi54,unfollowed,Unfollow confirmation clicked.
2026-08-03T19:40:29,abdurehman_naviwala,unfollowed,Unfollow confirmation clicked.
2026-08-03T19:40:32,abdvlrafay,unfollowed,Unfollow confirmation clicked.
2026-08-03T19:40:39,abeeha.79,not_found,Instagram reported that this profile is unavailable.
2026-08-03T19:40:41,abeeha.baig,unfollowed,Unfollow confirmation clicked.
2026-08-03T19:40:48,abeerayeshaaa,following_not_visible,Could not find a visible Following button.
2026-08-03T19:40:51,abeerrraa_,unfollowed,Unfollow confirmation clicked.
2026-08-03T19:40:54,abh.ehehe,unfollowed,Unfollow confirmation clicked.
2026-08-03T19:40:57,abihaabbasz,unfollowed,Unfollow confirmation clicked.
2026-08-03T19:40:59,abihaha._,unfollowed,Unfollow confirmation clicked.
2026-08-03T19:41:02,abirahmad1234567,unfollowed,Unfollow confirmation clicked.
2026-08-03T19:41:04,aboywithlov3,unfollowed,Unfollow confirmation clicked.
2026-08-03T19:41:07,abqadeerwako,unfollowed,Unfollow confirmation clicked.
2026-08-03T19:41:09,abroaesthetic,unfollowed,Unfollow confirmation clicked.
2026-08-03T19:41:12,absarshahid95gmail.com1,unfollowed,Unfollow confirmation clicked.
2026-08-03T19:41:19,abuhuraira.ch,following_not_visible,Could not find a visible Following button.
2026-08-03T19:41:21,abzah._,unfollowed,Unfollow confirmation clicked.
2026-08-03T19:41:24,adam.ldnx,unfollowed,Unfollow confirmation clicked.
2026-08-03T19:41:28,adeelkhan.4921,unfollowed,Unfollow confirmation clicked.
2026-08-03T19:41:31,adell.alzoubii,unfollowed,Unfollow confirmation clicked.
2026-08-03T19:41:33,adham_zia,unfollowed,Unfollow confirmation clicked.
2026-08-03T19:41:36,adibariaz2,unfollowed,Unfollow confirmation clicked.
2026-08-03T19:41:39,adil.badshah.545402,unfollowed,Unfollow confirmation clicked.
2026-08-03T19:41:41,adilfareed208,unfollowed,Unfollow confirmation clicked.
2026-08-03T19:41:44,adnan_lawrance,unfollowed,Unfollow confirmation clicked.
2026-08-03T19:41:50,adnanali10x,following_not_visible,Could not find a visible Following button.
2026-08-03T19:41:52,adnanhaider9387,unfollowed,Unfollow confirmation clicked.
2026-08-03T19:41:55,adnaynn,unfollowed,Unfollow confirmation clicked.
2026-08-03T19:41:58,adornbyamina,unfollowed,Unfollow confirmation clicked.
2026-08-03T19:42:00,adv_lubnakakar,unfollowed,Unfollow confirmation clicked.
2026-08-03T19:42:03,aemall.__,unfollowed,Unfollow confirmation clicked.
2026-08-03T19:42:06,aestheticx_choudhry,unfollowed,Unfollow confirmation clicked.
2026-08-03T19:42:08,afaaqehmad6,unfollowed,Unfollow confirmation clicked.
2026-08-03T19:42:11,afaq.haider9,unfollowed,Unfollow confirmation clicked.
2026-08-03T19:42:13,afaq__111,unfollowed,Unfollow confirmation clicked.
2026-08-03T19:42:16,afaq_ashraf333,unfollowed,Unfollow confirmation clicked.
2026-08-03T19:42:19,affanbinmuhammad,unfollowed,Unfollow confirmation clicked.
2026-08-03T19:42:22,afnan.saeed94,unfollowed,Unfollow confirmation clicked.
2026-08-03T19:42:25,afnuzm,unfollowed,Unfollow confirmation clicked.
2026-08-03T19:42:27,afraaz_._,unfollowed,Unfollow confirmation clicked.
2026-08-03T19:42:30,afrenchfrywithacamera,unfollowed,Unfollow confirmation clicked.
2026-08-03T19:42:34,afridi_kazi07,unfollowed,Unfollow confirmation clicked.
2026-08-03T19:42:36,afsar_ahmad1713,unfollowed,Unfollow confirmation clicked.
2026-08-03T19:42:38,afsuntanyq,unfollowed,Unfollow confirmation clicked.
2026-08-03T19:42:41,afzal_khan2789,unfollowed,Unfollow confirmation clicked.
2026-08-03T19:42:44,afzalhk3,unfollowed,Unfollow confirmation clicked.
2026-08-03T19:42:46,agent_abed,unfollowed,Unfollow confirmation clicked.
2026-08-03T19:42:49,aghashehroz,unfollowed,Unfollow confirmation clicked.
2026-08-03T19:42:52,ahahahahad_,unfollowed,Unfollow confirmation clicked.
2026-08-03T19:42:55,aham_antevasin,unfollowed,Unfollow confirmation clicked.
2026-08-03T19:42:58,ahmad._.gill,unfollowed,Unfollow confirmation clicked.
2026-08-03T19:43:00,ahmad.creat,unfollowed,Unfollow confirmation clicked.
2026-08-03T19:43:03,ahmad_mujtaba_666,unfollowed,Unfollow confirmation clicked.
2026-08-03T19:43:06,ahmad_naeem_242,unfollowed,Unfollow confirmation clicked.
2026-08-03T19:43:09,ahmad_naveeed,unfollowed,Unfollow confirmation clicked.
2026-08-03T19:43:13,ahmad_pervaiz0,unfollowed,Unfollow confirmation clicked.
2026-08-03T19:43:15,ahmad_satti.777,unfollowed,Unfollow confirmation clicked.
2026-08-03T19:43:18,ahmadarif8136,unfollowed,Unfollow confirmation clicked.
2026-08-03T19:43:21,ahmadferozz_,unfollowed,Unfollow confirmation clicked.
2026-08-03T19:43:27,ahmadjangram,following_not_visible,Could not find a visible Following button.
2026-08-03T19:43:30,ahmadjaved.1,unfollowed,Unfollow confirmation clicked.
2026-08-03T19:43:33,ahmadraza4211,unfollowed,Unfollow confirmation clicked.
2026-08-03T19:43:36,ahmadsuhaib935,unfollowed,Unfollow confirmation clicked.
2026-08-03T19:43:39,ahmed.ali7906,unfollowed,Unfollow confirmation clicked.
2026-08-03T19:43:41,ahmed.raww,unfollowed,Unfollow confirmation clicked.
2026-08-03T19:43:48,ahmed_134568643_76__7,not_found,Instagram reported that this profile is unavailable.
2026-08-03T19:43:54,ahmed_hunyawrr_,not_found,Instagram reported that this profile is unavailable.
2026-08-03T19:43:56,ahmed_satti.1,unfollowed,Unfollow confirmation clicked.
2026-08-03T19:43:59,ahmedd.rza,unfollowed,Unfollow confirmation clicked.
2026-08-03T19:44:01,ahmedspaamm______,unfollowed,Unfollow confirmation clicked.
2026-08-03T19:44:04,ahmii0078961,unfollowed,Unfollow confirmation clicked.
2026-08-03T19:44:06,ahmiimuq,unfollowed,Unfollow confirmation clicked.
2026-08-03T19:44:09,ahs4n.1,unfollowed,Unfollow confirmation clicked.
2026-08-03T19:44:12,ahsaan_ul_hassan1,unfollowed,Unfollow confirmation clicked.
2026-08-03T19:44:15,ahsan._._.50,unfollowed,Unfollow confirmation clicked.
2026-08-03T19:44:22,ahsan._1012,following_not_visible,Could not find a visible Following button.
2026-08-03T19:44:25,ahsan.naqvii,unfollowed,Unfollow confirmation clicked.
2026-08-03T19:44:28,ahsanaslam40,unfollowed,Unfollow confirmation clicked.
2026-08-03T19:44:31,ahsankx.10,unfollowed,Unfollow confirmation clicked.
2026-08-03T19:44:34,aijaz_khaskhely,unfollowed,Unfollow confirmation clicked.
2026-08-03T19:44:37,aijazfahad,unfollowed,Unfollow confirmation clicked.
2026-08-03T19:44:40,aiman._fr,unfollowed,Unfollow confirmation clicked.
2026-08-03T19:44:43,aimanmanzoorrr,unfollowed,Unfollow confirmation clicked.
2026-08-03T19:44:45,aimeaiwoman26,unfollowed,Unfollow confirmation clicked.
2026-08-03T19:44:49,aimenabbasy,unfollowed,Unfollow confirmation clicked.
2026-08-03T19:44:55,aimenarshaaad,following_not_visible,Could not find a visible Following button.
2026-08-03T19:44:57,aimennnnnnnnnn__,unfollowed,Unfollow confirmation clicked.
2026-08-03T19:45:00,aimsvariant,unfollowed,Unfollow confirmation clicked.
2026-08-03T19:45:02,aitsam_aston,unfollowed,Unfollow confirmation clicked.
2026-08-03T19:45:06,ajju_0453,unfollowed,Unfollow confirmation clicked.
2026-08-03T19:45:09,ak99.7m,unfollowed,Unfollow confirmation clicked.
2026-08-03T19:45:12,ak_htar8143,unfollowed,Unfollow confirmation clicked.
2026-08-03T19:45:15,ak_sunshinee,unfollowed,Unfollow confirmation clicked.
2026-08-03T19:45:17,ak_umair_,unfollowed,Unfollow confirmation clicked.
2026-08-03T19:45:23,akber.hussain,following_not_visible,Could not find a visible Following button.
2026-08-03T19:45:26,aksganguly,unfollowed,Unfollow confirmation clicked.
2026-08-03T19:45:29,alampanah555,unfollowed,Unfollow confirmation clicked.
2026-08-03T19:45:32,albarakzii,unfollowed,Unfollow confirmation clicked.
2026-08-03T19:45:38,alee._72,not_found,Instagram reported that this profile is unavailable.
2026-08-03T19:45:41,alee.zulf786,unfollowed,Unfollow confirmation clicked.
2026-08-03T19:45:43,alee_malik5,unfollowed,Unfollow confirmation clicked.
2026-08-03T19:45:46,aleeboy_46,unfollowed,Unfollow confirmation clicked.
2026-08-03T19:45:49,aleeeesha_izzaa.7,unfollowed,Unfollow confirmation clicked.
2026-08-03T19:45:52,aleeena.raza,unfollowed,Unfollow confirmation clicked.
2026-08-03T19:45:55,aleenaqureshiii,unfollowed,Unfollow confirmation clicked.
2026-08-03T19:45:58,aleezatahirr,unfollowed,Unfollow confirmation clicked.
2026-08-03T19:46:01,aleezeehhh,unfollowed,Unfollow confirmation clicked.
2026-08-03T19:46:04,ali._.awann7,unfollowed,Unfollow confirmation clicked.
2026-08-03T19:46:06,ali._.shah_00,unfollowed,Unfollow confirmation clicked.
2026-08-03T19:46:09,ali.__.malik01,unfollowed,Unfollow confirmation clicked.
2026-08-03T19:46:12,ali.ansari94,unfollowed,Unfollow confirmation clicked.
2026-08-03T19:46:15,ali.haiiderrr,unfollowed,Unfollow confirmation clicked.
2026-08-03T19:46:19,ali.hassan61,unfollowed,Unfollow confirmation clicked.
2026-08-03T19:46:25,ali.iiiiiiiii_,not_found,Instagram reported that this profile is unavailable.
2026-08-03T19:46:27,ali_abbsi_47,unfollowed,Unfollow confirmation clicked.
2026-08-03T19:46:30,ali_ahmed_badar,unfollowed,Unfollow confirmation clicked.
2026-08-03T19:46:32,ali_chaudhary_001,unfollowed,Unfollow confirmation clicked.
2026-08-03T19:46:35,ali_husnain_1824,unfollowed,Unfollow confirmation clicked.
2026-08-03T19:46:41,aliabbaskhvn,following_not_visible,Could not find a visible Following button.
2026-08-03T19:46:44,aliaxghar._.official,unfollowed,Unfollow confirmation clicked.
2026-08-03T19:46:46,alifsworld__,unfollowed,Unfollow confirmation clicked.
2026-08-03T19:46:49,aliharoonch,unfollowed,Unfollow confirmation clicked.
2026-08-03T19:46:51,alihussnain.x,unfollowed,Unfollow confirmation clicked.
2026-08-03T19:46:54,aliiha_shah,unfollowed,Unfollow confirmation clicked.
2026-08-03T19:46:56,alijutt_official_01,unfollowed,Unfollow confirmation clicked.
2026-08-03T19:46:59,alims.world,unfollowed,Unfollow confirmation clicked.
2026-08-03T19:47:01,alin.yle51214,unfollowed,Unfollow confirmation clicked.
2026-08-03T19:47:04,alishbaalibaksh,unfollowed,Unfollow confirmation clicked.
2026-08-03T19:47:06,alishbahshafaqat,unfollowed,Unfollow confirmation clicked.
2026-08-03T19:47:09,alishbaimran437,unfollowed,Unfollow confirmation clicked.
2026-08-03T19:47:12,alishbakhanum_24,unfollowed,Unfollow confirmation clicked.
2026-08-03T19:47:14,alishbasmedgram,unfollowed,Unfollow confirmation clicked.
2026-08-03T19:47:16,alishbaziia,unfollowed,Unfollow confirmation clicked.
2026-08-03T19:47:23,aliveoffitcial,following_not_visible,Could not find a visible Following button.
2026-08-03T19:47:25,aliya215653,unfollowed,Unfollow confirmation clicked.
2026-08-03T19:47:28,aliyah_chaudhry56,unfollowed,Unfollow confirmation clicked.
2026-08-03T19:47:31,alizafatima2350,unfollowed,Unfollow confirmation clicked.
2026-08-03T19:47:33,alizay_kashif00,unfollowed,Unfollow confirmation clicked.
2026-08-03T19:47:36,alizayy_.official,unfollowed,Unfollow confirmation clicked.
2026-08-03T19:47:39,alizey2487,unfollowed,Unfollow confirmation clicked.
2026-08-03T19:47:41,allabouttoobs,unfollowed,Unfollow confirmation clicked.
2026-08-03T19:47:47,allan_consorcio_especialista,not_found,Instagram reported that this profile is unavailable.
2026-08-03T19:47:51,allegedly.ali,unfollowed,Unfollow confirmation clicked.
2026-08-03T19:47:57,alloflaiba,not_found,Instagram reported that this profile is unavailable.
2026-08-03T19:48:00,altafmuhammadowais,unfollowed,Unfollow confirmation clicked.
2026-08-03T19:48:06,altinkiz_111111,not_found,Instagram reported that this profile is unavailable.
2026-08-03T19:48:10,alvinnn._0,unfollowed,Unfollow confirmation clicked.
2026-08-03T19:48:13,alwayshigh._.xx,unfollowed,Unfollow confirmation clicked.
2026-08-03T19:48:16,alwaysmoizsatti,unfollowed,Unfollow confirmation clicked.
2026-08-03T19:48:19,aly.080,unfollowed,Unfollow confirmation clicked.
2026-08-03T19:48:22,alypachec0,unfollowed,Unfollow confirmation clicked.
2026-08-03T19:48:25,am.i.haiqakhalidkhan,unfollowed,Unfollow confirmation clicked.
2026-08-03T19:48:28,amaadkhan_,unfollowed,Unfollow confirmation clicked.
2026-08-03T19:48:35,amaanhussain.th,following_not_visible,Could not find a visible Following button.
2026-08-03T19:48:37,amaankhan1k,unfollowed,Unfollow confirmation clicked.
2026-08-03T19:48:44,amaankhawajaa,following_not_visible,Could not find a visible Following button.
2026-08-03T19:48:46,amaima_rind_bloch,unfollowed,Unfollow confirmation clicked.
2026-08-03T19:48:49,amaniahzahid,unfollowed,Unfollow confirmation clicked.
2026-08-03T19:48:52,ambivertchef,unfollowed,Unfollow confirmation clicked.
2026-08-03T19:48:54,ambreen_realtor,unfollowed,Unfollow confirmation clicked.
2026-08-03T19:48:57,ambreenk0,unfollowed,Unfollow confirmation clicked.
2026-08-03T19:49:00,ambreenshah.12,unfollowed,Unfollow confirmation clicked.
2026-08-03T19:49:02,ameemography,unfollowed,Unfollow confirmation clicked.
2026-08-03T19:49:05,ameersultan2011,unfollowed,Unfollow confirmation clicked.
2026-08-03T19:49:07,amelia642474,unfollowed,Unfollow confirmation clicked.
2026-08-03T19:49:11,aminasheikh._,unfollowed,Unfollow confirmation clicked.
2026-08-03T19:49:14,amirmashal7,unfollowed,Unfollow confirmation clicked.
2026-08-03T19:49:17,amirrhamza11,unfollowed,Unfollow confirmation clicked.
2026-08-03T19:49:20,amli_kamli,unfollowed,Unfollow confirmation clicked.
2026-08-03T19:49:23,ammar_____asif,unfollowed,Unfollow confirmation clicked.
2026-08-03T19:49:26,ammar_gondal1x,unfollowed,Unfollow confirmation clicked.
2026-08-03T19:49:28,ammara.hadia,unfollowed,Unfollow confirmation clicked.
2026-08-03T19:49:31,ammara_khan003,unfollowed,Unfollow confirmation clicked.
2026-08-03T19:49:34,ammarah_sheikh28,unfollowed,Unfollow confirmation clicked.
2026-08-03T19:49:37,ammarbinzahid,unfollowed,Unfollow confirmation clicked.
2026-08-03T19:49:40,amna.iqbal98,unfollowed,Unfollow confirmation clicked.
2026-08-03T19:49:43,amna_ashfaq01,unfollowed,Unfollow confirmation clicked.
2026-08-03T19:49:46,amna_sal_,unfollowed,Unfollow confirmation clicked.
2026-08-03T19:49:49,amna_syed_official,unfollowed,Unfollow confirmation clicked.
2026-08-03T19:49:53,amnaa_.khann,unfollowed,Unfollow confirmation clicked.
2026-08-03T19:49:56,amnaaahassan,unfollowed,Unfollow confirmation clicked.
2026-08-03T19:50:00,amnaashraf.k,unfollowed,Unfollow confirmation clicked.
2026-08-03T19:50:02,amnamasood_,unfollowed,Unfollow confirmation clicked.
2026-08-03T19:50:05,amnartified,unfollowed,Unfollow confirmation clicked.
2026-08-03T19:50:08,amnas.gallerie,unfollowed,Unfollow confirmation clicked.
2026-08-03T19:50:11,amnas__gallery,unfollowed,Unfollow confirmation clicked.
2026-08-03T19:50:15,amnashpati,unfollowed,Unfollow confirmation clicked.
2026-08-03T19:50:19,amnasiddiqui10,unfollowed,Unfollow confirmation clicked.
2026-08-03T19:50:21,amnasyedd,unfollowed,Unfollow confirmation clicked.
2026-08-03T19:50:25,amnesiac_dude,unfollowed,Unfollow confirmation clicked.
2026-08-03T19:50:28,amoongeorgegeorge,unfollowed,Unfollow confirmation clicked.
2026-08-03T19:50:31,amy.p05,unfollowed,Unfollow confirmation clicked.
2026-08-03T19:50:34,an_alifbrands,unfollowed,Unfollow confirmation clicked.
2026-08-03T19:50:37,anah_._._,unfollowed,Unfollow confirmation clicked.
2026-08-03T19:50:40,anand_1995_kurubas,unfollowed,Unfollow confirmation clicked.
2026-08-03T19:50:44,anas._.pr1v,unfollowed,Unfollow confirmation clicked.
2026-08-03T19:50:46,anas.asghar01,unfollowed,Unfollow confirmation clicked.
2026-08-03T19:50:48,anas1373ali,unfollowed,Unfollow confirmation clicked.
2026-08-03T19:50:52,anas_cenimatics886,unfollowed,Unfollow confirmation clicked.
2026-08-03T19:50:54,anasoreoo,unfollowed,Unfollow confirmation clicked.
2026-08-03T19:50:56,anassaleembaig,unfollowed,Unfollow confirmation clicked.
2026-08-03T19:50:59,anassmunirrr,unfollowed,Unfollow confirmation clicked.
2026-08-03T19:51:02,anasss.x,unfollowed,Unfollow confirmation clicked.
2026-08-03T19:51:05,anayaa__malikk,unfollowed,Unfollow confirmation clicked.
2026-08-03T19:51:08,anayaaaah_,unfollowed,Unfollow confirmation clicked.
2026-08-03T19:51:11,andrea_jaden_11,unfollowed,Unfollow confirmation clicked.
2026-08-03T19:51:13,aniisaa_brh,unfollowed,Unfollow confirmation clicked.
2026-08-03T19:51:16,anikatasnim440,unfollowed,Unfollow confirmation clicked.
2026-08-03T19:51:19,anjumakbar16,unfollowed,Unfollow confirmation clicked.
2026-08-03T19:51:21,ankiitkgupta,unfollowed,Unfollow confirmation clicked.
2026-08-03T19:51:24,annezaali_1,unfollowed,Unfollow confirmation clicked.
2026-08-03T19:51:27,anniekhanzadi_official,unfollowed,Unfollow confirmation clicked.
2026-08-03T19:51:31,annsrehmanfilms_,unfollowed,Unfollow confirmation clicked.
2026-08-03T19:51:33,annussabir,unfollowed,Unfollow confirmation clicked.
2026-08-03T19:51:36,annv.xoxo,unfollowed,Unfollow confirmation clicked.
2026-08-03T19:51:39,anooshdraftss,unfollowed,Unfollow confirmation clicked.
2026-08-03T19:51:42,ansa_sabine,unfollowed,Unfollow confirmation clicked.
2026-08-03T19:51:45,anshbayanareels,unfollowed,Unfollow confirmation clicked.
2026-08-03T19:51:48,anshul_gupta9,unfollowed,Unfollow confirmation clicked.
2026-08-03T19:51:51,anshumanbaghell,unfollowed,Unfollow confirmation clicked.
2026-08-03T19:51:54,anumyaar,unfollowed,Unfollow confirmation clicked.
2026-08-03T19:51:57,anushatjanjua,unfollowed,Unfollow confirmation clicked.
2026-08-03T19:52:00,anushaykhan0_,unfollowed,Unfollow confirmation clicked.
2026-08-03T19:52:02,anwaralisiqa,unfollowed,Unfollow confirmation clicked.
2026-08-03T19:52:05,anywayz_abdul,unfollowed,Unfollow confirmation clicked.
2026-08-03T19:52:07,anzela_batool,unfollowed,Unfollow confirmation clicked.
2026-08-03T19:52:11,ao_wn15,unfollowed,Unfollow confirmation clicked.
2026-08-03T19:52:13,aoun_bhatti1,unfollowed,Unfollow confirmation clicked.
2026-08-03T19:52:16,aounzee_1,unfollowed,Unfollow confirmation clicked.
2026-08-03T19:52:19,aqeel_ur_rahmann,unfollowed,Unfollow confirmation clicked.
2026-08-03T19:52:22,aqib_gill_,unfollowed,Unfollow confirmation clicked.
2026-08-03T19:52:25,aradhiyakhan_official,unfollowed,Unfollow confirmation clicked.
2026-08-03T19:52:28,arafatyasir313,unfollowed,Unfollow confirmation clicked.
2026-08-03T19:52:31,arain_zuhaib_197,unfollowed,Unfollow confirmation clicked.
2026-08-03T19:52:33,arbab064,unfollowed,Unfollow confirmation clicked.
2026-08-03T19:52:36,arbab__hussain,unfollowed,Unfollow confirmation clicked.
2026-08-03T19:52:39,arbabdanish6__,unfollowed,Unfollow confirmation clicked.
2026-08-03T19:52:41,arbishehehe,unfollowed,Unfollow confirmation clicked.
2026-08-03T19:52:44,areeb_asad,unfollowed,Unfollow confirmation clicked.
2026-08-03T19:52:47,areeba.__.asif,unfollowed,Unfollow confirmation clicked.
2026-08-03T19:52:50,areeba_nadeem234,unfollowed,Unfollow confirmation clicked.
2026-08-03T19:52:53,areebaamateenn,unfollowed,Unfollow confirmation clicked.
2026-08-03T19:52:56,arehman_28,unfollowed,Unfollow confirmation clicked.
2026-08-03T19:52:59,arfathforgsu,unfollowed,Unfollow confirmation clicked.
2026-08-03T19:53:01,arhaan_star,unfollowed,Unfollow confirmation clicked.
2026-08-03T19:53:04,arham_aly.07,unfollowed,Unfollow confirmation clicked.
2026-08-03T19:53:06,arhamali1743,unfollowed,Unfollow confirmation clicked.
2026-08-03T19:53:09,arhambajwaa,unfollowed,Unfollow confirmation clicked.
2026-08-03T19:53:12,arhanali45727,unfollowed,Unfollow confirmation clicked.
2026-08-03T19:53:15,arisha_fhm,unfollowed,Unfollow confirmation clicked.
2026-08-03T19:53:22,arishalam,following_not_visible,Could not find a visible Following button.
2026-08-03T19:53:28,armadillo.8764115,not_found,Instagram reported that this profile is unavailable.
2026-08-03T19:53:31,arooba.atiff,unfollowed,Unfollow confirmation clicked.
2026-08-03T19:53:34,aroojkhan.11,unfollowed,Unfollow confirmation clicked.
2026-08-03T19:53:37,aroox97,unfollowed,Unfollow confirmation clicked.
2026-08-03T19:53:40,aroushblog,unfollowed,Unfollow confirmation clicked.
2026-08-03T19:53:43,arphotographs,unfollowed,Unfollow confirmation clicked.
2026-08-03T19:53:45,arpi_blogss,unfollowed,Unfollow confirmation clicked.
2026-08-03T19:53:48,arsalan.tanwari,unfollowed,Unfollow confirmation clicked.
2026-08-03T19:53:51,arsalanrana_here,unfollowed,Unfollow confirmation clicked.
2026-08-03T19:53:54,arshadahmad_17,unfollowed,Unfollow confirmation clicked.
2026-08-03T19:53:56,arshiearchives,unfollowed,Unfollow confirmation clicked.
2026-08-03T19:53:59,arslan_kh4n,unfollowed,Unfollow confirmation clicked.
2026-08-03T19:54:02,arslankhalid007,unfollowed,Unfollow confirmation clicked.
2026-08-03T19:54:05,arslankhanmukhtazai,unfollowed,Unfollow confirmation clicked.
2026-08-03T19:54:08,art_blogs_,unfollowed,Unfollow confirmation clicked.
2026-08-03T19:54:11,artbyhaseeb,unfollowed,Unfollow confirmation clicked.
2026-08-03T19:54:18,artbysaadii,following_not_visible,Could not find a visible Following button.
2026-08-03T19:54:21,artistsmuse_,unfollowed,Unfollow confirmation clicked.
2026-08-03T19:54:23,artjola_official_003,unfollowed,Unfollow confirmation clicked.
2026-08-03T19:54:26,artsybymnq,unfollowed,Unfollow confirmation clicked.
2026-08-03T19:54:28,arwattoo2,unfollowed,Unfollow confirmation clicked.
2026-08-03T19:54:31,aryan__uddin,unfollowed,Unfollow confirmation clicked.
2026-08-03T19:54:34,aryann__shinde,unfollowed,Unfollow confirmation clicked.
2026-08-03T19:54:37,as__sameer93,unfollowed,Unfollow confirmation clicked.
2026-08-03T19:54:40,asad_in_scotland,unfollowed,Unfollow confirmation clicked.
2026-08-03T19:54:43,asad_rd_x,unfollowed,Unfollow confirmation clicked.
2026-08-03T19:54:46,asad_ullah_209,unfollowed,Unfollow confirmation clicked.
2026-08-03T19:54:49,asadbaloch3110,unfollowed,Unfollow confirmation clicked.
2026-08-03T19:54:51,asaddmalik1,unfollowed,Unfollow confirmation clicked.
2026-08-03T19:54:55,asadjohnn,unfollowed,Unfollow confirmation clicked.
2026-08-03T19:54:58,asadullahxh,unfollowed,Unfollow confirmation clicked.
2026-08-03T19:55:02,asaprafay,unfollowed,Unfollow confirmation clicked.
2026-08-03T19:55:05,asar0030,unfollowed,Unfollow confirmation clicked.
2026-08-03T19:55:08,asfan147,unfollowed,Unfollow confirmation clicked.
2026-08-03T19:55:11,asfandkhan222,unfollowed,Unfollow confirmation clicked.
2026-08-03T19:55:14,asghar_ali_512,unfollowed,Unfollow confirmation clicked.
2026-08-03T19:55:17,ashar_.88,unfollowed,Unfollow confirmation clicked.
2026-08-03T19:55:20,asherkhann__,unfollowed,Unfollow confirmation clicked.
2026-08-03T19:55:23,ashiyaa_.6,unfollowed,Unfollow confirmation clicked.
2026-08-03T19:55:25,ashnaestates,unfollowed,Unfollow confirmation clicked.
2026-08-03T19:55:28,ashoo_ahsan,unfollowed,Unfollow confirmation clicked.
2026-08-03T19:55:31,ashuh501,unfollowed,Unfollow confirmation clicked.
2026-08-03T19:55:34,ashy_boy_ashy,unfollowed,Unfollow confirmation clicked.
2026-08-03T19:55:36,asif_bhat_mma,unfollowed,Unfollow confirmation clicked.
2026-08-03T20:00:39,asifahmad643,unfollowed,Unfollow confirmation clicked.
2026-08-03T20:00:42,asifnawaz6903,unfollowed,Unfollow confirmation clicked.
2026-08-03T20:00:45,asifur7273,unfollowed,Unfollow confirmation clicked.
2026-08-03T20:00:47,asim__husain,unfollowed,Unfollow confirmation clicked.
2026-08-03T20:00:50,asim__khan455,unfollowed,Unfollow confirmation clicked.
2026-08-03T20:00:52,asimraja292,unfollowed,Unfollow confirmation clicked.
2026-08-03T20:00:54,asmatmashwanii,unfollowed,Unfollow confirmation clicked.
2026-08-03T20:00:57,aspakkhan___,unfollowed,Unfollow confirmation clicked.
2026-08-03T20:01:00,asq_.08,unfollowed,Unfollow confirmation clicked.
2026-08-03T20:01:03,asraa.rehman,unfollowed,Unfollow confirmation clicked.
2026-08-03T20:01:10,assignment.wizard0,not_found,Instagram reported that this profile is unavailable.
2026-08-03T20:01:12,astrotea_love,unfollowed,Unfollow confirmation clicked.
2026-08-03T20:01:15,at_aziztalha,unfollowed,Unfollow confirmation clicked.
2026-08-03T20:01:18,ateebsheikh_official,unfollowed,Unfollow confirmation clicked.
2026-08-03T20:01:20,atek933,unfollowed,Unfollow confirmation clicked.
2026-08-03T20:01:23,atek_5678,unfollowed,Unfollow confirmation clicked.
2026-08-03T20:01:26,atek_haji,unfollowed,Unfollow confirmation clicked.
2026-08-03T20:01:29,atif_ahmed999,unfollowed,Unfollow confirmation clicked.
2026-08-03T20:01:31,atifansar95,unfollowed,Unfollow confirmation clicked.
2026-08-03T20:01:34,atifkaku,unfollowed,Unfollow confirmation clicked.
2026-08-03T20:01:37,atifs_gram,unfollowed,Unfollow confirmation clicked.
2026-08-03T20:01:40,atiq_ullah_10,unfollowed,Unfollow confirmation clicked.
2026-08-03T20:01:42,atixaxurrahman,unfollowed,Unfollow confirmation clicked.
2026-08-03T20:01:45,atoofakhlaque,unfollowed,Unfollow confirmation clicked.
2026-08-03T20:01:48,attawuddin,unfollowed,Unfollow confirmation clicked.
2026-08-03T20:01:54,atyabzakagondal,following_not_visible,Could not find a visible Following button.
2026-08-03T20:01:56,aura_by_elanur_,unfollowed,Unfollow confirmation clicked.
2026-08-03T20:01:59,avi_the_smarty_usa,unfollowed,Unfollow confirmation clicked.
2026-08-03T20:02:01,awais.ae_,unfollowed,Unfollow confirmation clicked.
2026-08-03T20:02:03,awais.aslam55,unfollowed,Unfollow confirmation clicked.
2026-08-03T20:02:06,awais555762,unfollowed,Unfollow confirmation clicked.
2026-08-03T20:02:09,awais_jutt_1,unfollowed,Unfollow confirmation clicked.
2026-08-03T20:02:12,awaisghani_56,unfollowed,Unfollow confirmation clicked.
2026-08-03T20:02:15,awaiskarni_,unfollowed,Unfollow confirmation clicked.
2026-08-03T20:02:18,ay._.ann,unfollowed,Unfollow confirmation clicked.
2026-08-03T20:02:20,ayaann__khann,unfollowed,Unfollow confirmation clicked.
2026-08-03T20:02:23,ayana153696,unfollowed,Unfollow confirmation clicked.
2026-08-03T20:02:29,ayankhan009853,not_found,Instagram reported that this profile is unavailable.
2026-08-03T20:02:32,ayat_aftab06,unfollowed,Unfollow confirmation clicked.
2026-08-03T20:02:34,aycars.ae,unfollowed,Unfollow confirmation clicked.
2026-08-03T20:02:37,ayesh._.aa,unfollowed,Unfollow confirmation clicked.
2026-08-03T20:02:39,ayesha.chaudhrii,unfollowed,Unfollow confirmation clicked.
2026-08-03T20:02:42,ayesha_.saddiqa,unfollowed,Unfollow confirmation clicked.
2026-08-03T20:02:44,ayeshah_aq04,unfollowed,Unfollow confirmation clicked.
2026-08-03T20:02:47,ayesharkk,unfollowed,Unfollow confirmation clicked.
2026-08-03T20:02:50,ayeshayusufk,unfollowed,Unfollow confirmation clicked.
2026-08-03T20:02:53,ayeshheyy_.20,unfollowed,Unfollow confirmation clicked.
2026-08-03T20:02:55,ayeshy2.0,unfollowed,Unfollow confirmation clicked.
2026-08-03T20:02:58,ayeza_a56,unfollowed,Unfollow confirmation clicked.
2026-08-03T20:03:01,ayezahfaizanelahi,unfollowed,Unfollow confirmation clicked.
2026-08-03T20:03:04,aylazainabkazmi,unfollowed,Unfollow confirmation clicked.
2026-08-03T20:03:07,aymann_.kamal,unfollowed,Unfollow confirmation clicked.
2026-08-03T20:03:09,aymii68,unfollowed,Unfollow confirmation clicked.
2026-08-03T20:03:12,ayna.sulaiman,unfollowed,Unfollow confirmation clicked.
2026-08-03T20:03:15,aysegul_sunar,unfollowed,Unfollow confirmation clicked.
2026-08-03T20:03:18,ayshaimrn,unfollowed,Unfollow confirmation clicked.
2026-08-03T20:03:20,ayushsinghal4895,unfollowed,Unfollow confirmation clicked.
2026-08-03T20:03:23,ayyeshak_,unfollowed,Unfollow confirmation clicked.
2026-08-03T20:03:29,ayzalnut,not_found,Instagram reported that this profile is unavailable.
2026-08-03T20:03:32,ayzazanab,unfollowed,Unfollow confirmation clicked.
2026-08-03T20:03:34,azan045,unfollowed,Unfollow confirmation clicked.
2026-08-03T20:03:37,azan_mughal96,unfollowed,Unfollow confirmation clicked.
2026-08-03T20:03:43,azeemsaeed911,following_not_visible,Could not find a visible Following button.
2026-08-03T20:03:46,azhan_shaikh.x,unfollowed,Unfollow confirmation clicked.
2026-08-03T20:03:48,azkanoor877,unfollowed,Unfollow confirmation clicked.
2026-08-03T20:03:51,azkproductionoffical,unfollowed,Unfollow confirmation clicked.
2026-08-03T20:03:54,azmeer_khan_yusufzai,unfollowed,Unfollow confirmation clicked.
2026-08-03T20:03:57,azzam.kun777,unfollowed,Unfollow confirmation clicked.
2026-08-03T20:04:00,baa.mry,unfollowed,Unfollow confirmation clicked.
2026-08-03T20:04:03,babar_junejo786,unfollowed,Unfollow confirmation clicked.
2026-08-03T20:04:06,badakhshi_hunyar,unfollowed,Unfollow confirmation clicked.
2026-08-03T20:04:09,baddieeeecore,unfollowed,Unfollow confirmation clicked.
2026-08-03T20:04:12,baddieworld7_,unfollowed,Unfollow confirmation clicked.
2026-08-03T20:04:14,badersatti.satti.3,unfollowed,Unfollow confirmation clicked.
2026-08-03T20:04:17,badger.6073498,unfollowed,Unfollow confirmation clicked.
2026-08-03T20:04:20,bahtti271,unfollowed,Unfollow confirmation clicked.
2026-08-03T20:04:26,bajwazohaib753,following_not_visible,Could not find a visible Following button.
2026-08-03T20:04:29,bakhtsays__,unfollowed,Unfollow confirmation clicked.
2026-08-03T20:04:35,balochiblues,not_found,Instagram reported that this profile is unavailable.
2026-08-03T20:04:38,banker_on_ride,unfollowed,Unfollow confirmation clicked.
2026-08-03T20:04:41,bardhanrayaparna,unfollowed,Unfollow confirmation clicked.
2026-08-03T20:04:43,bareeqahaq,unfollowed,Unfollow confirmation clicked.
2026-08-03T20:04:48,barkeeeeewho,unfollowed,Unfollow confirmation clicked.
2026-08-03T20:04:50,basharat_khn,unfollowed,Unfollow confirmation clicked.
2026-08-03T20:04:53,basil._shahhh,unfollowed,Unfollow confirmation clicked.
2026-08-03T20:04:56,basill_x,unfollowed,Unfollow confirmation clicked.
2026-08-03T20:04:59,bassskarnainaaa_,unfollowed,Unfollow confirmation clicked.
2026-08-03T20:05:01,batoolfatimablog,unfollowed,Unfollow confirmation clicked.
2026-08-03T20:05:04,batoolfatimashemsii,unfollowed,Unfollow confirmation clicked.
2026-08-03T20:05:07,baymissal,unfollowed,Unfollow confirmation clicked.
2026-08-03T20:05:10,bebablogs,unfollowed,Unfollow confirmation clicked.
2026-08-03T20:05:13,bebobloggss,unfollowed,Unfollow confirmation clicked.
2026-08-03T20:05:16,behlulhaznedar_ziyagil1,unfollowed,Unfollow confirmation clicked.
2026-08-03T20:05:19,beloveddurray,unfollowed,Unfollow confirmation clicked.
2026-08-03T20:05:21,beltsemarungausko,unfollowed,Unfollow confirmation clicked.
2026-08-03T20:05:24,berretto19,unfollowed,Unfollow confirmation clicked.
2026-08-03T20:05:27,berry_thrift_0,unfollowed,Unfollow confirmation clicked.
2026-08-03T20:05:29,bh_dalwani,unfollowed,Unfollow confirmation clicked.
2026-08-03T20:05:32,bhambhaniaman,unfollowed,Unfollow confirmation clicked.
2026-08-03T20:05:35,biaa_blogs10,unfollowed,Unfollow confirmation clicked.
2026-08-03T20:05:38,biiaa.archives,unfollowed,Unfollow confirmation clicked.
2026-08-03T20:05:44,bilal.muzaffar,following_not_visible,Could not find a visible Following button.
2026-08-03T20:05:47,bilal_anwar05,unfollowed,Unfollow confirmation clicked.
2026-08-03T20:05:50,bilal_kiing,unfollowed,Unfollow confirmation clicked.
2026-08-03T20:05:54,bilal_nadeem9999,unfollowed,Unfollow confirmation clicked.
2026-08-03T20:06:00,bilal_umar1,not_found,Instagram reported that this profile is unavailable.
2026-08-03T20:06:03,bilalburki_,unfollowed,Unfollow confirmation clicked.
2026-08-03T20:06:05,bilalkhokhar296,unfollowed,Unfollow confirmation clicked.
2026-08-03T20:06:08,bilalnasir75,unfollowed,Unfollow confirmation clicked.
2026-08-03T20:06:14,bilalnasirr,following_not_visible,Could not find a visible Following button.
2026-08-03T20:06:17,bilalsiddiqui_89,unfollowed,Unfollow confirmation clicked.
2026-08-03T20:06:22,biryanimeinelaichi_,unfollowed,Unfollow confirmation clicked.
2026-08-03T20:06:29,bismahkh4n,not_found,Instagram reported that this profile is unavailable.
2026-08-03T20:06:31,bismakhann0,unfollowed,Unfollow confirmation clicked.
2026-08-03T20:06:34,bismeneha00,unfollowed,Unfollow confirmation clicked.
2026-08-03T20:06:36,bit._.crazyyy,unfollowed,Unfollow confirmation clicked.
2026-08-03T20:06:38,bkonlyy__,unfollowed,Unfollow confirmation clicked.
2026-08-03T20:06:41,bkr_bakers,unfollowed,Unfollow confirmation clicked.
2026-08-03T20:06:43,blogs_with_fatima67,unfollowed,Unfollow confirmation clicked.
2026-08-03T20:06:46,blogsbyareebaa,unfollowed,Unfollow confirmation clicked.
2026-08-03T20:06:49,blogsbyasrn,unfollowed,Unfollow confirmation clicked.
2026-08-03T20:06:52,bn643747,unfollowed,Unfollow confirmation clicked.
2026-08-03T20:06:55,bo7sain5050,unfollowed,Unfollow confirmation clicked.
2026-08-03T20:07:01,bodrul.islam23,following_not_visible,Could not find a visible Following button.
2026-08-03T20:07:04,bonalisa__,unfollowed,Unfollow confirmation clicked.
2026-08-03T20:07:11,bottomkarachi_,not_found,Instagram reported that this profile is unavailable.
2026-08-03T20:07:14,brandthrifts2024,unfollowed,Unfollow confirmation clicked.
2026-08-03T20:07:17,bravoroger261,unfollowed,Unfollow confirmation clicked.
2026-08-03T20:07:20,brownziex,unfollowed,Unfollow confirmation clicked.
2026-08-03T20:07:23,brutal_foodie,unfollowed,Unfollow confirmation clicked.
2026-08-03T20:07:26,bts51491,unfollowed,Unfollow confirmation clicked.
2026-08-03T20:07:29,btw__asad,unfollowed,Unfollow confirmation clicked.
2026-08-03T20:07:32,btw_itsfaizi.02,unfollowed,Unfollow confirmation clicked.
2026-08-03T20:07:38,btw_mir1,not_found,Instagram reported that this profile is unavailable.
2026-08-03T20:07:41,btw_urwaazz,unfollowed,Unfollow confirmation clicked.
2026-08-03T20:07:44,bubufaisal,unfollowed,Unfollow confirmation clicked.
2026-08-03T20:07:47,bunnytales.81,unfollowed,Unfollow confirmation clicked.
2026-08-03T20:07:50,burhan_98,unfollowed,Unfollow confirmation clicked.
2026-08-03T20:07:53,burhan_uddin_124,unfollowed,Unfollow confirmation clicked.
2026-08-03T20:07:55,burhanakbar._,unfollowed,Unfollow confirmation clicked.
2026-08-03T20:07:58,bushra.sethiii,unfollowed,Unfollow confirmation clicked.
2026-08-03T20:08:01,butibuychhotabhai,unfollowed,Unfollow confirmation clicked.
2026-08-03T20:08:05,butterfly.1.12,unfollowed,Unfollow confirmation clicked.
2026-08-03T20:08:07,bxbydoll__.786,unfollowed,Unfollow confirmation clicked.
2026-08-03T20:08:10,bxneey_02,unfollowed,Unfollow confirmation clicked.
2026-08-03T20:08:12,by.fatimakhaan,unfollowed,Unfollow confirmation clicked.
2026-08-03T20:08:15,by.hamzasheikh,unfollowed,Unfollow confirmation clicked.
2026-08-03T20:08:17,by.hudakhan,unfollowed,Unfollow confirmation clicked.
2026-08-03T20:08:21,by.laylak,unfollowed,Unfollow confirmation clicked.
2026-08-03T20:08:25,by.suraiba,unfollowed,Unfollow confirmation clicked.
2026-08-03T20:08:28,byherr._,unfollowed,Unfollow confirmation clicked.
2026-08-03T20:08:31,bytayaba_,unfollowed,Unfollow confirmation clicked.
2026-08-03T20:08:34,cakhanzada,unfollowed,Unfollow confirmation clicked.
2026-08-03T20:08:40,call_me_faissu,following_not_visible,Could not find a visible Following button.
2026-08-03T20:08:43,callmemrbadass_,unfollowed,Unfollow confirmation clicked.
2026-08-03T20:08:46,cana_saeed,unfollowed,Unfollow confirmation clicked.
2026-08-03T20:08:49,cantbedeeya.__,unfollowed,Unfollow confirmation clicked.
2026-08-03T20:08:51,cardioselective1,unfollowed,Unfollow confirmation clicked.
2026-08-03T20:08:54,catalystpr_47,unfollowed,Unfollow confirmation clicked.
2026-08-03T20:09:01,ceeee666,following_not_visible,Could not find a visible Following button.
2026-08-03T20:09:04,ch_abdulrehman.gujjar,unfollowed,Unfollow confirmation clicked.
2026-08-03T20:09:08,ch_girl.007,unfollowed,Unfollow confirmation clicked.
2026-08-03T20:09:11,ch_humna786,unfollowed,Unfollow confirmation clicked.
2026-08-03T20:09:14,ch_mudassar_gujjar333,unfollowed,Unfollow confirmation clicked.
2026-08-03T20:09:17,ch_rohan,unfollowed,Unfollow confirmation clicked.
2026-08-03T20:09:20,ch_shahzainali_2616,unfollowed,Unfollow confirmation clicked.
2026-08-03T20:09:23,ch_sohaib_asghar,unfollowed,Unfollow confirmation clicked.
2026-08-03T20:09:25,chaahatt__,unfollowed,Unfollow confirmation clicked.
2026-08-03T20:09:28,chalanthoun,unfollowed,Unfollow confirmation clicked.
2026-08-03T20:09:31,chali_0099,unfollowed,Unfollow confirmation clicked.
2026-08-03T20:09:33,chaos.in.a.life,unfollowed,Unfollow confirmation clicked.
2026-08-03T20:09:36,chartswithhina,unfollowed,Unfollow confirmation clicked.
2026-08-03T20:09:39,chatpatibaddiewfreakyantics,unfollowed,Unfollow confirmation clicked.
2026-08-03T20:09:42,chattherapist.b,unfollowed,Unfollow confirmation clicked.
2026-08-03T20:09:44,chaudhary___717,unfollowed,Unfollow confirmation clicked.
2026-08-03T20:09:47,chaudhary_abdullah_67,unfollowed,Unfollow confirmation clicked.
2026-08-03T20:09:51,chaudharysaadd,unfollowed,Unfollow confirmation clicked.
2026-08-03T20:09:54,chaudheryusama.official,unfollowed,Unfollow confirmation clicked.
2026-08-03T20:09:56,chauhansubarna,unfollowed,Unfollow confirmation clicked.
2026-08-03T20:09:59,chaynika_sharma,unfollowed,Unfollow confirmation clicked.
2026-08-03T20:10:02,cheetayyy,unfollowed,Unfollow confirmation clicked.
2026-08-03T20:10:06,chef_aleehakhann,unfollowed,Unfollow confirmation clicked.
2026-08-03T20:10:08,chef_hassanjafri89,unfollowed,Unfollow confirmation clicked.
2026-08-03T20:10:11,chelseaa.117,unfollowed,Unfollow confirmation clicked.
2026-08-03T20:10:14,cherryycolaacoree,unfollowed,Unfollow confirmation clicked.
2026-08-03T20:10:17,chew.with.chums,unfollowed,Unfollow confirmation clicked.
2026-08-03T20:10:20,chitralisaughat,unfollowed,Unfollow confirmation clicked.
2026-08-03T20:10:23,chohann1.0,unfollowed,Unfollow confirmation clicked.
2026-08-03T20:10:29,christina294610,not_found,Instagram reported that this profile is unavailable.
2026-08-03T20:10:32,chsaleem2251,unfollowed,Unfollow confirmation clicked.
2026-08-03T20:10:35,cipherspamzz,unfollowed,Unfollow confirmation clicked.
2026-08-03T20:10:37,clickwith_mee,unfollowed,Unfollow confirmation clicked.
2026-08-03T20:10:44,clny.sfz,not_found,Instagram reported that this profile is unavailable.
2026-08-03T20:10:46,cma_dental_hospital,unfollowed,Unfollow confirmation clicked.
2026-08-03T20:10:50,colleyen,unfollowed,Unfollow confirmation clicked.
2026-08-03T20:10:52,commandokhan5,unfollowed,Unfollow confirmation clicked.
2026-08-03T20:10:55,consandcons._,unfollowed,Unfollow confirmation clicked.
2026-08-03T20:10:58,contentby_haya,unfollowed,Unfollow confirmation clicked.
2026-08-03T20:11:01,cookwitheisha,unfollowed,Unfollow confirmation clicked.
2026-08-03T20:11:03,coolesttusernme,unfollowed,Unfollow confirmation clicked.
2026-08-03T20:11:06,cornelious_robert,unfollowed,Unfollow confirmation clicked.
2026-08-03T20:11:12,craftistic1,unfollowed,Unfollow confirmation clicked.
2026-08-03T20:11:15,cronaldo07174,unfollowed,Unfollow confirmation clicked.
2026-08-03T20:11:17,cutte_404,unfollowed,Unfollow confirmation clicked.
2026-08-03T20:11:20,cw_supernatural,unfollowed,Unfollow confirmation clicked.
2026-08-03T20:11:23,cyrus_baghdadi,unfollowed,Unfollow confirmation clicked.
2026-08-03T20:11:25,daigenclothing,unfollowed,Unfollow confirmation clicked.
2026-08-03T20:11:28,danial_khan27,unfollowed,Unfollow confirmation clicked.
2026-08-03T20:11:31,danial_syed7,unfollowed,Unfollow confirmation clicked.
2026-08-03T20:11:34,danibhai8930,unfollowed,Unfollow confirmation clicked.
2026-08-03T20:11:37,daniiyal.761,unfollowed,Unfollow confirmation clicked.
2026-08-03T20:11:40,daniyal.bhatti.10441,unfollowed,Unfollow confirmation clicked.
2026-08-03T20:11:47,daniyal_amjad66,following_not_visible,Could not find a visible Following button.
2026-08-03T20:11:49,daniyal_zeb_khan,unfollowed,Unfollow confirmation clicked.
2026-08-03T20:11:52,danmglam,unfollowed,Unfollow confirmation clicked.
2026-08-03T20:11:54,dany.rajput,unfollowed,Unfollow confirmation clicked.
2026-08-03T20:11:57,dark_eyez_16,unfollowed,Unfollow confirmation clicked.
2026-08-03T20:12:00,darshan.lad.3363,unfollowed,Unfollow confirmation clicked.
2026-08-03T20:12:03,dastaanearsiee_,unfollowed,Unfollow confirmation clicked.
2026-08-03T20:12:06,dastanbyhasaan._,unfollowed,Unfollow confirmation clicked.
2026-08-03T20:12:08,daud.chd,unfollowed,Unfollow confirmation clicked.
2026-08-03T20:12:11,dawood_mustafaaa,unfollowed,Unfollow confirmation clicked.
2026-08-03T20:12:14,dax_dx143,unfollowed,Unfollow confirmation clicked.
2026-08-03T20:12:17,day_dreamer_1213,unfollowed,Unfollow confirmation clicked.
2026-08-03T20:12:20,dayyan.777,unfollowed,Unfollow confirmation clicked.
2026-08-03T20:12:23,deardesignsco,unfollowed,Unfollow confirmation clicked.
2026-08-03T20:12:26,dee.archivess,unfollowed,Unfollow confirmation clicked.
2026-08-03T20:12:29,deebaaae,unfollowed,Unfollow confirmation clicked.
2026-08-03T20:12:31,deejora_,unfollowed,Unfollow confirmation clicked.
2026-08-03T20:12:34,delulu.ashcore,unfollowed,Unfollow confirmation clicked.
2026-08-03T20:12:37,delulu_gunjann,unfollowed,Unfollow confirmation clicked.
2026-08-03T20:12:40,deno_scindia,unfollowed,Unfollow confirmation clicked.
2026-08-03T20:12:43,desibettyboop,unfollowed,Unfollow confirmation clicked.
2026-08-03T20:12:45,dev.istani,unfollowed,Unfollow confirmation clicked.
2026-08-03T20:12:48,dgafshiekh__,unfollowed,Unfollow confirmation clicked.
2026-08-03T20:12:51,dhill0n_huni,unfollowed,Unfollow confirmation clicked.
2026-08-03T20:12:54,diariesofmylifee,unfollowed,Unfollow confirmation clicked.
2026-08-03T20:12:57,dil_toota_h,unfollowed,Unfollow confirmation clicked.
2026-08-03T20:12:59,dilli_se_ashish,unfollowed,Unfollow confirmation clicked.
2026-08-03T20:13:02,diva_45851,unfollowed,Unfollow confirmation clicked.
2026-08-03T20:13:05,divasfaction,unfollowed,Unfollow confirmation clicked.
2026-08-03T20:13:07,doc.awais,unfollowed,Unfollow confirmation clicked.
2026-08-03T20:13:10,doctor_ki_reels,unfollowed,Unfollow confirmation clicked.
2026-08-03T20:13:13,don_pablo_1122,unfollowed,Unfollow confirmation clicked.
2026-08-03T20:13:15,doraa_a666,unfollowed,Unfollow confirmation clicked.
2026-08-03T20:13:18,dr._.sk_,unfollowed,Unfollow confirmation clicked.
2026-08-03T20:13:21,dr.asmaashabbir,unfollowed,Unfollow confirmation clicked.
2026-08-03T20:13:23,dr.bilalahmad594,unfollowed,Unfollow confirmation clicked.
2026-08-03T20:13:26,dr.filzahanwar,unfollowed,Unfollow confirmation clicked.
2026-08-03T20:13:29,dr.mahenoor91,unfollowed,Unfollow confirmation clicked.
2026-08-03T20:13:32,dr.minahil_awan,unfollowed,Unfollow confirmation clicked.
2026-08-03T20:13:35,dr_amer__azhar,unfollowed,Unfollow confirmation clicked.
2026-08-03T20:13:38,dr_ayaztareen,unfollowed,Unfollow confirmation clicked.
2026-08-03T20:13:40,dr_ch_sultan_mehmood,unfollowed,Unfollow confirmation clicked.
2026-08-03T20:13:43,dr_mmbk,unfollowed,Unfollow confirmation clicked.
2026-08-03T20:13:45,dr_naimat.khan,unfollowed,Unfollow confirmation clicked.
2026-08-03T20:13:47,dr_rajesh_kumar_rk,unfollowed,Unfollow confirmation clicked.
2026-08-03T20:13:50,dr_shazia_hussain,unfollowed,Unfollow confirmation clicked.
2026-08-03T20:13:53,dr_suffyan_ijaz,unfollowed,Unfollow confirmation clicked.
2026-08-03T20:13:56,dradi09,unfollowed,Unfollow confirmation clicked.
2026-08-03T20:13:59,drattiqa.wellnesshub,unfollowed,Unfollow confirmation clicked.
2026-08-03T20:14:03,drhajrahere,unfollowed,Unfollow confirmation clicked.
2026-08-03T20:14:06,drhsshaikh,unfollowed,Unfollow confirmation clicked.
2026-08-03T20:14:09,drosh9896,unfollowed,Unfollow confirmation clicked.
2026-08-03T20:14:13,droshinn_guesthouse,unfollowed,Unfollow confirmation clicked.
2026-08-03T20:14:16,drtailadiaries,unfollowed,Unfollow confirmation clicked.
2026-08-03T20:14:18,dt__amna_riaz,unfollowed,Unfollow confirmation clicked.
2026-08-03T20:14:21,dubai.lad,unfollowed,Unfollow confirmation clicked.
2026-08-03T20:14:24,dubaibyzeeshan,unfollowed,Unfollow confirmation clicked.
2026-08-03T20:14:26,dureadanwaqaskhan,unfollowed,Unfollow confirmation clicked.
2026-08-03T20:14:29,duroodddd,unfollowed,Unfollow confirmation clicked.
2026-08-03T20:14:32,e_hamidi12,unfollowed,Unfollow confirmation clicked.
2026-08-03T20:14:35,ebaad___awan,unfollowed,Unfollow confirmation clicked.
2026-08-03T20:14:38,ediex_offcial,unfollowed,Unfollow confirmation clicked.
2026-08-03T20:14:40,editbymerry,unfollowed,Unfollow confirmation clicked.
2026-08-03T20:14:43,edwarde_college11,unfollowed,Unfollow confirmation clicked.
2026-08-03T20:14:46,ehfaz_khan_,unfollowed,Unfollow confirmation clicked.
2026-08-03T20:14:49,ehtesham.ofc,unfollowed,Unfollow confirmation clicked.
2026-08-03T20:14:52,ehtisham___raja,unfollowed,Unfollow confirmation clicked.
2026-08-03T20:14:55,eishay.y,unfollowed,Unfollow confirmation clicked.
2026-08-03T20:14:58,elarisbyss,unfollowed,Unfollow confirmation clicked.
2026-08-03T20:15:01,elevated.muse,unfollowed,Unfollow confirmation clicked.
2026-08-03T20:15:04,eliteconceptual,unfollowed,Unfollow confirmation clicked.
2026-08-03T20:15:07,elitewristco,unfollowed,Unfollow confirmation clicked.
2026-08-03T20:15:10,ellydarlyn__,unfollowed,Unfollow confirmation clicked.
2026-08-03T20:15:14,ema_n.18,unfollowed,Unfollow confirmation clicked.
2026-08-03T20:15:17,emaan.samani,unfollowed,Unfollow confirmation clicked.
2026-08-03T20:15:21,emaanaijazkhan,unfollowed,Unfollow confirmation clicked.
2026-08-03T20:15:24,emaanraajput,unfollowed,Unfollow confirmation clicked.
2026-08-03T20:15:26,eman1231963,unfollowed,Unfollow confirmation clicked.
2026-08-03T20:15:29,emanaslam.ae,unfollowed,Unfollow confirmation clicked.
2026-08-03T20:15:31,emanawan1,unfollowed,Unfollow confirmation clicked.
2026-08-03T20:15:34,emaniiyaa,unfollowed,Unfollow confirmation clicked.
2026-08-03T20:15:37,emankulfi,unfollowed,Unfollow confirmation clicked.
2026-08-03T20:15:42,emannfatimaa99,unfollowed,Unfollow confirmation clicked.
2026-08-03T20:15:45,emii6753,unfollowed,Unfollow confirmation clicked.
2026-08-03T20:15:48,emna.khalid,unfollowed,Unfollow confirmation clicked.
2026-08-03T20:15:53,engineerproperties,unfollowed,Unfollow confirmation clicked.
2026-08-03T20:15:56,engrbhatti80,unfollowed,Unfollow confirmation clicked.
2026-08-03T20:15:58,error_r007,unfollowed,Unfollow confirmation clicked.
2026-08-03T20:16:05,esha_sheikh._,not_found,Instagram reported that this profile is unavailable.
2026-08-03T20:16:09,eshaislamm,unfollowed,Unfollow confirmation clicked.
2026-08-03T20:16:12,eshanshgurjar,unfollowed,Unfollow confirmation clicked.
2026-08-03T20:16:15,eskhan714,unfollowed,Unfollow confirmation clicked.
2026-08-03T20:16:18,essakhan.swati,unfollowed,Unfollow confirmation clicked.
2026-08-03T20:16:20,essaorakzai,unfollowed,Unfollow confirmation clicked.
2026-08-03T20:16:23,evaaa.g__,unfollowed,Unfollow confirmation clicked.
2026-08-03T20:16:26,everythingaboutherwords,unfollowed,Unfollow confirmation clicked.
2026-08-03T20:16:29,exe_ahad.11,unfollowed,Unfollow confirmation clicked.
2026-08-03T20:16:32,explore_with_nida,unfollowed,Unfollow confirmation clicked.
2026-08-03T20:16:36,explorewithaashii,unfollowed,Unfollow confirmation clicked.
2026-08-03T20:16:39,f1rstog,unfollowed,Unfollow confirmation clicked.
2026-08-03T20:16:43,f_haider_210,unfollowed,Unfollow confirmation clicked.
2026-08-03T20:16:46,fa.m.m.y,unfollowed,Unfollow confirmation clicked.
2026-08-03T20:16:49,faadii1713,unfollowed,Unfollow confirmation clicked.
2026-08-03T20:16:51,faatimahrind,unfollowed,Unfollow confirmation clicked.
2026-08-03T20:16:54,fabbas_0.5,unfollowed,Unfollow confirmation clicked.
2026-08-03T20:16:57,faded_soul8989,unfollowed,Unfollow confirmation clicked.
2026-08-03T20:17:00,fading9800,unfollowed,Unfollow confirmation clicked.
2026-08-03T20:17:03,fah33mz,unfollowed,Unfollow confirmation clicked.
2026-08-03T20:17:05,fahad.dewan.311,unfollowed,Unfollow confirmation clicked.
2026-08-03T20:17:08,fahad.farhat,unfollowed,Unfollow confirmation clicked.
2026-08-03T20:17:11,fahad.nasir.7798,unfollowed,Unfollow confirmation clicked.
2026-08-03T20:17:14,fahad47928,unfollowed,Unfollow confirmation clicked.
2026-08-03T20:17:17,fahad_rajpoot_official,unfollowed,Unfollow confirmation clicked.
2026-08-03T20:17:21,faham_rauf_10,unfollowed,Unfollow confirmation clicked.
2026-08-03T20:17:27,faheeem.shahzad,following_not_visible,Could not find a visible Following button.
2026-08-03T20:17:30,faiqchaudhary_,unfollowed,Unfollow confirmation clicked.
2026-08-03T20:17:34,faisal_abbas404,unfollowed,Unfollow confirmation clicked.
2026-08-03T20:17:36,faiz_batool0,unfollowed,Unfollow confirmation clicked.
2026-08-03T20:17:40,faiza_khann38,unfollowed,Unfollow confirmation clicked.
2026-08-03T20:17:43,faizaeducationcounselor,unfollowed,Unfollow confirmation clicked.
2026-08-03T20:17:45,faizancrjr07,unfollowed,Unfollow confirmation clicked.
2026-08-03T20:17:49,faizanhayat,unfollowed,Unfollow confirmation clicked.
2026-08-03T20:17:52,faizanmalik1092,unfollowed,Unfollow confirmation clicked.
2026-08-03T20:17:56,faizantanveer325,unfollowed,Unfollow confirmation clicked.
2026-08-03T20:17:58,faizarahim12,unfollowed,Unfollow confirmation clicked.
2026-08-03T20:18:05,faizawan548,not_found,Instagram reported that this profile is unavailable.
2026-08-03T20:18:08,faizi.vibe,unfollowed,Unfollow confirmation clicked.
2026-08-03T20:18:14,faizmustafa_,following_not_visible,Could not find a visible Following button.
2026-08-03T20:18:17,faizurrehman,unfollowed,Unfollow confirmation clicked.
2026-08-03T20:18:20,fajjjrr._,unfollowed,Unfollow confirmation clicked.
2026-08-03T20:18:22,fakhrayasmeen101,unfollowed,Unfollow confirmation clicked.
2026-08-03T20:18:25,fakihaabid8,unfollowed,Unfollow confirmation clicked.
2026-08-03T20:18:27,falakmeymon,unfollowed,Unfollow confirmation clicked.
2026-08-03T20:18:30,fanisha265,unfollowed,Unfollow confirmation clicked.
2026-08-03T20:18:33,fantasy__potter,unfollowed,Unfollow confirmation clicked.
2026-08-03T20:18:36,farah.khan2014,unfollowed,Unfollow confirmation clicked.
2026-08-03T20:18:38,fardeenaly_,unfollowed,Unfollow confirmation clicked.
2026-08-03T20:18:41,fareedshahzada8,unfollowed,Unfollow confirmation clicked.
2026-08-03T20:18:44,fareehayousafzaee,unfollowed,Unfollow confirmation clicked.
2026-08-03T20:18:46,fareenablogs,unfollowed,Unfollow confirmation clicked.
2026-08-03T20:18:57,farhaanistic,following_not_visible,Could not find a visible Following button.
2026-08-03T20:19:00,farhankhanzadaaa,unfollowed,Unfollow confirmation clicked.
2026-08-03T20:19:02,farheenfat1ma_,unfollowed,Unfollow confirmation clicked.
2026-08-03T20:19:05,fari_0224,unfollowed,Unfollow confirmation clicked.
2026-08-03T20:19:08,faridzaman32,unfollowed,Unfollow confirmation clicked.
2026-08-03T20:19:11,fariiiiii_iabrrr_,unfollowed,Unfollow confirmation clicked.
2026-08-03T20:19:14,farjad.r_,unfollowed,Unfollow confirmation clicked.
2026-08-03T20:19:17,faroo_08,unfollowed,Unfollow confirmation clicked.
2026-08-03T20:19:21,farooqi_ahsan_00,unfollowed,Unfollow confirmation clicked.
2026-08-03T20:19:23,farrukh_khan_19,unfollowed,Unfollow confirmation clicked.
2026-08-03T20:19:26,farrukh_yar,unfollowed,Unfollow confirmation clicked.
2026-08-03T20:19:29,farrukhkhokhar_,unfollowed,Unfollow confirmation clicked.
2026-08-03T20:19:35,farrukhmaq_ch,following_not_visible,Could not find a visible Following button.
2026-08-03T20:19:38,faryal._.tajwar_,unfollowed,Unfollow confirmation clicked.
2026-08-03T20:19:41,farzeenumar1998,unfollowed,Unfollow confirmation clicked.
2026-08-03T20:19:44,faseeh_abbas05,unfollowed,Unfollow confirmation clicked.
2026-08-03T20:19:47,fashion.com2024,unfollowed,Unfollow confirmation clicked.
2026-08-03T20:19:53,fasikhn,following_not_visible,Could not find a visible Following button.
2026-08-03T20:19:55,fatianyways,unfollowed,Unfollow confirmation clicked.
2026-08-03T20:19:58,fatih1.00,unfollowed,Unfollow confirmation clicked.
2026-08-03T20:20:01,fatima.arsn,unfollowed,Unfollow confirmation clicked.
2026-08-03T20:20:04,fatima.xrrx,unfollowed,Unfollow confirmation clicked.
2026-08-03T20:20:06,fatima___6789033,unfollowed,Unfollow confirmation clicked.
2026-08-03T20:20:10,fatima__suleman__khan,unfollowed,Unfollow confirmation clicked.
2026-08-03T20:20:12,fatima_khnzd_565,unfollowed,Unfollow confirmation clicked.
2026-08-03T20:20:14,fatimaaxahid,unfollowed,Unfollow confirmation clicked.
2026-08-03T20:20:17,fatimamourapms,unfollowed,Unfollow confirmation clicked.
2026-08-03T20:20:20,fatisweet_33,unfollowed,Unfollow confirmation clicked.
2026-08-03T20:20:22,fatyyma_sheykh,unfollowed,Unfollow confirmation clicked.
2026-08-03T20:20:26,fawad8,unfollowed,Unfollow confirmation clicked.
2026-08-03T20:20:29,fayezah_khaan,unfollowed,Unfollow confirmation clicked.
2026-08-03T20:20:32,faysal_ehmad,unfollowed,Unfollow confirmation clicked.
2026-08-03T20:20:34,fazal_adnan1,unfollowed,Unfollow confirmation clicked.
2026-08-03T20:20:37,fazalfazalmola,unfollowed,Unfollow confirmation clicked.
2026-08-03T20:20:40,fazalrabicocah,unfollowed,Unfollow confirmation clicked.
2026-08-03T20:20:43,fazeennadeem_,unfollowed,Unfollow confirmation clicked.
2026-08-03T20:20:46,fazm_baig,unfollowed,Unfollow confirmation clicked.
2026-08-03T20:20:49,fccuconfessions,unfollowed,Unfollow confirmation clicked.
2026-08-03T20:20:53,ferozechaudhary,unfollowed,Unfollow confirmation clicked.
2026-08-03T20:20:59,ferozkhan177,following_not_visible,Could not find a visible Following button.
2026-08-03T20:21:02,ferozmaham,unfollowed,Unfollow confirmation clicked.
2026-08-03T20:21:04,ffaatiha._,unfollowed,Unfollow confirmation clicked.
2026-08-03T20:21:07,ffsfaari,unfollowed,Unfollow confirmation clicked.
2026-08-03T20:21:13,fi.lledwlove,following_not_visible,Could not find a visible Following button.
2026-08-03T20:21:16,fi_za2395,unfollowed,Unfollow confirmation clicked.
2026-08-03T20:21:18,fiadelys_,unfollowed,Unfollow confirmation clicked.
2026-08-03T20:21:20,fifi.tehranii,unfollowed,Unfollow confirmation clicked.
2026-08-03T20:21:23,findsabr,unfollowed,Unfollow confirmation clicked.
2026-08-03T20:21:26,fire_wolff__,unfollowed,Unfollow confirmation clicked.
2026-08-03T20:21:29,firework_seller_rawalpindi,unfollowed,Unfollow confirmation clicked.
2026-08-03T20:21:32,fit.faham,unfollowed,Unfollow confirmation clicked.
2026-08-03T20:21:34,fit_328836,unfollowed,Unfollow confirmation clicked.
2026-08-03T20:21:37,fit_freakjp,unfollowed,Unfollow confirmation clicked.
2026-08-03T20:21:40,fitandfabulous55,unfollowed,Unfollow confirmation clicked.
2026-08-03T20:21:43,fitkhano,unfollowed,Unfollow confirmation clicked.
2026-08-03T20:21:45,fitswithherr,unfollowed,Unfollow confirmation clicked.
2026-08-03T20:21:48,fiza.mustafa254,unfollowed,Unfollow confirmation clicked.
2026-08-03T20:21:51,fiza_ume0,unfollowed,Unfollow confirmation clicked.
2026-08-03T20:21:53,fizamushtaq643,unfollowed,Unfollow confirmation clicked.
2026-08-03T20:21:56,fizz_aanum,unfollowed,Unfollow confirmation clicked.
2026-08-03T20:21:58,fjaahmedx,unfollowed,Unfollow confirmation clicked.
2026-08-03T20:22:01,fl0_owery_y,unfollowed,Unfollow confirmation clicked.
2026-08-03T20:22:05,flowerknowspakistan,unfollowed,Unfollow confirmation clicked.
2026-08-03T20:22:07,flowyverse_.0,unfollowed,Unfollow confirmation clicked.
2026-08-03T20:22:10,foodmonsterr_n,unfollowed,Unfollow confirmation clicked.
2026-08-03T20:22:13,foolblyat,unfollowed,Unfollow confirmation clicked.
2026-08-03T20:22:16,fradi._.s,unfollowed,Unfollow confirmation clicked.
2026-08-03T20:22:19,framesbyabd__,unfollowed,Unfollow confirmation clicked.
2026-08-03T20:22:22,freaky.hari,unfollowed,Unfollow confirmation clicked.
2026-08-03T20:22:25,ft.emiii,unfollowed,Unfollow confirmation clicked.
2026-08-03T20:22:27,ft.laibyy,unfollowed,Unfollow confirmation clicked.
2026-08-03T20:22:30,furqan.qureshi.14,unfollowed,Unfollow confirmation clicked.
2026-08-03T20:22:32,furqann_baig,unfollowed,Unfollow confirmation clicked.
2026-08-03T20:22:35,future.cadet._,unfollowed,Unfollow confirmation clicked.
2026-08-03T20:22:38,fvtma.alam,unfollowed,Unfollow confirmation clicked.
2026-08-03T20:22:41,fwairymeii,unfollowed,Unfollow confirmation clicked.
2026-08-03T20:22:44,fyki.anabia,unfollowed,Unfollow confirmation clicked.
2026-08-03T20:22:46,gaetanoarena,unfollowed,Unfollow confirmation clicked.
2026-08-03T20:22:49,gameofthrones,unfollowed,Unfollow confirmation clicked.
2026-08-03T20:22:52,gauravmooo,unfollowed,Unfollow confirmation clicked.
2026-08-03T20:22:55,gazain_.b,unfollowed,Unfollow confirmation clicked.
2026-08-03T20:22:57,gazisumon126,unfollowed,Unfollow confirmation clicked.
2026-08-03T20:23:00,gcsagar_,unfollowed,Unfollow confirmation clicked.
2026-08-03T20:23:02,gemsgalorebyayesha,unfollowed,Unfollow confirmation clicked.
2026-08-03T20:23:05,georgeadas1108,unfollowed,Unfollow confirmation clicked.
2026-08-03T20:23:08,ghaffar.samreen,unfollowed,Unfollow confirmation clicked.
2026-08-03T20:23:11,ghanwa_ah,unfollowed,Unfollow confirmation clicked.
2026-08-03T20:23:13,ghayas.hassan,unfollowed,Unfollow confirmation clicked.
2026-08-03T20:23:16,ghazal73243,unfollowed,Unfollow confirmation clicked.
2026-08-03T20:23:19,ghouri007,unfollowed,Unfollow confirmation clicked.
2026-08-03T20:23:23,giftmart_by_muneeba,unfollowed,Unfollow confirmation clicked.
2026-08-03T20:23:26,gkrana887,unfollowed,Unfollow confirmation clicked.
2026-08-03T20:23:29,glame_bychinkiii,unfollowed,Unfollow confirmation clicked.
2026-08-03T20:23:31,glamsessionwithharshita,unfollowed,Unfollow confirmation clicked.
2026-08-03T20:23:34,glow_of_jewels,unfollowed,Unfollow confirmation clicked.
2026-08-03T20:23:37,glowdaisy_diee,unfollowed,Unfollow confirmation clicked.
2026-08-03T20:23:40,glowwith____me,unfollowed,Unfollow confirmation clicked.
2026-08-03T20:23:43,glxyyy_.rose_,unfollowed,Unfollow confirmation clicked.
2026-08-03T20:23:49,goldenwolf2499,not_found,Instagram reported that this profile is unavailable.
2026-08-03T20:23:53,golulabana,unfollowed,Unfollow confirmation clicked.
2026-08-03T20:23:59,goodguywidflaws,not_found,Instagram reported that this profile is unavailable.
2026-08-03T20:24:02,gotandmore,unfollowed,Unfollow confirmation clicked.
2026-08-03T20:24:05,gp.auraa,unfollowed,Unfollow confirmation clicked.
2026-08-03T20:24:07,greentape3,unfollowed,Unfollow confirmation clicked.
2026-08-03T20:24:10,greenwichvibes,unfollowed,Unfollow confirmation clicked.
2026-08-03T20:24:13,grindwithumar,unfollowed,Unfollow confirmation clicked.
2026-08-03T20:24:16,growwithahmadshah,unfollowed,Unfollow confirmation clicked.
2026-08-03T20:24:19,gul_barkat,unfollowed,Unfollow confirmation clicked.
2026-08-03T20:24:22,gulalai.irl,unfollowed,Unfollow confirmation clicked.
2026-08-03T20:24:25,gulfam_saddique,unfollowed,Unfollow confirmation clicked.
2026-08-03T20:24:27,gulshan.mehar,unfollowed,Unfollow confirmation clicked.
2026-08-03T20:24:30,gurlongram,unfollowed,Unfollow confirmation clicked.
2026-08-03T20:24:33,h.a.y.a__f.a.t.i.m.a,unfollowed,Unfollow confirmation clicked.
2026-08-03T20:24:35,h.aide.r_,unfollowed,Unfollow confirmation clicked.
2026-08-03T20:24:38,h.s336,unfollowed,Unfollow confirmation clicked.
2026-08-03T20:24:40,h.xk___,unfollowed,Unfollow confirmation clicked.
2026-08-03T20:24:43,h1ii.zui,unfollowed,Unfollow confirmation clicked.
2026-08-03T20:24:45,h4hanaf,unfollowed,Unfollow confirmation clicked.
2026-08-03T20:24:49,h4mdan_afridi,unfollowed,Unfollow confirmation clicked.
2026-08-03T20:24:51,h4mzakhvn,unfollowed,Unfollow confirmation clicked.
2026-08-03T20:24:58,h4seeeb_0,not_found,Instagram reported that this profile is unavailable.
2026-08-03T20:25:01,h4snain___,unfollowed,Unfollow confirmation clicked.
2026-08-03T20:25:03,h_tea.girl,unfollowed,Unfollow confirmation clicked.
2026-08-03T20:25:09,ha55anmurtaza.abbasi,following_not_visible,Could not find a visible Following button.
2026-08-03T20:25:13,hadia_khan________,unfollowed,Unfollow confirmation clicked.
2026-08-03T20:25:15,hadiyaaa_.khan,unfollowed,Unfollow confirmation clicked.
2026-08-03T20:25:18,hafizzpanjsherii,unfollowed,Unfollow confirmation clicked.
2026-08-03T20:25:21,hafsa.5.6,unfollowed,Unfollow confirmation clicked.
2026-08-03T20:25:24,hafsa_jutt74,unfollowed,Unfollow confirmation clicked.
2026-08-03T20:25:26,haiderkazmi51214,unfollowed,Unfollow confirmation clicked.
2026-08-03T20:25:29,haidermanshaa,unfollowed,Unfollow confirmation clicked.
2026-08-03T20:25:31,haj.hamid.dh,unfollowed,Unfollow confirmation clicked.
2026-08-03T20:25:38,hakanhakanergun,not_found,Instagram reported that this profile is unavailable.
2026-08-03T20:25:40,hakimullah3,unfollowed,Unfollow confirmation clicked.
2026-08-03T20:25:43,halalsaint,unfollowed,Unfollow confirmation clicked.
2026-08-03T20:25:45,hama_d8283,unfollowed,Unfollow confirmation clicked.
2026-08-03T20:25:48,hamadrehman,unfollowed,Unfollow confirmation clicked.
2026-08-03T20:25:51,hameed_.hussain,unfollowed,Unfollow confirmation clicked.
2026-08-03T20:25:54,hamidahmed3373,unfollowed,Unfollow confirmation clicked.
2026-08-03T20:25:56,hamidali9t7,unfollowed,Unfollow confirmation clicked.
2026-08-03T20:25:59,hamidshehzad,unfollowed,Unfollow confirmation clicked.
2026-08-03T20:26:02,hamm_ddann,unfollowed,Unfollow confirmation clicked.
2026-08-03T20:26:05,hammad_mughal.12,unfollowed,Unfollow confirmation clicked.
2026-08-03T20:26:08,hammadawan7858,unfollowed,Unfollow confirmation clicked.
2026-08-03T20:26:11,hammadbr1,unfollowed,Unfollow confirmation clicked.
2026-08-03T20:26:13,hammadramzan78690,unfollowed,Unfollow confirmation clicked.
2026-08-03T20:26:16,hammmad__khalid,unfollowed,Unfollow confirmation clicked.
2026-08-03T20:26:19,hamna.riazz,unfollowed,Unfollow confirmation clicked.
2026-08-03T20:54:24,hamnaa.abbasi,unfollowed,Unfollow confirmation clicked.
2026-08-03T20:54:27,hamnaayaz_,unfollowed,Unfollow confirmation clicked.
2026-08-03T20:54:33,hamnakhann._,following_not_visible,Could not find a visible Following button.
2026-08-03T20:54:36,hamnamalik_,unfollowed,Unfollow confirmation clicked.
2026-08-03T20:54:38,hamood.25_,unfollowed,Unfollow confirmation clicked.
2026-08-03T20:54:41,hamsalfaris,unfollowed,Unfollow confirmation clicked.
2026-08-03T20:54:44,hamxanotfound,unfollowed,Unfollow confirmation clicked.
2026-08-03T20:54:47,hamz_a.97,unfollowed,Unfollow confirmation clicked.
2026-08-03T20:54:49,hamza.__.haq,unfollowed,Unfollow confirmation clicked.
2026-08-03T20:54:51,hamza.khan.sherwani,unfollowed,Unfollow confirmation clicked.
2026-08-03T20:54:54,hamza499818,unfollowed,Unfollow confirmation clicked.
2026-08-03T20:54:56,hamza782667,unfollowed,Unfollow confirmation clicked.
2026-08-03T20:54:59,hamza_ahmer,unfollowed,Unfollow confirmation clicked.
2026-08-03T20:55:05,hamza_bisharat,following_not_visible,Could not find a visible Following button.
2026-08-03T20:55:08,hamza_in_qatar,unfollowed,Unfollow confirmation clicked.
2026-08-03T20:55:10,hamza_khan_5252,unfollowed,Unfollow confirmation clicked.
2026-08-03T20:55:16,hamza_malik101,following_not_visible,Could not find a visible Following button.
2026-08-03T20:55:19,hamza_naqviii,unfollowed,Unfollow confirmation clicked.
2026-08-03T20:55:22,hamza_rafiq00,unfollowed,Unfollow confirmation clicked.
2026-08-03T20:55:24,hamzaaliirtisam,unfollowed,Unfollow confirmation clicked.
2026-08-03T20:55:26,hamzadmaitla.252,unfollowed,Unfollow confirmation clicked.
2026-08-03T20:55:29,hamzahamzagujjar,unfollowed,Unfollow confirmation clicked.
2026-08-03T20:55:32,hamzahayyat_,unfollowed,Unfollow confirmation clicked.
2026-08-03T20:55:34,hamzakhn673,unfollowed,Unfollow confirmation clicked.
2026-08-03T20:55:36,hamzamrhh,unfollowed,Unfollow confirmation clicked.
2026-08-03T20:55:38,han_g_hasnain,unfollowed,Unfollow confirmation clicked.
2026-08-03T20:55:41,han_sa345,unfollowed,Unfollow confirmation clicked.
2026-08-03T20:55:48,hanankhann9,not_found,Instagram reported that this profile is unavailable.
2026-08-03T20:55:51,hani.rock1122,unfollowed,Unfollow confirmation clicked.
2026-08-03T20:55:53,hani1.276,unfollowed,Unfollow confirmation clicked.
2026-08-03T20:55:57,haniaeman94,unfollowed,Unfollow confirmation clicked.
2026-08-03T20:56:03,haniaqureshi02_,unfollowed,Unfollow confirmation clicked.
2026-08-03T20:56:05,hanidiaries._,unfollowed,Unfollow confirmation clicked.
2026-08-03T20:56:10,haniyayaayayaya,unfollowed,Unfollow confirmation clicked.
2026-08-03T20:56:17,hanozia_sami,unfollowed,Unfollow confirmation clicked.
2026-08-03T20:56:23,happy_drtalha,following_not_visible,Could not find a visible Following button.
2026-08-03T20:56:26,happy_soulneha,unfollowed,Unfollow confirmation clicked.
2026-08-03T20:56:29,harisabdullah2024,unfollowed,Unfollow confirmation clicked.
2026-08-03T20:56:33,harishabibyousafzai,unfollowed,Unfollow confirmation clicked.
2026-08-03T20:56:35,hariskhanx8,unfollowed,Unfollow confirmation clicked.
2026-08-03T20:56:37,harisssprivvvv,unfollowed,Unfollow confirmation clicked.
2026-08-03T20:56:40,harmain_shreefainnnn,unfollowed,Unfollow confirmation clicked.
2026-08-03T20:56:42,haroon_honey004,unfollowed,Unfollow confirmation clicked.
2026-08-03T20:56:48,haroon_nadeem11,following_not_visible,Could not find a visible Following button.
2026-08-03T20:56:51,harrey_864,unfollowed,Unfollow confirmation clicked.
2026-08-03T20:56:53,harris44418,unfollowed,Unfollow confirmation clicked.
2026-08-03T20:56:56,harrryyyzzzzz,unfollowed,Unfollow confirmation clicked.
2026-08-03T20:56:59,harshapatelll,unfollowed,Unfollow confirmation clicked.
2026-08-03T20:57:03,harysmir,unfollowed,Unfollow confirmation clicked.
2026-08-03T20:57:10,hasanpirzadaa,not_found,Instagram reported that this profile is unavailable.
2026-08-03T20:57:12,haseeb_10.0,unfollowed,Unfollow confirmation clicked.
2026-08-03T20:57:14,haseeb_ajmal_001,unfollowed,Unfollow confirmation clicked.
2026-08-03T20:57:18,haseeb_irshad4744,unfollowed,Unfollow confirmation clicked.
2026-08-03T20:57:21,hashhim.latif,unfollowed,Unfollow confirmation clicked.
2026-08-03T20:57:24,hashim_munir_7,unfollowed,Unfollow confirmation clicked.
2026-08-03T20:57:27,hashir.siddiquiii,unfollowed,Unfollow confirmation clicked.
2026-08-03T20:57:30,hashir_raza005,unfollowed,Unfollow confirmation clicked.
2026-08-03T20:57:32,hashirsatti83,unfollowed,Unfollow confirmation clicked.
2026-08-03T20:57:38,hashmat_rajpoot,following_not_visible,Could not find a visible Following button.
2026-08-03T20:57:41,hasnain_ahmadk,unfollowed,Unfollow confirmation clicked.
2026-08-03T20:57:43,hasnain_bhinder_,unfollowed,Unfollow confirmation clicked.
2026-08-03T20:57:46,hasnain_rumii,unfollowed,Unfollow confirmation clicked.
2026-08-03T20:57:49,hasnainsohrani786,unfollowed,Unfollow confirmation clicked.
2026-08-03T20:57:51,hasnat.000,unfollowed,Unfollow confirmation clicked.
2026-08-03T20:57:54,hassan_mushtaqofficial,unfollowed,Unfollow confirmation clicked.
2026-08-03T20:57:57,hassan_nisaar,unfollowed,Unfollow confirmation clicked.
2026-08-03T20:57:59,hassan_sardar_786,unfollowed,Unfollow confirmation clicked.
2026-08-03T20:58:02,hassanahmed6193,unfollowed,Unfollow confirmation clicked.
2026-08-03T20:58:04,hassanestics,unfollowed,Unfollow confirmation clicked.
2026-08-03T20:58:10,hassankhanzada__,not_found,Instagram reported that this profile is unavailable.
2026-08-03T20:58:13,hassanmughalll,unfollowed,Unfollow confirmation clicked.
2026-08-03T20:58:16,hassanshamim1,unfollowed,Unfollow confirmation clicked.
2026-08-03T20:58:23,hassanwaseem94,following_not_visible,Could not find a visible Following button.
2026-08-03T20:58:29,hasshhuuuuu,not_found,Instagram reported that this profile is unavailable.
2026-08-03T20:58:32,hassnain._.08,unfollowed,Unfollow confirmation clicked.
2026-08-03T20:58:34,hataf.s,unfollowed,Unfollow confirmation clicked.
2026-08-03T20:58:37,hatemeyy.oky,unfollowed,Unfollow confirmation clicked.
2026-08-03T20:58:40,hayse_huda,unfollowed,Unfollow confirmation clicked.
2026-08-03T20:58:42,hayyamalik._,unfollowed,Unfollow confirmation clicked.
2026-08-03T20:58:45,hazyaleee,unfollowed,Unfollow confirmation clicked.
2026-08-03T20:58:51,hd_bukhari,following_not_visible,Could not find a visible Following button.
2026-08-03T20:58:54,hebehania_,unfollowed,Unfollow confirmation clicked.
2026-08-03T20:58:56,heerani_067,unfollowed,Unfollow confirmation clicked.
2026-08-03T20:58:59,heerrpatel24,unfollowed,Unfollow confirmation clicked.
2026-08-03T20:59:01,hello_shan_to,unfollowed,Unfollow confirmation clicked.
2026-08-03T20:59:04,henna_by_hiba._x,unfollowed,Unfollow confirmation clicked.
2026-08-03T20:59:10,herprofilee,not_found,Instagram reported that this profile is unavailable.
2026-08-03T20:59:12,herra.abbasi.2025,unfollowed,Unfollow confirmation clicked.
2026-08-03T20:59:15,hey_jemmie1,unfollowed,Unfollow confirmation clicked.
2026-08-03T20:59:18,hey_there_epicurious,unfollowed,Unfollow confirmation clicked.
2026-08-03T20:59:20,heyjahanzaib,unfollowed,Unfollow confirmation clicked.
2026-08-03T20:59:22,heyleems,unfollowed,Unfollow confirmation clicked.
2026-08-03T20:59:29,hforhaider,following_not_visible,Could not find a visible Following button.
2026-08-03T20:59:31,hh__.24y,unfollowed,Unfollow confirmation clicked.
2026-08-03T20:59:33,hheerr.1,unfollowed,Unfollow confirmation clicked.
2026-08-03T20:59:36,hibazainab,unfollowed,Unfollow confirmation clicked.
2026-08-03T20:59:42,highkey_y05_af,not_found,Instagram reported that this profile is unavailable.
2026-08-03T20:59:44,highlycafffeinated,unfollowed,Unfollow confirmation clicked.
2026-08-03T20:59:47,hijabzehra.__,unfollowed,Unfollow confirmation clicked.
2026-08-03T20:59:50,hijjabspov,unfollowed,Unfollow confirmation clicked.
2026-08-03T20:59:52,hijrat503,unfollowed,Unfollow confirmation clicked.
2026-08-03T20:59:54,himi3470,unfollowed,Unfollow confirmation clicked.
2026-08-03T21:00:01,hira.afzaal_,already_unfollowed,Instagram shows Follow rather than Following.
2026-08-03T21:00:03,hoor.alin.hussain,unfollowed,Unfollow confirmation clicked.
2026-08-03T21:00:05,hoor012026,unfollowed,Unfollow confirmation clicked.
2026-08-03T21:00:08,hoorain78903,unfollowed,Unfollow confirmation clicked.
2026-08-03T21:00:10,hoore_realm,unfollowed,Unfollow confirmation clicked.
2026-08-03T21:00:13,hskfilmss,unfollowed,Unfollow confirmation clicked.
2026-08-03T21:00:15,hsyed38,unfollowed,Unfollow confirmation clicked.
2026-08-03T21:00:18,hudakathxmakeup,unfollowed,Unfollow confirmation clicked.
2026-08-03T21:00:20,humaima_khan200,unfollowed,Unfollow confirmation clicked.
2026-08-03T21:00:26,humayun_junejo,following_not_visible,Could not find a visible Following button.
2026-08-03T21:00:29,humza_fan,unfollowed,Unfollow confirmation clicked.
2026-08-03T21:00:32,hunnyr857,unfollowed,Unfollow confirmation clicked.
2026-08-03T21:00:34,huria.era,unfollowed,Unfollow confirmation clicked.
2026-08-03T21:00:36,husan.by.laam,unfollowed,Unfollow confirmation clicked.
2026-08-03T21:00:39,hushh.faa,unfollowed,Unfollow confirmation clicked.
2026-08-03T21:00:42,hussa_in.99,unfollowed,Unfollow confirmation clicked.
2026-08-03T21:00:45,hussain_ali_abbas_,unfollowed,Unfollow confirmation clicked.
2026-08-03T21:00:47,hussain_malik777,unfollowed,Unfollow confirmation clicked.
2026-08-03T21:00:49,hussainn.b,unfollowed,Unfollow confirmation clicked.
2026-08-03T21:00:52,husssinmukhtar,unfollowed,Unfollow confirmation clicked.
2026-08-03T21:00:54,huxley_mohmand.official,unfollowed,Unfollow confirmation clicked.
2026-08-03T21:00:57,huzaifa_abbasi_143,unfollowed,Unfollow confirmation clicked.
2026-08-03T21:01:00,huzaifa_satti.143,unfollowed,Unfollow confirmation clicked.
2026-08-03T21:01:03,huzaifaabbasii12,unfollowed,Unfollow confirmation clicked.
2026-08-03T21:01:06,huzaifamalak73,unfollowed,Unfollow confirmation clicked.
2026-08-03T21:01:08,huzaifamalik78,unfollowed,Unfollow confirmation clicked.
2026-08-03T21:01:10,hvk4mjb,unfollowed,Unfollow confirmation clicked.
2026-08-03T21:01:13,hvnain420,unfollowed,Unfollow confirmation clicked.
2026-08-03T21:01:15,hvseeeb,unfollowed,Unfollow confirmation clicked.
2026-08-03T21:01:18,hvzaifa_ahmed,unfollowed,Unfollow confirmation clicked.
2026-08-03T21:01:24,hwhwhumaniexx,not_found,Instagram reported that this profile is unavailable.
2026-08-03T21:01:30,hxm1d.malik._02,not_found,Instagram reported that this profile is unavailable.
2026-08-03T21:01:36,hxssxn.knight,not_found,Instagram reported that this profile is unavailable.
2026-08-03T21:01:38,i.umaimaa,unfollowed,Unfollow confirmation clicked.
2026-08-03T21:01:40,i.zayn.khan,unfollowed,Unfollow confirmation clicked.
2026-08-03T21:01:43,i4bx_ex,unfollowed,Unfollow confirmation clicked.
2026-08-03T21:01:46,i_a.m_baig,unfollowed,Unfollow confirmation clicked.
2026-08-03T21:01:48,i_ahsan_,unfollowed,Unfollow confirmation clicked.
2026-08-03T21:01:51,i_am_abubkr,unfollowed,Unfollow confirmation clicked.
2026-08-03T21:01:53,i_am_khan_lala,unfollowed,Unfollow confirmation clicked.
2026-08-03T21:01:56,i_am_kunal_verma,unfollowed,Unfollow confirmation clicked.
2026-08-03T21:01:59,i_am_sameer_46,unfollowed,Unfollow confirmation clicked.
2026-08-03T21:02:01,i_bn_sultan,unfollowed,Unfollow confirmation clicked.
2026-08-03T21:02:08,i_dr_abdi,following_not_visible,Could not find a visible Following button.
2026-08-03T21:02:10,i_m_asimmoratasherazz_9,unfollowed,Unfollow confirmation clicked.
2026-08-03T21:02:13,ialisha_khann,unfollowed,Unfollow confirmation clicked.
2026-08-03T21:02:16,iam__nauman04,unfollowed,Unfollow confirmation clicked.
2026-08-03T21:02:18,iam_mohammed.javed,unfollowed,Unfollow confirmation clicked.
2026-08-03T21:02:21,iamalijosh,unfollowed,Unfollow confirmation clicked.
2026-08-03T21:02:23,iamammmaar,unfollowed,Unfollow confirmation clicked.
2026-08-03T21:02:26,iamashadd,unfollowed,Unfollow confirmation clicked.
2026-08-03T21:02:29,iamhumzakhan,unfollowed,Unfollow confirmation clicked.
2026-08-03T21:02:31,iammoidul,unfollowed,Unfollow confirmation clicked.
2026-08-03T21:02:34,iamnainofficial,unfollowed,Unfollow confirmation clicked.
2026-08-03T21:02:37,iamonecho,unfollowed,Unfollow confirmation clicked.
2026-08-03T21:02:43,iamsaadkhan22,following_not_visible,Could not find a visible Following button.
2026-08-03T21:02:45,iamsaifulhayatt,unfollowed,Unfollow confirmation clicked.
2026-08-03T21:02:47,iamsumaiya.s,unfollowed,Unfollow confirmation clicked.
2026-08-03T21:02:50,iamsyed_alee05,unfollowed,Unfollow confirmation clicked.
2026-08-03T21:02:53,iamtuhinkhan,unfollowed,Unfollow confirmation clicked.
2026-08-03T21:02:55,iazhar__10,unfollowed,Unfollow confirmation clicked.
2026-08-03T21:03:00,ibad___68,unfollowed,Unfollow confirmation clicked.
2026-08-03T21:03:03,ibad_ur_rahman.memon,unfollowed,Unfollow confirmation clicked.
2026-08-03T21:03:06,ibbasitt,unfollowed,Unfollow confirmation clicked.
2026-08-03T21:03:12,ibn.e.saleem,following_not_visible,Could not find a visible Following button.
2026-08-03T21:03:15,ibne.fiaz,unfollowed,Unfollow confirmation clicked.
2026-08-03T21:03:17,ibrah1m_butt,unfollowed,Unfollow confirmation clicked.
2026-08-03T21:03:20,ibrahim_.xs,unfollowed,Unfollow confirmation clicked.
2026-08-03T21:03:26,ibrahim_sheikh0890,not_found,Instagram reported that this profile is unavailable.
2026-08-03T21:03:28,ibrhymx,unfollowed,Unfollow confirmation clicked.
2026-08-03T21:03:31,iconic_doc,unfollowed,Unfollow confirmation clicked.
2026-08-03T21:03:34,idawd_,unfollowed,Unfollow confirmation clicked.
2026-08-03T21:03:36,idk_imru,unfollowed,Unfollow confirmation clicked.
2026-08-03T21:03:38,idlesoul30,unfollowed,Unfollow confirmation clicked.
2026-08-03T21:03:41,iffaz_khan_09,unfollowed,Unfollow confirmation clicked.
2026-08-03T21:03:45,ig_babaop,unfollowed,Unfollow confirmation clicked.
2026-08-03T21:03:47,ig_lishy20,unfollowed,Unfollow confirmation clicked.
2026-08-03T21:03:49,ihavehugeveinyahhdihh,unfollowed,Unfollow confirmation clicked.
2026-08-03T21:03:52,ihibbaaaa.q,unfollowed,Unfollow confirmation clicked.
2026-08-03T21:03:54,ihtisham_elahiii,unfollowed,Unfollow confirmation clicked.
2026-08-03T21:03:56,ii_abk4,unfollowed,Unfollow confirmation clicked.
2026-08-03T21:03:59,ii_abs.2,unfollowed,Unfollow confirmation clicked.
2026-08-03T21:04:02,ii_fbs.1,unfollowed,Unfollow confirmation clicked.
2026-08-03T21:04:08,iii_faysal,following_not_visible,Could not find a visible Following button.
2026-08-03T21:04:10,iiqrahmahmood,unfollowed,Unfollow confirmation clicked.
2026-08-03T21:04:17,ikamesh4u,following_not_visible,Could not find a visible Following button.
2026-08-03T21:04:19,ilaraibkhan_8,unfollowed,Unfollow confirmation clicked.
2026-08-03T21:04:22,ilhamullah68,unfollowed,Unfollow confirmation clicked.
2026-08-03T21:04:24,illitaholic,unfollowed,Unfollow confirmation clicked.
2026-08-03T21:04:26,ils_dumps,unfollowed,Unfollow confirmation clicked.
2026-08-03T21:04:29,ilyasalifcps,unfollowed,Unfollow confirmation clicked.
2026-08-03T21:04:35,im342310,not_found,Instagram reported that this profile is unavailable.
2026-08-03T21:04:38,im_4bdur,unfollowed,Unfollow confirmation clicked.
2026-08-03T21:04:40,im__pihu__48,unfollowed,Unfollow confirmation clicked.
2026-08-03T21:04:44,im_abbas221,unfollowed,Unfollow confirmation clicked.
2026-08-03T21:04:46,im_chfalak_official,unfollowed,Unfollow confirmation clicked.
2026-08-03T21:04:49,im_hadi182,unfollowed,Unfollow confirmation clicked.
2026-08-03T21:04:51,im_luqman04,unfollowed,Unfollow confirmation clicked.
2026-08-03T21:04:54,im_tasir_,unfollowed,Unfollow confirmation clicked.
2026-08-03T21:04:57,imadiii225,unfollowed,Unfollow confirmation clicked.
2026-08-03T21:04:59,imalik_ahmad,unfollowed,Unfollow confirmation clicked.
2026-08-03T21:05:02,imama_alih,unfollowed,Unfollow confirmation clicked.
2026-08-03T21:05:08,imchjunaid,following_not_visible,Could not find a visible Following button.
2026-08-03T21:05:10,imehakgul,unfollowed,Unfollow confirmation clicked.
2026-08-03T21:05:13,imharisbaig,unfollowed,Unfollow confirmation clicked.
2026-08-03T21:05:15,immakmal,unfollowed,Unfollow confirmation clicked.
2026-08-03T21:05:21,immeggie_official,following_not_visible,Could not find a visible Following button.
2026-08-03T21:05:28,imohsin_aziz,following_not_visible,Could not find a visible Following button.
2026-08-03T21:05:30,impro_tick,unfollowed,Unfollow confirmation clicked.
2026-08-03T21:05:33,imrananaya71,unfollowed,Unfollow confirmation clicked.
2026-08-03T21:05:36,imrashid.12,unfollowed,Unfollow confirmation clicked.
2026-08-03T21:05:38,imshaikhyaqoob,unfollowed,Unfollow confirmation clicked.
2026-08-03T21:05:40,imuzaffarabbas,unfollowed,Unfollow confirmation clicked.
2026-08-03T21:05:43,imuzzi_muzzamil,unfollowed,Unfollow confirmation clicked.
2026-08-03T21:05:46,imvivekbhumihaar,unfollowed,Unfollow confirmation clicked.
2026-08-03T21:05:48,imxn.wh,unfollowed,Unfollow confirmation clicked.
2026-08-03T21:05:50,imzaminshah,unfollowed,Unfollow confirmation clicked.
2026-08-03T21:05:53,inaam.mughal.754,unfollowed,Unfollow confirmation clicked.
2026-08-03T21:05:55,inayatur_rahman_7,unfollowed,Unfollow confirmation clicked.
2026-08-03T21:05:57,innoxent_sani,unfollowed,Unfollow confirmation clicked.
2026-08-03T21:06:00,iqbalmalik751,unfollowed,Unfollow confirmation clicked.
2026-08-03T21:06:03,ir4mkhann,unfollowed,Unfollow confirmation clicked.
2026-08-03T21:06:05,iram.malik20,unfollowed,Unfollow confirmation clicked.
2026-08-03T21:06:08,iranafaizan,unfollowed,Unfollow confirmation clicked.
2026-08-03T21:06:11,irdrafts,unfollowed,Unfollow confirmation clicked.
2026-08-03T21:06:13,irfan.caan,unfollowed,Unfollow confirmation clicked.
2026-08-03T21:06:16,irfan_bin_amanat,unfollowed,Unfollow confirmation clicked.
2026-08-03T21:06:19,irfanah.o2,unfollowed,Unfollow confirmation clicked.
2026-08-03T21:06:21,irfanmughal697,unfollowed,Unfollow confirmation clicked.
2026-08-03T21:06:24,irha_haq,unfollowed,Unfollow confirmation clicked.
2026-08-03T21:06:26,irum.zahra,unfollowed,Unfollow confirmation clicked.
2026-08-03T21:06:28,isaiha.____143,unfollowed,Unfollow confirmation clicked.
2026-08-03T21:06:31,isaim._bhx,unfollowed,Unfollow confirmation clicked.
2026-08-03T21:06:34,isakran_nasir67,unfollowed,Unfollow confirmation clicked.
2026-08-03T21:06:37,isbfooddiaries,unfollowed,Unfollow confirmation clicked.
2026-08-03T21:06:40,ishaasuleman,unfollowed,Unfollow confirmation clicked.
2026-08-03T21:06:43,ishaqhana,unfollowed,Unfollow confirmation clicked.
2026-08-03T21:06:45,ishimla.789,unfollowed,Unfollow confirmation clicked.
2026-08-03T21:06:48,ishmalsmalikk,unfollowed,Unfollow confirmation clicked.
2026-08-03T21:06:50,ishraq__akram,unfollowed,Unfollow confirmation clicked.
2026-08-03T21:06:52,ishtiaqmobeen,unfollowed,Unfollow confirmation clicked.
2026-08-03T21:06:59,isis.osiris,following_not_visible,Could not find a visible Following button.
2026-08-03T21:07:01,islamabadvibess,unfollowed,Unfollow confirmation clicked.
2026-08-03T21:07:03,ismailrko007,unfollowed,Unfollow confirmation clicked.
2026-08-03T21:07:06,itizazlal__15,unfollowed,Unfollow confirmation clicked.
2026-08-03T21:07:09,its.hira.k,unfollowed,Unfollow confirmation clicked.
2026-08-03T21:07:11,its.nausheenn,unfollowed,Unfollow confirmation clicked.
2026-08-03T21:07:13,its.salii_,unfollowed,Unfollow confirmation clicked.
2026-08-03T21:07:16,its__me_puja,unfollowed,Unfollow confirmation clicked.
2026-08-03T21:07:19,its__rajpo0t,unfollowed,Unfollow confirmation clicked.
2026-08-03T21:07:21,its_ayeshaa57,unfollowed,Unfollow confirmation clicked.
2026-08-03T21:07:23,its_hasnainnn,unfollowed,Unfollow confirmation clicked.
2026-08-03T21:07:25,its_hassnainnnnnnnn,unfollowed,Unfollow confirmation clicked.
2026-08-03T21:07:28,its_hazel.era,unfollowed,Unfollow confirmation clicked.
2026-08-03T21:07:30,its_huda_13,unfollowed,Unfollow confirmation clicked.
2026-08-03T21:07:34,its_jn8,unfollowed,Unfollow confirmation clicked.
2026-08-03T21:07:36,its_khxnzada,unfollowed,Unfollow confirmation clicked.
2026-08-03T21:07:38,its_mubashir100,unfollowed,Unfollow confirmation clicked.
2026-08-03T21:07:41,its_reh75,unfollowed,Unfollow confirmation clicked.
2026-08-03T21:07:44,its_taj_29_,unfollowed,Unfollow confirmation clicked.
2026-08-03T21:07:50,its_umais_ch,following_not_visible,Could not find a visible Following button.
2026-08-03T21:07:53,its_zain0001_,unfollowed,Unfollow confirmation clicked.
2026-08-03T21:07:55,itsahmed_x295,unfollowed,Unfollow confirmation clicked.
2026-08-03T21:07:57,itsasadfarooq,unfollowed,Unfollow confirmation clicked.
2026-08-03T21:08:00,itsawaisss,unfollowed,Unfollow confirmation clicked.
2026-08-03T21:08:02,itsjaveriaaa_,unfollowed,Unfollow confirmation clicked.
2026-08-03T21:08:05,itsmadsheikh,unfollowed,Unfollow confirmation clicked.
2026-08-03T21:08:08,itsmalikharoon25,unfollowed,Unfollow confirmation clicked.
2026-08-03T21:08:11,itsmariyam.co,unfollowed,Unfollow confirmation clicked.
2026-08-03T21:08:13,itsmeasawirr,unfollowed,Unfollow confirmation clicked.
2026-08-03T21:08:20,itsmesam_sy,following_not_visible,Could not find a visible Following button.
2026-08-03T21:08:22,itsmominaayub,unfollowed,Unfollow confirmation clicked.
2026-08-03T21:08:24,itsrehan.official,unfollowed,Unfollow confirmation clicked.
2026-08-03T21:08:27,itsyabaddieahmad,unfollowed,Unfollow confirmation clicked.
2026-08-03T21:08:29,itsyaseerasworld,unfollowed,Unfollow confirmation clicked.
2026-08-03T21:08:32,itsydrah,unfollowed,Unfollow confirmation clicked.
2026-08-03T21:08:34,itszahra.arc,unfollowed,Unfollow confirmation clicked.
2026-08-03T21:08:37,ittaa.pov_,unfollowed,Unfollow confirmation clicked.
2026-08-03T21:08:39,itx_ahad45,unfollowed,Unfollow confirmation clicked.
2026-08-03T21:08:41,itx_arsal_7002,unfollowed,Unfollow confirmation clicked.
2026-08-03T21:08:43,itx_azan_safi,unfollowed,Unfollow confirmation clicked.
2026-08-03T21:08:46,itx_bablu__,unfollowed,Unfollow confirmation clicked.
2026-08-03T21:08:48,itx_maouz,unfollowed,Unfollow confirmation clicked.
2026-08-03T21:08:50,itx_me_aseee,unfollowed,Unfollow confirmation clicked.
2026-08-03T21:08:53,itx_owaise_67,unfollowed,Unfollow confirmation clicked.
2026-08-03T21:08:56,itx_umhee90,unfollowed,Unfollow confirmation clicked.
2026-08-03T21:08:59,itx_zohaan25,unfollowed,Unfollow confirmation clicked.
2026-08-03T21:09:01,itxdani42,unfollowed,Unfollow confirmation clicked.
2026-08-03T21:09:04,itxibad33,unfollowed,Unfollow confirmation clicked.
2026-08-03T21:09:06,itz.ishuuu_03,unfollowed,Unfollow confirmation clicked.
2026-08-03T21:09:09,itz_m00n,unfollowed,Unfollow confirmation clicked.
2026-08-03T21:09:12,itzmesibgha,unfollowed,Unfollow confirmation clicked.
2026-08-03T21:09:15,iugcs_confessions,unfollowed,Unfollow confirmation clicked.
2026-08-03T21:09:17,iuzairak,unfollowed,Unfollow confirmation clicked.
2026-08-03T21:09:19,ix_himx,unfollowed,Unfollow confirmation clicked.
2026-08-03T21:09:22,iykhaniaa,unfollowed,Unfollow confirmation clicked.
2026-08-03T21:09:24,iz_rehmanasif,unfollowed,Unfollow confirmation clicked.
2026-08-03T21:09:26,izharlal006,unfollowed,Unfollow confirmation clicked.
2026-08-03T21:09:29,izz_drafts,unfollowed,Unfollow confirmation clicked.
2026-08-03T21:09:32,j.hamza___,unfollowed,Unfollow confirmation clicked.
2026-08-03T21:09:35,j_h_o_n_990,unfollowed,Unfollow confirmation clicked.
2026-08-03T21:09:38,jaddy_khan_,unfollowed,Unfollow confirmation clicked.
2026-08-03T21:09:41,jadescore71,unfollowed,Unfollow confirmation clicked.
2026-08-03T21:09:43,jaffry_qasim,unfollowed,Unfollow confirmation clicked.
2026-08-03T21:09:45,jahan246710,unfollowed,Unfollow confirmation clicked.
2026-08-03T21:09:47,jalaisha.f,unfollowed,Unfollow confirmation clicked.
2026-08-03T21:09:50,jalaybibai,unfollowed,Unfollow confirmation clicked.
2026-08-03T21:09:56,jamayaig,following_not_visible,Could not find a visible Following button.
2026-08-03T21:09:59,jamilsiddiqui733,unfollowed,Unfollow confirmation clicked.
2026-08-03T21:10:02,jamuna_.baro,unfollowed,Unfollow confirmation clicked.
2026-08-03T21:10:05,jann.at7,unfollowed,Unfollow confirmation clicked.
2026-08-03T21:10:09,jannat.khxn2,unfollowed,Unfollow confirmation clicked.
2026-08-03T21:10:12,jasxhayer_,unfollowed,Unfollow confirmation clicked.
2026-08-03T21:10:16,jattmansoor90,unfollowed,Unfollow confirmation clicked.
2026-08-03T21:10:19,javaria_amber,unfollowed,Unfollow confirmation clicked.
2026-08-03T21:10:21,jave.riiaaa,unfollowed,Unfollow confirmation clicked.
2026-08-03T21:10:23,javed.gondal7,unfollowed,Unfollow confirmation clicked.
2026-08-03T21:10:26,javeriaa.hk,unfollowed,Unfollow confirmation clicked.
2026-08-03T21:10:29,jawad.aly.12,unfollowed,Unfollow confirmation clicked.
2026-08-03T21:10:31,jawad.khanii.315,unfollowed,Unfollow confirmation clicked.
2026-08-03T21:10:34,jawad_ansari7,unfollowed,Unfollow confirmation clicked.
2026-08-03T21:10:36,jawad_khan_292,unfollowed,Unfollow confirmation clicked.
2026-08-03T21:10:39,jawadqureshi78600,unfollowed,Unfollow confirmation clicked.
2026-08-03T21:10:41,jayesh_a_jhota07,unfollowed,Unfollow confirmation clicked.
2026-08-03T21:10:43,jazlynxcontent,unfollowed,Unfollow confirmation clicked.
2026-08-03T21:10:49,jd_chaudary,following_not_visible,Could not find a visible Following button.
2026-08-03T21:10:52,jdchuhan6,unfollowed,Unfollow confirmation clicked.
2026-08-03T21:10:58,jeeva._.ramu,not_found,Instagram reported that this profile is unavailable.
2026-08-03T21:11:01,jeevikamatlani,unfollowed,Unfollow confirmation clicked.
2026-08-03T21:11:03,jerusshha,unfollowed,Unfollow confirmation clicked.
2026-08-03T21:11:06,jiya_khann45,unfollowed,Unfollow confirmation clicked.
2026-08-03T21:11:08,jiyu2_025,unfollowed,Unfollow confirmation clicked.
2026-08-03T21:11:11,jokerkhan0344,unfollowed,Unfollow confirmation clicked.
2026-08-03T21:11:14,joshisky,unfollowed,Unfollow confirmation clicked.
2026-08-03T21:11:17,jtthanan,unfollowed,Unfollow confirmation clicked.
2026-08-03T21:11:19,jumail_s_451,unfollowed,Unfollow confirmation clicked.
2026-08-03T21:11:22,junaid_yousufibaloch,unfollowed,Unfollow confirmation clicked.
2026-08-03T21:11:24,junaidabbasi09,unfollowed,Unfollow confirmation clicked.
2026-08-03T21:11:27,junaidhussain293,unfollowed,Unfollow confirmation clicked.
2026-08-03T21:11:30,just_inframe_,unfollowed,Unfollow confirmation clicked.
2026-08-03T21:11:33,justjilal,unfollowed,Unfollow confirmation clicked.
2026-08-03T21:11:35,justn_o71,unfollowed,Unfollow confirmation clicked.
2026-08-03T21:11:38,jyotipratikshukla,unfollowed,Unfollow confirmation clicked.
2026-08-03T21:11:41,k_shafan,unfollowed,Unfollow confirmation clicked.
2026-08-03T21:11:43,kabiraltaf86,unfollowed,Unfollow confirmation clicked.
2026-08-03T21:11:46,kainat._.qureshi02,unfollowed,Unfollow confirmation clicked.
2026-08-03T21:11:49,kainatmalik388,unfollowed,Unfollow confirmation clicked.
2026-08-03T21:11:51,kainatraajofficial,unfollowed,Unfollow confirmation clicked.
2026-08-03T21:11:54,kaleemkaleem5966,unfollowed,Unfollow confirmation clicked.
2026-08-03T21:11:57,kaleemul34,unfollowed,Unfollow confirmation clicked.
2026-08-03T21:12:00,kamillarazzak,unfollowed,Unfollow confirmation clicked.
2026-08-03T21:12:02,kamran.28jutt,unfollowed,Unfollow confirmation clicked.
2026-08-03T21:12:04,kamransafeer87,unfollowed,Unfollow confirmation clicked.
2026-08-03T21:12:07,kanifa_qureshi,unfollowed,Unfollow confirmation clicked.
2026-08-03T21:12:13,karamveer_mangat_,following_not_visible,Could not find a visible Following button.
2026-08-03T21:12:15,karanluthra213,unfollowed,Unfollow confirmation clicked.
2026-08-03T21:12:18,karba1a,unfollowed,Unfollow confirmation clicked.
2026-08-03T21:12:20,karms.ks,unfollowed,Unfollow confirmation clicked.
2026-08-03T21:12:23,kashaf.haze,unfollowed,Unfollow confirmation clicked.
2026-08-03T21:12:25,kashaf_mirzaa,unfollowed,Unfollow confirmation clicked.
2026-08-03T21:12:28,kashanali650,unfollowed,Unfollow confirmation clicked.
2026-08-03T21:12:31,kashannadeem4,unfollowed,Unfollow confirmation clicked.
2026-08-03T21:12:34,kashifa8420,unfollowed,Unfollow confirmation clicked.
2026-08-03T21:12:37,kashifhayatkhann,unfollowed,Unfollow confirmation clicked.
2026-08-03T21:12:40,kashii7312,unfollowed,Unfollow confirmation clicked.
2026-08-03T21:12:43,kashish_chhatani21,unfollowed,Unfollow confirmation clicked.
2026-08-03T21:12:45,kashishboolani_,unfollowed,Unfollow confirmation clicked.
2026-08-03T21:12:48,kashmirinuman02,unfollowed,Unfollow confirmation clicked.
2026-08-03T21:12:51,kawsarzaman340,unfollowed,Unfollow confirmation clicked.
2026-08-03T21:12:53,kaynoorey,unfollowed,Unfollow confirmation clicked.
2026-08-03T21:12:56,kazimhussain59,unfollowed,Unfollow confirmation clicked.
2026-08-03T21:12:59,kazukhan19,unfollowed,Unfollow confirmation clicked.
2026-08-03T21:13:01,kbsoni20187,unfollowed,Unfollow confirmation clicked.
2026-08-03T21:13:04,kbutista,unfollowed,Unfollow confirmation clicked.
2026-08-03T21:13:06,kdxsi_ngh,unfollowed,Unfollow confirmation clicked.
2026-08-03T21:13:09,kha_lil072,unfollowed,Unfollow confirmation clicked.
2026-08-03T21:13:11,khaan_geexx,unfollowed,Unfollow confirmation clicked.
2026-08-03T21:13:13,khadejariaz,unfollowed,Unfollow confirmation clicked.
2026-08-03T21:13:16,khalidahmad5049,unfollowed,Unfollow confirmation clicked.
2026-08-03T21:13:18,khanasiim_,unfollowed,Unfollow confirmation clicked.
2026-08-03T21:13:21,khanhuma69,unfollowed,Unfollow confirmation clicked.
2026-08-03T21:13:27,khani_slamabad,not_found,Instagram reported that this profile is unavailable.
2026-08-03T21:13:30,khannathia,unfollowed,Unfollow confirmation clicked.
2026-08-03T21:13:32,khansapervez302,unfollowed,Unfollow confirmation clicked.
2026-08-03T21:13:35,khanuu0,unfollowed,Unfollow confirmation clicked.
2026-08-03T21:13:41,kharotiofficial,following_not_visible,Could not find a visible Following button.
2026-08-03T21:13:44,khawaja_irfan_ahmad,unfollowed,Unfollow confirmation clicked.
2026-08-03T21:13:50,khazerkeel_hussain,following_not_visible,Could not find a visible Following button.
2026-08-03T21:13:52,khizar_malik764,unfollowed,Unfollow confirmation clicked.
2026-08-03T21:13:55,khuzaimariz,unfollowed,Unfollow confirmation clicked.
2026-08-03T21:13:57,khvn.archive,unfollowed,Unfollow confirmation clicked.
2026-08-03T21:14:00,kips_confession_89,unfollowed,Unfollow confirmation clicked.
2026-08-03T21:14:03,kiran.chandan.halladi,unfollowed,Unfollow confirmation clicked.
2026-08-03T21:14:06,km_chandio,unfollowed,Unfollow confirmation clicked.
2026-08-03T21:14:12,kmlcsrl,not_found,Instagram reported that this profile is unavailable.
2026-08-03T21:14:14,komalanjumm,unfollowed,Unfollow confirmation clicked.
2026-08-03T21:14:17,krahib025,unfollowed,Unfollow confirmation clicked.
2026-08-03T21:14:19,kshannnn,unfollowed,Unfollow confirmation clicked.
2026-08-03T21:14:22,kushwahtamanna283,unfollowed,Unfollow confirmation clicked.
2026-08-03T21:14:25,kuzgun.1987,unfollowed,Unfollow confirmation clicked.
2026-08-03T21:14:28,la1ba.e,unfollowed,Unfollow confirmation clicked.
2026-08-03T21:14:30,la_fps,unfollowed,Unfollow confirmation clicked.
2026-08-03T21:14:36,laaaraaiib,not_found,Instagram reported that this profile is unavailable.
2026-08-03T21:14:39,laaraaibshaah,unfollowed,Unfollow confirmation clicked.
2026-08-03T21:14:42,labiba.manzur,unfollowed,Unfollow confirmation clicked.
2026-08-03T21:14:45,laf_essentials_,unfollowed,Unfollow confirmation clicked.
2026-08-03T21:14:48,laiba_choudary092,unfollowed,Unfollow confirmation clicked.
2026-08-03T21:14:51,laibaakhaanz,unfollowed,Unfollow confirmation clicked.
2026-08-03T21:14:54,laila__stylist_51,unfollowed,Unfollow confirmation clicked.
2026-08-03T21:14:57,laliterally,unfollowed,Unfollow confirmation clicked.
2026-08-03T21:14:59,laraibamalik,unfollowed,Unfollow confirmation clicked.
2026-08-03T21:15:01,laughter_sessions_,unfollowed,Unfollow confirmation clicked.
2026-08-03T21:15:04,layba_heree9,unfollowed,Unfollow confirmation clicked.
2026-08-03T21:15:06,lazybluffer12,unfollowed,Unfollow confirmation clicked.
2026-08-03T21:15:09,leena_.h,unfollowed,Unfollow confirmation clicked.
2026-08-03T21:15:12,leezaaa_qureshi,unfollowed,Unfollow confirmation clicked.
2026-08-03T21:15:14,lens_by_mughees,unfollowed,Unfollow confirmation clicked.
2026-08-03T21:15:17,leonessexy,unfollowed,Unfollow confirmation clicked.
2026-08-03T21:15:19,lhamo_sherpaa,unfollowed,Unfollow confirmation clicked.
2026-08-03T21:15:23,life.with.gul,unfollowed,Unfollow confirmation clicked.
2026-08-03T21:15:26,life_in_islamabad,unfollowed,Unfollow confirmation clicked.
2026-08-03T21:15:28,life_nature_music_,unfollowed,Unfollow confirmation clicked.
2026-08-03T21:15:31,lifebetweenpagess,unfollowed,Unfollow confirmation clicked.
2026-08-03T21:15:34,lifeof.zoha,unfollowed,Unfollow confirmation clicked.
2026-08-03T21:15:36,lifeof_usama,unfollowed,Unfollow confirmation clicked.
2026-08-03T21:15:39,lifeofabdullah_,unfollowed,Unfollow confirmation clicked.
2026-08-03T21:15:42,lifewithrunaa,unfollowed,Unfollow confirmation clicked.
2026-08-03T21:15:48,lilbaeman,following_not_visible,Could not find a visible Following button.
2026-08-03T21:15:51,lillz.billz,unfollowed,Unfollow confirmation clicked.
2026-08-03T21:15:53,lilsp0v_,unfollowed,Unfollow confirmation clicked.
2026-08-03T21:15:56,lionl.khan.5,unfollowed,Unfollow confirmation clicked.
2026-08-03T21:15:58,lishaysgram._,unfollowed,Unfollow confirmation clicked.
2026-08-03T21:16:01,lishbaa.tariq,unfollowed,Unfollow confirmation clicked.
2026-08-03T21:16:08,lishbaspov,error,"Timed out: Message: 
Stacktrace:
	chromedriver!GetHandleVerifier [0x7ff75b87e1b5+153f5]
	chromedriver!GetHandleVerifier [0x7ff75b87e210+15450]
	chromedriver!(No symbol) [0x7ff75b3b5bbd]
	chromedriver!(No symbol) [0x7ff75b41108d]
	chromedriver!(No symbol) [0x7ff75b41138c]
	chromedriver!(No symbol) [0x7ff75b461c27]
	chromedriver!(No symbol) [0x7ff75b45e7eb]
	chromedriver!(No symbol) [0x7ff75b40361c]
	chromedriver!(No symbol) [0x7ff75b404543]
	chromedriver!GetHandleVerifier [0x7ff75be49791+5e09d1]
	chromedriver!GetHandleVerifier [0x7ff75be43b3b+5dad7b]
	chromedriver!GetHandleVerifier [0x7ff75be69315+600555]
	chromedriver!GetHandleVerifier [0x7ff75b89bf5e+3319e]
	chromedriver!GetHandleVerifier [0x7ff75b8a474c+3b98c]
	chromedriver!GetHandleVerifier [0x7ff75b888284+1f4c4]
	chromedriver!GetHandleVerifier [0x7ff75b888414+1f654]
	chromedriver!GetHandleVerifier [0x7ff75b86b0a7+22e7]
	KERNEL32!BaseThreadInitThunk [0x7ffdcb77ccb7+17]
	ntdll!RtlUserThreadStart [0x7ffdcc9591cc+2c]
"
2026-08-04T21:31:02,lishublogs,unfollowed,Unfollow confirmation clicked.
2026-08-04T21:31:04,lite.snacc,unfollowed,Unfollow confirmation clicked.
2026-08-04T21:31:07,lizyy_khan1234,unfollowed,Unfollow confirmation clicked.
2026-08-04T21:31:10,lookinforstarr,unfollowed,Unfollow confirmation clicked.
2026-08-04T21:31:12,lorrandw,unfollowed,Unfollow confirmation clicked.
2026-08-04T21:31:15,losted._soul0,unfollowed,Unfollow confirmation clicked.
2026-08-04T21:31:17,loudandproud_10_,unfollowed,Unfollow confirmation clicked.
2026-08-04T21:31:20,loving._.riyan,unfollowed,Unfollow confirmation clicked.
2026-08-04T21:31:22,lovly_131,unfollowed,Unfollow confirmation clicked.
2026-08-04T21:31:25,lowkeyy783,unfollowed,Unfollow confirmation clicked.
2026-08-04T21:31:27,luna.esperanzaa,unfollowed,Unfollow confirmation clicked.
2026-08-04T21:31:30,luna.ft.bekaaa,unfollowed,Unfollow confirmation clicked.
2026-08-04T21:31:32,luv4sejy._,unfollowed,Unfollow confirmation clicked.
2026-08-04T21:31:34,lwk_.alee,unfollowed,Unfollow confirmation clicked.
2026-08-04T21:31:37,lybie.xoxo,unfollowed,Unfollow confirmation clicked.
2026-08-04T21:31:40,m._.aly_,unfollowed,Unfollow confirmation clicked.
2026-08-04T21:31:42,m.a_b_d_u_l_r_a_h_i_m,unfollowed,Unfollow confirmation clicked.
2026-08-04T21:31:45,m.abdulla529,unfollowed,Unfollow confirmation clicked.
2026-08-04T21:31:49,m.daniyalofficial,unfollowed,Unfollow confirmation clicked.
2026-08-04T21:31:52,m.r_supplements,unfollowed,Unfollow confirmation clicked.
2026-08-04T21:31:55,m.usman.malick,unfollowed,Unfollow confirmation clicked.
2026-08-04T21:31:57,m.wali306,unfollowed,Unfollow confirmation clicked.
2026-08-04T21:32:00,m01_zzz,unfollowed,Unfollow confirmation clicked.
2026-08-04T21:32:02,m0min___,unfollowed,Unfollow confirmation clicked.
2026-08-04T21:32:10,m7alihassan,not_found,Instagram reported that this profile is unavailable.
2026-08-04T21:32:12,m_a_sher,unfollowed,Unfollow confirmation clicked.
2026-08-04T21:32:16,m_ahmed.x17,unfollowed,Unfollow confirmation clicked.
2026-08-04T21:32:20,m_jamshaid_gujjar,unfollowed,Unfollow confirmation clicked.
2026-08-04T21:32:24,m_rafay_23,unfollowed,Unfollow confirmation clicked.
2026-08-04T21:32:27,m_safwan07,unfollowed,Unfollow confirmation clicked.
2026-08-04T21:32:33,m_shabeer_charvelu,unfollowed,Unfollow confirmation clicked.
2026-08-04T21:32:39,m_usman_syed_7_,unfollowed,Unfollow confirmation clicked.
2026-08-04T21:32:44,m_zeshan_0.5,unfollowed,Unfollow confirmation clicked.
2026-08-04T21:32:46,ma.laicaa,unfollowed,Unfollow confirmation clicked.
2026-08-04T21:32:49,ma_rium44,unfollowed,Unfollow confirmation clicked.
2026-08-04T21:32:52,maadali1282003,unfollowed,Unfollow confirmation clicked.
2026-08-04T21:32:54,maaz._312,unfollowed,Unfollow confirmation clicked.
2026-08-04T21:32:56,maazk3232,unfollowed,Unfollow confirmation clicked.
2026-08-04T21:32:59,maazsalman1,unfollowed,Unfollow confirmation clicked.
2026-08-04T21:33:01,maddy._.lowkey,unfollowed,Unfollow confirmation clicked.
2026-08-04T21:33:04,madiha_waqas67,unfollowed,Unfollow confirmation clicked.
2026-08-04T21:33:06,madihasjournal_,unfollowed,Unfollow confirmation clicked.
2026-08-04T21:33:09,mahaamcoree,unfollowed,Unfollow confirmation clicked.
2026-08-04T21:33:12,mahaazain,unfollowed,Unfollow confirmation clicked.
2026-08-05T22:53:12,mahahaam,unfollowed,Unfollow confirmation clicked.
2026-08-05T22:53:14,maham_jamal1,unfollowed,Unfollow confirmation clicked.
2026-08-05T22:53:17,mahamallisheikh,unfollowed,Unfollow confirmation clicked.
2026-08-05T22:53:20,mahamisstic,unfollowed,Unfollow confirmation clicked.
2026-08-05T22:53:23,mahas_dump,unfollowed,Unfollow confirmation clicked.
2026-08-05T22:53:26,mahayy.5,unfollowed,Unfollow confirmation clicked.
2026-08-05T22:53:29,maheboobhalimanavar_,unfollowed,Unfollow confirmation clicked.
2026-08-05T22:53:31,mahee_5116,unfollowed,Unfollow confirmation clicked.
2026-08-05T22:53:33,maheshhoney_143,unfollowed,Unfollow confirmation clicked.
2026-08-05T22:53:36,mahi_5670,unfollowed,Unfollow confirmation clicked.
2026-08-05T22:53:38,mahi__1z5,unfollowed,Unfollow confirmation clicked.
2026-08-05T22:53:41,mahiarchives__,unfollowed,Unfollow confirmation clicked.
2026-08-05T22:53:43,mahin._055,unfollowed,Unfollow confirmation clicked.
2026-08-05T22:53:46,mahira.bano298,unfollowed,Unfollow confirmation clicked.
2026-08-05T22:53:50,mahlan_1123,unfollowed,Unfollow confirmation clicked.
2026-08-05T22:53:53,mahmed._.1,unfollowed,Unfollow confirmation clicked.
2026-08-05T22:53:57,mahnooorrprivv,unfollowed,Unfollow confirmation clicked.
2026-08-05T22:53:59,mahnoor.redhead,unfollowed,Unfollow confirmation clicked.
2026-08-05T22:54:02,mahnoor01680,unfollowed,Unfollow confirmation clicked.
2026-08-05T22:54:04,mahnoorrmazhar,unfollowed,Unfollow confirmation clicked.
2026-08-05T22:54:07,mahnoorrrrahmed,unfollowed,Unfollow confirmation clicked.
2026-08-05T22:54:09,mahnoorsheikh2010,unfollowed,Unfollow confirmation clicked.
2026-08-05T22:54:15,mahnoortruffles,following_not_visible,Could not find a visible Following button.
2026-08-05T22:54:22,mahroosh_qureshi16,not_found,Instagram reported that this profile is unavailable.
2026-08-05T22:54:27,maira_bhalla,unfollowed,Unfollow confirmation clicked.
2026-08-05T22:54:45,mairax.x_,unfollowed,Unfollow confirmation clicked.
2026-08-05T22:54:48,majidzahoor136,unfollowed,Unfollow confirmation clicked.
2026-08-05T22:54:50,make_overbyzainab,unfollowed,Unfollow confirmation clicked.
2026-08-05T22:54:55,makeup_byanzila,unfollowed,Unfollow confirmation clicked.
2026-08-05T22:54:59,makeupbyneyhal,unfollowed,Unfollow confirmation clicked.
2026-08-05T22:55:02,makupaku17,unfollowed,Unfollow confirmation clicked.
2026-08-05T22:55:05,makyousufzai,unfollowed,Unfollow confirmation clicked.
2026-08-05T22:55:08,malaikaa.25,unfollowed,Unfollow confirmation clicked.
2026-08-05T22:55:11,malaikakhanyousufzai,unfollowed,Unfollow confirmation clicked.
2026-08-05T22:55:14,malaikasaifullahkhan,unfollowed,Unfollow confirmation clicked.
2026-08-05T22:55:17,malaykaa1_,unfollowed,Unfollow confirmation clicked.
2026-08-05T22:55:20,maleehamehboob_,unfollowed,Unfollow confirmation clicked.
2026-08-05T22:55:23,malik.sajjadhaider,unfollowed,Unfollow confirmation clicked.
2026-08-05T22:55:26,malik_awan188,unfollowed,Unfollow confirmation clicked.
2026-08-05T22:55:28,malik_shafiq_rehman,unfollowed,Unfollow confirmation clicked.
2026-08-05T22:55:31,malikarbaz_65,unfollowed,Unfollow confirmation clicked.
2026-08-05T22:55:34,malikk._.bilal,unfollowed,Unfollow confirmation clicked.
2026-08-05T22:55:37,malikshahi5,unfollowed,Unfollow confirmation clicked.
2026-08-05T22:55:40,malikusman.ur,unfollowed,Unfollow confirmation clicked.
2026-08-05T22:55:43,malikuzairatiq,unfollowed,Unfollow confirmation clicked.
2026-08-05T22:55:46,malikzia0,unfollowed,Unfollow confirmation clicked.
2026-08-05T22:55:49,malykshahmirawan_,unfollowed,Unfollow confirmation clicked.
2026-08-05T22:55:52,mamoona__shah,unfollowed,Unfollow confirmation clicked.
2026-08-05T22:55:55,mamsons_sports_rawalpindi_,unfollowed,Unfollow confirmation clicked.
2026-08-05T22:55:58,man4lll_,unfollowed,Unfollow confirmation clicked.
2026-08-05T22:56:01,mana.hil0876,unfollowed,Unfollow confirmation clicked.
2026-08-05T22:56:04,mana.khanii,unfollowed,Unfollow confirmation clicked.
2026-08-05T22:56:06,manahil_gul_official0,unfollowed,Unfollow confirmation clicked.
2026-08-05T22:56:09,manahilsighss,unfollowed,Unfollow confirmation clicked.
2026-08-05T22:56:12,manalftm,unfollowed,Unfollow confirmation clicked.
2026-08-05T22:56:16,manbeater4ever,unfollowed,Unfollow confirmation clicked.
2026-08-05T22:56:18,mandvipov,unfollowed,Unfollow confirmation clicked.
2026-08-05T22:56:21,mangatrajput_09,unfollowed,Unfollow confirmation clicked.
2026-08-05T22:56:28,mannu_patel67,not_found,Instagram reported that this profile is unavailable.
2026-08-05T22:56:31,manozz.draft,unfollowed,Unfollow confirmation clicked.
2026-08-05T22:56:35,mansoorsyed.drosh,unfollowed,Unfollow confirmation clicked.
2026-08-05T22:56:37,mansur_khokhar12,unfollowed,Unfollow confirmation clicked.
2026-08-05T22:56:40,marcus_ruhll,unfollowed,Unfollow confirmation clicked.
2026-08-05T22:56:42,marij_chaudhary,unfollowed,Unfollow confirmation clicked.
2026-08-05T22:56:45,mariyah.aslam,unfollowed,Unfollow confirmation clicked.
2026-08-05T22:56:48,marlborowithammar,unfollowed,Unfollow confirmation clicked.
2026-08-05T22:56:51,marriamalv,unfollowed,Unfollow confirmation clicked.
2026-08-05T22:56:54,martenfarooq,unfollowed,Unfollow confirmation clicked.
2026-08-05T22:56:57,marwaomerrr,unfollowed,Unfollow confirmation clicked.
2026-08-05T22:57:00,marwat_fpv,unfollowed,Unfollow confirmation clicked.
2026-08-05T22:57:03,marya.ndm,unfollowed,Unfollow confirmation clicked.
2026-08-05T22:57:06,maryam.rao5,unfollowed,Unfollow confirmation clicked.
2026-08-05T22:57:09,maryam442234,unfollowed,Unfollow confirmation clicked.
2026-08-05T22:57:16,maryam_.akhtar,not_found,Instagram reported that this profile is unavailable.
2026-08-05T22:57:19,maryamshahidinammalik,unfollowed,Unfollow confirmation clicked.
2026-08-05T22:57:22,mashal.iqbal_,unfollowed,Unfollow confirmation clicked.
2026-08-05T22:57:26,mashalshahid,unfollowed,Unfollow confirmation clicked.
2026-08-05T22:57:30,mashfaq109,unfollowed,Unfollow confirmation clicked.
2026-08-05T22:57:32,mashood_hamrax,unfollowed,Unfollow confirmation clicked.
2026-08-05T22:57:35,masroor_uddin,unfollowed,Unfollow confirmation clicked.
2026-08-05T22:57:38,mavi_coutinho,unfollowed,Unfollow confirmation clicked.
2026-08-05T22:57:41,maya.daotherwomen,unfollowed,Unfollow confirmation clicked.
2026-08-05T22:57:44,mayaarehusn,unfollowed,Unfollow confirmation clicked.
2026-08-05T22:57:51,mayaatif._,not_found,Instagram reported that this profile is unavailable.
2026-08-05T22:57:54,mazh6254,unfollowed,Unfollow confirmation clicked.
2026-08-05T22:57:57,mazhar_ali9_,unfollowed,Unfollow confirmation clicked.
2026-08-05T22:57:59,mazharalikhn10,unfollowed,Unfollow confirmation clicked.
2026-08-05T22:58:02,mbilalmalik1997,unfollowed,Unfollow confirmation clicked.
2026-08-05T22:58:08,mdbiplobhasan_,following_not_visible,Could not find a visible Following button.
2026-08-05T22:58:11,mdshakil.ahamed.7902,unfollowed,Unfollow confirmation clicked.
2026-08-05T22:58:15,me_one_of_a_kind,unfollowed,Unfollow confirmation clicked.
2026-08-05T22:58:17,meedothepotato,unfollowed,Unfollow confirmation clicked.
2026-08-05T22:58:20,meeerubb,unfollowed,Unfollow confirmation clicked.
2026-08-05T22:58:23,meem_fashionhouse,unfollowed,Unfollow confirmation clicked.
2026-08-05T22:58:25,meenasplate,unfollowed,Unfollow confirmation clicked.
2026-08-05T22:58:28,meenii.me,unfollowed,Unfollow confirmation clicked.
2026-08-05T22:58:36,meer_bizanjo87,error,"Timed out: Message: 
Stacktrace:
	chromedriver!GetHandleVerifier [0x7ff6b7a9e1b5+153f5]
	chromedriver!GetHandleVerifier [0x7ff6b7a9e210+15450]
	chromedriver!(No symbol) [0x7ff6b75d5bbd]
	chromedriver!(No symbol) [0x7ff6b763108d]
	chromedriver!(No symbol) [0x7ff6b763138c]
	chromedriver!(No symbol) [0x7ff6b7681c27]
	chromedriver!(No symbol) [0x7ff6b767e7eb]
	chromedriver!(No symbol) [0x7ff6b762361c]
	chromedriver!(No symbol) [0x7ff6b7624543]
	chromedriver!GetHandleVerifier [0x7ff6b8069791+5e09d1]
	chromedriver!GetHandleVerifier [0x7ff6b8063b3b+5dad7b]
	chromedriver!GetHandleVerifier [0x7ff6b8089315+600555]
	chromedriver!GetHandleVerifier [0x7ff6b7abbf5e+3319e]
	chromedriver!GetHandleVerifier [0x7ff6b7ac474c+3b98c]
	chromedriver!GetHandleVerifier [0x7ff6b7aa8284+1f4c4]
	chromedriver!GetHandleVerifier [0x7ff6b7aa8414+1f654]
	chromedriver!GetHandleVerifier [0x7ff6b7a8b0a7+22e7]
	KERNEL32!BaseThreadInitThunk [0x7ff89fe1ccb7+17]
	ntdll!RtlUserThreadStart [0x7ff8a1c991cc+2c]
"
2026-08-05T22:58:36,meerabnasirr,error,"Unexpected error: ('Connection aborted.', ConnectionResetError(10054, 'An existing connection was forcibly closed by the remote host', None, 10054, None))"
2026-08-08T14:57:18,meerhamza_official,following_not_visible,Could not find a visible Following button.
2026-08-08T14:57:21,meerr.haadii,unfollowed,Unfollow confirmation clicked.
2026-08-08T14:57:23,meerubz_,unfollowed,Unfollow confirmation clicked.
2026-08-08T14:57:26,meharsaim_56,unfollowed,Unfollow confirmation clicked.
2026-08-08T14:57:28,mehbob_marhun,unfollowed,Unfollow confirmation clicked.
2026-08-08T14:57:31,mehervx,unfollowed,Unfollow confirmation clicked.
2026-08-08T14:57:34,mehkash677,unfollowed,Unfollow confirmation clicked.
2026-08-08T14:57:37,mehmood.khan.115,unfollowed,Unfollow confirmation clicked.
2026-08-08T14:57:39,mehrabshah.1,unfollowed,Unfollow confirmation clicked.
2026-08-08T14:57:42,mehreeen.r,unfollowed,Unfollow confirmation clicked.
2026-08-08T14:57:44,mehrose10,unfollowed,Unfollow confirmation clicked.
2026-08-08T14:57:47,mehru_writesss,unfollowed,Unfollow confirmation clicked.
2026-08-08T14:57:50,mehrwarismail,unfollowed,Unfollow confirmation clicked.
2026-08-08T14:57:53,mein_.hamza._hun,unfollowed,Unfollow confirmation clicked.
2026-08-08T14:57:56,melbecoree,unfollowed,Unfollow confirmation clicked.
2026-08-08T14:57:58,melieiya,unfollowed,Unfollow confirmation clicked.
2026-08-08T14:58:01,memer.com55,unfollowed,Unfollow confirmation clicked.
2026-08-08T14:58:04,men4hil,unfollowed,Unfollow confirmation clicked.
2026-08-08T14:58:06,meshal_eric,unfollowed,Unfollow confirmation clicked.
2026-08-08T14:58:09,metarnano,unfollowed,Unfollow confirmation clicked.
2026-08-08T14:58:11,mezanahmad07,unfollowed,Unfollow confirmation clicked.
2026-08-08T14:58:14,mglnine,unfollowed,Unfollow confirmation clicked.
2026-08-08T14:58:16,mhuzaifabalouchh,unfollowed,Unfollow confirmation clicked.
2026-08-08T14:58:19,mian.waqasaslam,unfollowed,Unfollow confirmation clicked.
2026-08-08T14:58:22,mianabdullah_a007,unfollowed,Unfollow confirmation clicked.
2026-08-08T14:58:25,mianshab5,unfollowed,Unfollow confirmation clicked.
2026-08-08T14:58:27,miasarchiivee,unfollowed,Unfollow confirmation clicked.
2026-08-08T14:58:30,mihir_36579,unfollowed,Unfollow confirmation clicked.
2026-08-08T14:58:32,miinhallll._,unfollowed,Unfollow confirmation clicked.
2026-08-08T14:58:35,miinoux___mm,unfollowed,Unfollow confirmation clicked.
2026-08-08T14:58:38,minahildraftss,unfollowed,Unfollow confirmation clicked.
2026-08-08T14:58:41,minivloggss,unfollowed,Unfollow confirmation clicked.
2026-08-08T14:58:44,minsa__oiii,unfollowed,Unfollow confirmation clicked.
2026-08-08T14:58:46,mir_afaque_ahmad_,unfollowed,Unfollow confirmation clicked.
2026-08-08T14:58:49,mir_hasnain7,unfollowed,Unfollow confirmation clicked.
2026-08-08T14:58:51,mira_arslane,unfollowed,Unfollow confirmation clicked.
2026-08-08T14:58:54,miraislam.mi,unfollowed,Unfollow confirmation clicked.
2026-08-08T14:58:57,mirza_rezaaa,unfollowed,Unfollow confirmation clicked.
2026-08-08T14:59:03,mirzafaizan_official,following_not_visible,Could not find a visible Following button.
2026-08-08T14:59:06,mirzafitlife,unfollowed,Unfollow confirmation clicked.
2026-08-08T14:59:09,mirzahamza_ali,unfollowed,Unfollow confirmation clicked.
2026-08-08T14:59:13,misbah_ul_ktk,unfollowed,Unfollow confirmation clicked.
2026-08-08T14:59:18,misbahsaleem11,unfollowed,Unfollow confirmation clicked.
2026-08-08T14:59:22,mishi_baloch122,unfollowed,Unfollow confirmation clicked.
2026-08-08T14:59:29,mishinaqvi8,unfollowed,Unfollow confirmation clicked.
2026-08-08T14:59:32,miss.lavendermoon,unfollowed,Unfollow confirmation clicked.
2026-08-08T14:59:35,miss_castillo5300,unfollowed,Unfollow confirmation clicked.
2026-08-08T14:59:40,missposable_,unfollowed,Unfollow confirmation clicked.
2026-08-08T14:59:43,mithu_mith,unfollowed,Unfollow confirmation clicked.
2026-08-08T14:59:45,mjay.esh01,unfollowed,Unfollow confirmation clicked.
2026-08-08T14:59:48,mkawish.3,unfollowed,Unfollow confirmation clicked.
2026-08-08T14:59:50,mkha_lil07,unfollowed,Unfollow confirmation clicked.
2026-08-08T14:59:56,mlk.ali1,following_not_visible,Could not find a visible Following button.
2026-08-08T15:00:00,mm_maha1,unfollowed,Unfollow confirmation clicked.
2026-08-08T15:00:02,mmoizsatti920,unfollowed,Unfollow confirmation clicked.
2026-08-08T15:00:04,mnzxrrr_,unfollowed,Unfollow confirmation clicked.
2026-08-08T15:00:07,moaaz.___.amin.___.yousafzai,unfollowed,Unfollow confirmation clicked.
2026-08-08T15:00:10,moaaz5476,unfollowed,Unfollow confirmation clicked.
2026-08-08T15:00:12,moazam.farooq.31,unfollowed,Unfollow confirmation clicked.
2026-08-08T15:00:15,moazzamdurrani,unfollowed,Unfollow confirmation clicked.
2026-08-08T15:00:18,mohammad___jamshed,unfollowed,Unfollow confirmation clicked.
2026-08-08T15:00:21,mohammad_ayaaanu,unfollowed,Unfollow confirmation clicked.
2026-08-08T15:00:23,mohammad_haris_aly,unfollowed,Unfollow confirmation clicked.
2026-08-08T15:00:25,mohammad_sameer_somro,unfollowed,Unfollow confirmation clicked.
2026-08-08T15:00:28,mohammadzain.exe,unfollowed,Unfollow confirmation clicked.
2026-08-08T15:00:31,mohammed_maaz_1999,unfollowed,Unfollow confirmation clicked.
2026-08-08T15:00:34,mohammedsohrab_07,unfollowed,Unfollow confirmation clicked.
2026-08-08T15:00:36,mohd_mueez_04,unfollowed,Unfollow confirmation clicked.
2026-08-08T15:00:39,mohsin.ch37,unfollowed,Unfollow confirmation clicked.
2026-08-08T15:00:42,mohsinnmirzaa,unfollowed,Unfollow confirmation clicked.
2026-08-08T15:00:44,moizkhaliq2005,unfollowed,Unfollow confirmation clicked.
2026-08-08T15:00:46,moizsajjad_,unfollowed,Unfollow confirmation clicked.
2026-08-08T15:00:49,moizzzxshah,unfollowed,Unfollow confirmation clicked.
2026-08-08T15:00:51,mominn._,unfollowed,Unfollow confirmation clicked.
2026-08-08T15:00:54,momnamughal1455,unfollowed,Unfollow confirmation clicked.
2026-08-08T15:00:56,moodysirr,unfollowed,Unfollow confirmation clicked.
2026-08-08T15:00:59,moondar121,unfollowed,Unfollow confirmation clicked.
2026-08-08T15:01:02,moonlitbliisss,unfollowed,Unfollow confirmation clicked.
2026-08-08T15:01:05,mosha.kh,unfollowed,Unfollow confirmation clicked.
2026-08-08T15:01:08,mosxmeer,unfollowed,Unfollow confirmation clicked.
2026-08-08T15:01:14,motosaein,following_not_visible,Could not find a visible Following button.
2026-08-08T15:01:22,mp4.ahmad,not_found,Instagram reported that this profile is unavailable.
2026-08-08T15:01:29,mp_090526,not_found,Instagram reported that this profile is unavailable.
2026-08-08T15:01:32,mqasi_m125,unfollowed,Unfollow confirmation clicked.
2026-08-08T15:01:35,mr.abbas515,unfollowed,Unfollow confirmation clicked.
2026-08-08T15:01:38,mr.eft11,unfollowed,Unfollow confirmation clicked.
2026-08-08T15:01:41,mr.s4kib,unfollowed,Unfollow confirmation clicked.
2026-08-08T15:01:44,mr_affu_111,unfollowed,Unfollow confirmation clicked.
2026-08-08T15:01:46,mr_hasuu_k_,unfollowed,Unfollow confirmation clicked.
2026-08-08T15:01:48,mr_hunk_.06,unfollowed,Unfollow confirmation clicked.
2026-08-08T15:01:51,mradnas,unfollowed,Unfollow confirmation clicked.
2026-08-08T15:01:54,mrfahad01,unfollowed,Unfollow confirmation clicked.
2026-08-08T15:01:57,mrfunnyx0,unfollowed,Unfollow confirmation clicked.
2026-08-08T15:02:00,mrsaliyan004,unfollowed,Unfollow confirmation clicked.
2026-08-08T15:02:03,mrym.bytheway,unfollowed,Unfollow confirmation clicked.
2026-08-08T15:02:05,ms_khan113,unfollowed,Unfollow confirmation clicked.
2026-08-08T15:02:08,msamikhan277,unfollowed,Unfollow confirmation clicked.
2026-08-08T15:02:14,msm.laiba_,already_unfollowed,Instagram shows Follow rather than Following.
2026-08-08T15:02:17,muaz8_76,unfollowed,Unfollow confirmation clicked.
2026-08-08T15:02:20,mubaris.raja,unfollowed,Unfollow confirmation clicked.
2026-08-08T15:02:23,mubashir._.core,unfollowed,Unfollow confirmation clicked.
2026-08-08T15:02:29,mubbby__,following_not_visible,Could not find a visible Following button.
2026-08-08T15:02:35,mubi_khattak,not_found,Instagram reported that this profile is unavailable.
2026-08-08T15:02:38,mudasir11229,unfollowed,Unfollow confirmation clicked.
2026-08-08T15:02:41,mudassar3336,unfollowed,Unfollow confirmation clicked.
2026-08-08T15:02:43,mudassir._.bilal,unfollowed,Unfollow confirmation clicked.
2026-08-08T15:02:45,mudassir_rafeq,unfollowed,Unfollow confirmation clicked.
2026-08-08T15:02:48,muf_liha_rehan_,unfollowed,Unfollow confirmation clicked.
2026-08-08T15:02:51,mughees_hashmii_1603,unfollowed,Unfollow confirmation clicked.
2026-08-08T15:02:54,mughiraaforsure_,unfollowed,Unfollow confirmation clicked.
2026-08-08T15:02:58,muhammad.farhan2,unfollowed,Unfollow confirmation clicked.
2026-08-08T15:03:00,muhammad.hamza.9461,unfollowed,Unfollow confirmation clicked.
2026-08-08T15:03:03,muhammad4110hussain,unfollowed,Unfollow confirmation clicked.
2026-08-08T15:03:06,muhammad_bin_adam06,unfollowed,Unfollow confirmation clicked.
2026-08-08T15:03:08,muhammad_hashir96,unfollowed,Unfollow confirmation clicked.
2026-08-08T15:03:14,muhammad_umarzaman,following_not_visible,Could not find a visible Following button.
2026-08-08T15:03:20,muhammadhamza005,not_found,Instagram reported that this profile is unavailable.
2026-08-08T15:03:22,muhammadumar.20,unfollowed,Unfollow confirmation clicked.
2026-08-08T15:03:25,muhammadwaseem677,unfollowed,Unfollow confirmation clicked.
2026-08-08T15:03:27,muhmmadahsan1212,unfollowed,Unfollow confirmation clicked.
2026-08-08T15:03:29,mujtaba.incc,unfollowed,Unfollow confirmation clicked.
2026-08-08T15:03:32,mujtabakhan._302,unfollowed,Unfollow confirmation clicked.
2026-08-08T15:03:34,mujtabasarwarr,unfollowed,Unfollow confirmation clicked.
2026-08-08T15:03:37,mukhtardrosh313,unfollowed,Unfollow confirmation clicked.
2026-08-08T15:03:40,mukhtikhan786,unfollowed,Unfollow confirmation clicked.
2026-08-08T15:03:44,munaimunfiltered,unfollowed,Unfollow confirmation clicked.
2026-08-08T15:03:46,munazzagul,unfollowed,Unfollow confirmation clicked.
2026-08-08T15:03:49,muneeeb_x,unfollowed,Unfollow confirmation clicked.
2026-08-08T15:03:51,muneer_pasha27,unfollowed,Unfollow confirmation clicked.
2026-08-08T15:03:54,muneezaykhan_,unfollowed,Unfollow confirmation clicked.
2026-08-08T15:03:56,munib._.chaudhary1,unfollowed,Unfollow confirmation clicked.
2026-08-08T15:03:58,munizahfvckwcats_,unfollowed,Unfollow confirmation clicked.
2026-08-08T15:04:01,muntahabhat4,unfollowed,Unfollow confirmation clicked.
2026-08-08T15:04:07,munzcoree_,not_found,Instagram reported that this profile is unavailable.
2026-08-08T15:04:09,muradmustafa_786,unfollowed,Unfollow confirmation clicked.
2026-08-08T15:04:12,mursalfurqan,unfollowed,Unfollow confirmation clicked.
2026-08-08T15:04:15,murshd_gilgiti,unfollowed,Unfollow confirmation clicked.
2026-08-08T15:04:17,murshiid804,unfollowed,Unfollow confirmation clicked.
2026-08-08T15:04:19,murtazaali_20,unfollowed,Unfollow confirmation clicked.
2026-08-08T15:04:22,musa_tanoli._,unfollowed,Unfollow confirmation clicked.
2026-08-08T15:04:25,musaeyaz,unfollowed,Unfollow confirmation clicked.
2026-08-08T15:04:28,musezamil,unfollowed,Unfollow confirmation clicked.
2026-08-08T15:04:31,mushtaq_hussain201,unfollowed,Unfollow confirmation clicked.
2026-08-08T15:04:34,musk.anmatto,unfollowed,Unfollow confirmation clicked.
2026-08-08T15:04:37,muskan121682,unfollowed,Unfollow confirmation clicked.
2026-08-08T15:04:39,muslimkholani10,unfollowed,Unfollow confirmation clicked.
2026-08-08T15:04:43,musman7193,unfollowed,Unfollow confirmation clicked.
2026-08-08T15:04:45,mustafaahmad.1,unfollowed,Unfollow confirmation clicked.
2026-08-08T15:04:48,mustafaqureshi74,unfollowed,Unfollow confirmation clicked.
2026-08-08T15:04:51,mustafariyaz,unfollowed,Unfollow confirmation clicked.
2026-08-08T15:04:54,mutaharkeen,unfollowed,Unfollow confirmation clicked.
2026-08-08T15:05:00,muttayaab,following_not_visible,Could not find a visible Following button.
2026-08-08T15:05:02,muu_num,unfollowed,Unfollow confirmation clicked.
2026-08-08T15:05:05,muxharib,unfollowed,Unfollow confirmation clicked.
2026-08-08T15:05:11,muz.909.9,not_found,Instagram reported that this profile is unavailable.
2026-08-08T15:05:14,muz4_mil56,unfollowed,Unfollow confirmation clicked.
2026-08-08T15:05:16,muzamil.maqbooll,unfollowed,Unfollow confirmation clicked.
2026-08-08T15:05:19,mw38103mw,unfollowed,Unfollow confirmation clicked.
2026-08-08T15:05:21,mx_muneeb_,unfollowed,Unfollow confirmation clicked.
2026-08-08T15:05:24,mxhxdistics_804,unfollowed,Unfollow confirmation clicked.
2026-08-08T15:05:27,my.insightjournal,unfollowed,Unfollow confirmation clicked.
2026-08-08T15:05:30,mym.hiba,unfollowed,Unfollow confirmation clicked.
2026-08-08T15:05:34,myselfholic786,unfollowed,Unfollow confirmation clicked.
2026-08-08T15:05:40,n1chtdeintyp.a,not_found,Instagram reported that this profile is unavailable.
2026-08-08T15:05:42,nabeexla,unfollowed,Unfollow confirmation clicked.
2026-08-08T15:05:45,nabihakhantabanirealestate,unfollowed,Unfollow confirmation clicked.
2026-08-08T15:05:47,nabwlx,unfollowed,Unfollow confirmation clicked.
2026-08-08T15:05:49,nadeem5692026,unfollowed,Unfollow confirmation clicked.
2026-08-08T15:05:52,naeemjhon0717_,unfollowed,Unfollow confirmation clicked.
2026-08-08T15:05:56,nagin.bbg,unfollowed,Unfollow confirmation clicked.
2026-08-08T15:05:58,nahilspov,unfollowed,Unfollow confirmation clicked.
2026-08-08T15:06:03,naibastix,unfollowed,Unfollow confirmation clicked.
2026-08-08T15:06:06,nailsbyyreee,unfollowed,Unfollow confirmation clicked.
2026-08-08T15:06:08,naimahnidhi,unfollowed,Unfollow confirmation clicked.
2026-08-08T15:06:11,naini_brand_333,unfollowed,Unfollow confirmation clicked.
2026-08-08T15:06:14,najeebnwr,unfollowed,Unfollow confirmation clicked.
2026-08-08T15:06:17,najukkaliii,unfollowed,Unfollow confirmation clicked.
2026-08-08T15:06:20,naqi.abbas.35728,unfollowed,Unfollow confirmation clicked.
2026-08-08T15:06:23,naseem_photography1122,unfollowed,Unfollow confirmation clicked.
2026-08-08T15:06:26,nataliestrobll,unfollowed,Unfollow confirmation clicked.
2026-08-08T15:06:28,natashawaqar_,unfollowed,Unfollow confirmation clicked.
2026-08-08T15:06:32,naveed_verse,unfollowed,Unfollow confirmation clicked.
2026-08-08T15:06:34,navsharmaaaa,unfollowed,Unfollow confirmation clicked.
2026-08-08T15:06:37,nawab_zada2216,unfollowed,Unfollow confirmation clicked.
2026-08-08T15:06:43,nayab.unseen,already_unfollowed,Instagram shows Follow rather than Following.
2026-08-08T15:06:49,nayalishkainat,already_unfollowed,Instagram shows Follow rather than Following.
2026-08-08T15:06:52,nayyabarshad,unfollowed,Unfollow confirmation clicked.
2026-08-08T15:06:55,nazlifaceyoga,unfollowed,Unfollow confirmation clicked.
2026-08-08T15:06:57,ndrdh212,unfollowed,Unfollow confirmation clicked.
2026-08-08T15:07:00,neha.faisall,unfollowed,Unfollow confirmation clicked.
2026-08-08T15:07:03,neha3992025,unfollowed,Unfollow confirmation clicked.
2026-08-08T15:07:06,nemo_ullha_nj_bklyn,unfollowed,Unfollow confirmation clicked.
2026-08-08T15:07:10,nemofarrukhh,unfollowed,Unfollow confirmation clicked.
2026-08-08T15:07:12,new_justlikenew,unfollowed,Unfollow confirmation clicked.
2026-08-08T15:07:19,ngl_emaan0,not_found,Instagram reported that this profile is unavailable.
2026-08-08T15:07:21,niimal_roohiii,unfollowed,Unfollow confirmation clicked.
2026-08-08T15:07:24,nijil_niji555,unfollowed,Unfollow confirmation clicked.
2026-08-08T15:07:26,nikhil_________96,unfollowed,Unfollow confirmation clicked.
2026-08-08T15:07:29,nikkii.bae,unfollowed,Unfollow confirmation clicked.
2026-08-08T15:07:32,nimarkhan12,unfollowed,Unfollow confirmation clicked.
2026-08-08T15:07:35,nimraltaaf,unfollowed,Unfollow confirmation clicked.
2026-08-08T15:07:37,nisarkhanshafi,unfollowed,Unfollow confirmation clicked.
2026-08-08T15:07:40,nithishbalija,unfollowed,Unfollow confirmation clicked.
2026-08-08T15:07:46,niths_mys,following_not_visible,Could not find a visible Following button.
2026-08-08T15:07:49,nityyam_dwivedi,unfollowed,Unfollow confirmation clicked.
2026-08-08T15:07:51,nizjam,unfollowed,Unfollow confirmation clicked.
2026-08-08T15:07:54,nknajeeb_372,unfollowed,Unfollow confirmation clicked.
2026-08-08T15:07:56,nocturnelifee,unfollowed,Unfollow confirmation clicked.
2026-08-08T15:08:03,noman.sami,following_not_visible,Could not find a visible Following button.
2026-08-08T15:08:05,noman8710,unfollowed,Unfollow confirmation clicked.
2026-08-08T15:08:11,nomistic07,following_not_visible,Could not find a visible Following button.
2026-08-08T15:08:18,nooor.is.here,following_not_visible,Could not find a visible Following button.
2026-08-08T15:08:20,noooraemon,unfollowed,Unfollow confirmation clicked.
2026-08-08T15:08:23,noor874131,unfollowed,Unfollow confirmation clicked.
2026-08-08T15:08:26,noor_ahmed_255,unfollowed,Unfollow confirmation clicked.
2026-08-08T15:08:28,noorazimazim,unfollowed,Unfollow confirmation clicked.
2026-08-08T15:08:30,noorrfatimaa,unfollowed,Unfollow confirmation clicked.
2026-08-08T15:08:33,noorsoomro_3,unfollowed,Unfollow confirmation clicked.
2026-08-08T15:08:36,noorullainn_,unfollowed,Unfollow confirmation clicked.
2026-08-08T15:08:38,noorulqalam2026,unfollowed,Unfollow confirmation clicked.
2026-08-08T15:08:41,noorzakir05,unfollowed,Unfollow confirmation clicked.
2026-08-08T15:08:44,noraleekh,unfollowed,Unfollow confirmation clicked.
2026-08-08T15:08:47,norie5491,unfollowed,Unfollow confirmation clicked.
2026-08-08T15:08:51,norshoes_,unfollowed,Unfollow confirmation clicked.
2026-08-08T15:08:53,not___saim0462,unfollowed,Unfollow confirmation clicked.
2026-08-08T15:08:56,nott_yours_baby,unfollowed,Unfollow confirmation clicked.
2026-08-08T15:08:59,notyourimdad,unfollowed,Unfollow confirmation clicked.
2026-08-08T15:09:01,notyoursbtw2025,unfollowed,Unfollow confirmation clicked.
2026-08-08T15:09:04,nthingis_eternal,unfollowed,Unfollow confirmation clicked.
2026-08-08T15:09:06,nunuuully,unfollowed,Unfollow confirmation clicked.
2026-08-08T15:09:09,nurl.y_,unfollowed,Unfollow confirmation clicked.
2026-08-08T15:09:15,nvmaisha_,already_unfollowed,Instagram shows Follow rather than Following.
2026-08-08T15:09:18,nvvras,unfollowed,Unfollow confirmation clicked.
2026-08-08T15:09:25,ny_mp33,not_found,Instagram reported that this profile is unavailable.
2026-08-08T15:09:27,nyleomer,unfollowed,Unfollow confirmation clicked.
2026-08-08T15:09:34,obisdian_x,not_found,Instagram reported that this profile is unavailable.
2026-08-08T15:09:36,ohy_saqi,unfollowed,Unfollow confirmation clicked.
2026-08-08T15:09:38,ok_jazib_ok_,unfollowed,Unfollow confirmation clicked.
2026-08-08T15:09:41,okayyhaya,unfollowed,Unfollow confirmation clicked.
2026-08-08T15:09:43,okz._.meerab,unfollowed,Unfollow confirmation clicked.
2026-08-08T15:09:45,omar.zeb_17,unfollowed,Unfollow confirmation clicked.
2026-08-08T15:09:48,omarch_01,unfollowed,Unfollow confirmation clicked.
2026-08-08T15:09:51,omer_m_official,unfollowed,Unfollow confirmation clicked.
2026-08-08T15:09:54,onedayyataatimee,unfollowed,Unfollow confirmation clicked.
2026-08-08T15:09:57,only.rajput678,unfollowed,Unfollow confirmation clicked.
2026-08-08T15:10:00,onlynoor21_,unfollowed,Unfollow confirmation clicked.
2026-08-08T15:10:03,oopsizha,unfollowed,Unfollow confirmation clicked.
2026-08-08T15:10:06,opisiddique,unfollowed,Unfollow confirmation clicked.
2026-08-08T15:10:10,originalmaco,unfollowed,Unfollow confirmation clicked.
2026-08-08T15:10:13,osamashredz,unfollowed,Unfollow confirmation clicked.
2026-08-08T15:10:16,osmannshah,unfollowed,Unfollow confirmation clicked.
2026-08-08T15:10:19,owaiseey9,unfollowed,Unfollow confirmation clicked.
2026-08-08T15:10:22,owaissiddiqui18,unfollowed,Unfollow confirmation clicked.
2026-08-08T15:10:29,oyyy__ali__,not_found,Instagram reported that this profile is unavailable.
2026-08-08T15:10:32,pakhtoon____56,unfollowed,Unfollow confirmation clicked.
2026-08-08T15:10:36,pakhtoon_msd,unfollowed,Unfollow confirmation clicked.
2026-08-08T15:10:39,palwashahhhh,unfollowed,Unfollow confirmation clicked.
2026-08-08T15:10:41,pavbhajiii_12,unfollowed,Unfollow confirmation clicked.
2026-08-08T15:10:44,pawan525703,unfollowed,Unfollow confirmation clicked.
2026-08-08T15:10:47,pcqc_confession2026,unfollowed,Unfollow confirmation clicked.
2026-08-08T15:10:50,peace_1_peace,unfollowed,Unfollow confirmation clicked.
2026-08-08T15:10:53,pearrhi_admi7err_,unfollowed,Unfollow confirmation clicked.
2026-08-08T15:10:59,peter_parker.gv,following_not_visible,Could not find a visible Following button.
2026-08-08T15:11:02,peytonjxxk_,unfollowed,Unfollow confirmation clicked.
2026-08-08T15:11:06,pinkikh3,unfollowed,Unfollow confirmation clicked.
2026-08-08T15:11:09,pinkyjaiswal6907,unfollowed,Unfollow confirmation clicked.
2026-08-08T15:11:11,pk_foot_ball,unfollowed,Unfollow confirmation clicked.
2026-08-08T15:11:14,postingspamhere,unfollowed,Unfollow confirmation clicked.
2026-08-08T15:11:17,pov.namie,unfollowed,Unfollow confirmation clicked.
2026-08-08T15:11:20,pov_faiz,unfollowed,Unfollow confirmation clicked.
2026-08-08T15:11:23,povmuneeba,unfollowed,Unfollow confirmation clicked.
2026-08-08T15:11:26,pranay_ab_original,unfollowed,Unfollow confirmation clicked.
2026-08-08T15:11:32,pranaykamtekar,following_not_visible,Could not find a visible Following button.
2026-08-08T15:11:35,preetpalkgill,unfollowed,Unfollow confirmation clicked.
2026-08-08T15:11:37,pretty.annu.___,unfollowed,Unfollow confirmation clicked.
2026-08-08T15:11:40,prettymessbia,unfollowed,Unfollow confirmation clicked.
2026-08-08T15:11:43,prince_persia_09,unfollowed,Unfollow confirmation clicked.
2026-08-08T15:11:46,princess_rina777,unfollowed,Unfollow confirmation clicked.
2026-08-08T15:11:49,princeuzair.khan.108,unfollowed,Unfollow confirmation clicked.
2026-08-08T15:11:51,priv_vraja,unfollowed,Unfollow confirmation clicked.
2026-08-08T15:11:54,prjwl_prj_gowda,unfollowed,Unfollow confirmation clicked.
2026-08-08T15:11:57,pui_natnicha,unfollowed,Unfollow confirmation clicked.
2026-08-08T15:12:00,puja8_681,unfollowed,Unfollow confirmation clicked.
2026-08-08T15:12:02,pujam6142,unfollowed,Unfollow confirmation clicked.
2026-08-08T15:12:09,purvadoesntcare,already_unfollowed,Instagram shows Follow rather than Following.
2026-08-08T15:12:11,qacposting,unfollowed,Unfollow confirmation clicked.
2026-08-08T15:12:13,qamar_chaudharii,unfollowed,Unfollow confirmation clicked.
2026-08-08T15:12:16,qasimaqa709,unfollowed,Unfollow confirmation clicked.
2026-08-08T15:12:19,qasimsardar07,unfollowed,Unfollow confirmation clicked.
2026-08-08T15:12:22,qasimullahwardak,unfollowed,Unfollow confirmation clicked.
2026-08-08T15:12:25,qazimmudasir,unfollowed,Unfollow confirmation clicked.
2026-08-08T15:12:28,qazishahzaibuddin,unfollowed,Unfollow confirmation clicked.
2026-08-08T15:12:31,qirrolls,unfollowed,Unfollow confirmation clicked.
2026-08-08T15:12:33,qurairl,unfollowed,Unfollow confirmation clicked.
2026-08-08T15:12:36,quraishi2572,unfollowed,Unfollow confirmation clicked.
2026-08-08T15:12:39,qxsimmm_,unfollowed,Unfollow confirmation clicked.
2026-08-08T15:12:42,r.gillani,unfollowed,Unfollow confirmation clicked.
2026-08-08T15:12:45,r_4hii,unfollowed,Unfollow confirmation clicked.
2026-08-08T15:12:48,r_o_o_m_i5,unfollowed,Unfollow confirmation clicked.
2026-08-08T15:12:50,raahimxheikh,unfollowed,Unfollow confirmation clicked.
2026-08-08T15:12:53,raaj12c,unfollowed,Unfollow confirmation clicked.
2026-08-08T15:12:57,rabbia_alam,unfollowed,Unfollow confirmation clicked.
2026-08-08T15:12:59,rabia_butttt,unfollowed,Unfollow confirmation clicked.
2026-08-08T15:13:02,rabia_shah7,unfollowed,Unfollow confirmation clicked.
2026-08-08T15:13:05,rabieeahmad,unfollowed,Unfollow confirmation clicked.
2026-08-08T15:13:08,rabu010,unfollowed,Unfollow confirmation clicked.
2026-08-08T15:13:12,raeeshumza,unfollowed,Unfollow confirmation clicked.
2026-08-08T15:13:15,raeeskhalid_,unfollowed,Unfollow confirmation clicked.
2026-08-08T15:13:19,rafat6738,unfollowed,Unfollow confirmation clicked.
2026-08-08T15:13:21,rafay_verse,unfollowed,Unfollow confirmation clicked.
2026-08-08T15:13:24,rafayqaiser,unfollowed,Unfollow confirmation clicked.
2026-08-08T15:13:27,rafeh_101,unfollowed,Unfollow confirmation clicked.
2026-08-08T15:13:29,raffay_syr,unfollowed,Unfollow confirmation clicked.
2026-08-08T15:13:32,rafi.chohan.777,unfollowed,Unfollow confirmation clicked.
2026-08-08T15:13:35,rafiullah5868,unfollowed,Unfollow confirmation clicked.
2026-08-08T15:13:38,rahibnhiscamera,unfollowed,Unfollow confirmation clicked.
2026-08-08T15:13:40,rahil_ahmed01,unfollowed,Unfollow confirmation clicked.
2026-08-08T15:13:43,rahiltabany,unfollowed,Unfollow confirmation clicked.
2026-08-08T15:13:46,rahimulhasanrahim,unfollowed,Unfollow confirmation clicked.
2026-08-08T15:13:49,raimakhxn_,unfollowed,Unfollow confirmation clicked.
2026-08-08T15:13:51,raja.hassam.10,unfollowed,Unfollow confirmation clicked.
2026-08-08T15:13:53,raja_ahmed14,unfollowed,Unfollow confirmation clicked.
2026-08-08T15:13:56,raja_ahmed_bilal_,unfollowed,Unfollow confirmation clicked.
2026-08-08T15:13:58,raja_khan_7_8_6_786,unfollowed,Unfollow confirmation clicked.
2026-08-08T15:14:01,rajamuneeb512,unfollowed,Unfollow confirmation clicked.
2026-08-08T15:14:03,rajasaqib551,unfollowed,Unfollow confirmation clicked.
2026-08-08T15:14:06,rajasulemann,unfollowed,Unfollow confirmation clicked.
2026-08-08T15:14:09,rajpar_sameer,unfollowed,Unfollow confirmation clicked.
2026-08-08T15:14:11,rajpoot01791,unfollowed,Unfollow confirmation clicked.
2026-08-08T15:14:14,rajpootadeel89,unfollowed,Unfollow confirmation clicked.
2026-08-08T15:14:20,rajput_himanshu.0,not_found,Instagram reported that this profile is unavailable.
2026-08-08T15:14:23,raju_chitrali,unfollowed,Unfollow confirmation clicked.
2026-08-08T15:14:25,rana_abdullah_rajputana,unfollowed,Unfollow confirmation clicked.
2026-08-08T15:14:28,rana_omar_farooq,unfollowed,Unfollow confirmation clicked.
2026-08-08T15:14:31,rana_sufian49,unfollowed,Unfollow confirmation clicked.
2026-08-08T15:14:33,ranamuqeetraza,unfollowed,Unfollow confirmation clicked.
2026-08-08T15:14:36,ranaqaiserrk,unfollowed,Unfollow confirmation clicked.
2026-08-08T15:14:38,ranaqasim_01,unfollowed,Unfollow confirmation clicked.
2026-08-08T15:14:41,rand.parti,unfollowed,Unfollow confirmation clicked.
2026-08-08T15:14:44,ranginafganyar,unfollowed,Unfollow confirmation clicked.
2026-08-08T15:14:47,raphealsarfaraz,unfollowed,Unfollow confirmation clicked.
2026-08-08T15:14:49,rasheedahmedjoiya,unfollowed,Unfollow confirmation clicked.
2026-08-08T15:14:52,rashix._.07,unfollowed,Unfollow confirmation clicked.
2026-08-08T15:14:55,rasti.sohail,unfollowed,Unfollow confirmation clicked.
2026-08-08T15:14:58,rasu.fitx,unfollowed,Unfollow confirmation clicked.
2026-08-08T15:15:01,rawat.karan1,unfollowed,Unfollow confirmation clicked.
2026-08-08T15:15:03,rawzunai,unfollowed,Unfollow confirmation clicked.
2026-08-08T15:15:06,rayan_wardak4,unfollowed,Unfollow confirmation clicked.
2026-08-08T15:15:08,rayyanehmad,unfollowed,Unfollow confirmation clicked.
2026-08-08T15:15:12,rayyuuuu_1,unfollowed,Unfollow confirmation clicked.
2026-08-08T15:15:15,razamirx,unfollowed,Unfollow confirmation clicked.
2026-08-08T15:15:18,readwith_fiction,unfollowed,Unfollow confirmation clicked.
2026-08-08T15:15:21,realkhanhamza01,unfollowed,Unfollow confirmation clicked.
2026-08-08T15:15:24,realx._h,unfollowed,Unfollow confirmation clicked.
2026-08-08T15:15:30,rebelgurlll_5,not_found,Instagram reported that this profile is unavailable.
2026-08-08T15:15:32,rechelleanndepedrobarrientos,unfollowed,Unfollow confirmation clicked.
2026-08-08T15:15:36,reejj___,unfollowed,Unfollow confirmation clicked.
2026-08-08T15:15:39,reem.malikkk,unfollowed,Unfollow confirmation clicked.
2026-08-08T15:15:41,regenfeiter25,unfollowed,Unfollow confirmation clicked.
2026-08-08T15:15:44,rehan_choudhry99,unfollowed,Unfollow confirmation clicked.
2026-08-08T15:15:48,rehandrew,unfollowed,Unfollow confirmation clicked.
2026-08-08T15:15:54,rehannhub,not_found,Instagram reported that this profile is unavailable.
2026-08-08T15:15:56,rehmyboiii,unfollowed,Unfollow confirmation clicked.
2026-08-08T15:16:02,reindeer.7039200,not_found,Instagram reported that this profile is unavailable.
2026-08-08T15:16:05,relaxingasmr26,unfollowed,Unfollow confirmation clicked.
2026-08-08T15:16:08,rendisptr_____,unfollowed,Unfollow confirmation clicked.
2026-08-08T15:16:14,reyan4r,not_found,Instagram reported that this profile is unavailable.
2026-08-08T15:16:20,rhino.85247984,not_found,Instagram reported that this profile is unavailable.
2026-08-08T15:16:22,ridableh,unfollowed,Unfollow confirmation clicked.
2026-08-08T15:16:25,ridaesthete,unfollowed,Unfollow confirmation clicked.
2026-08-08T15:16:28,ridwanaleofficial,unfollowed,Unfollow confirmation clicked.
2026-08-08T15:16:31,rimsha8899000,unfollowed,Unfollow confirmation clicked.
2026-08-08T15:16:33,rimsha_tabassum123,unfollowed,Unfollow confirmation clicked.
2026-08-08T15:16:37,rimshaxdaires,unfollowed,Unfollow confirmation clicked.
2026-08-08T15:16:39,riyakaur__2,unfollowed,Unfollow confirmation clicked.
2026-08-08T15:16:42,riyalhumorr,unfollowed,Unfollow confirmation clicked.
2026-08-08T15:16:45,riyhan_mohammed,unfollowed,Unfollow confirmation clicked.
2026-08-08T15:16:47,rizwan.khokhar140,unfollowed,Unfollow confirmation clicked.
2026-08-08T15:16:54,rizwann.20,following_not_visible,Could not find a visible Following button.
2026-08-08T15:17:00,rizzyhimm,not_found,Instagram reported that this profile is unavailable.
2026-08-08T15:17:03,rm6804458,unfollowed,Unfollow confirmation clicked.
2026-08-08T15:17:05,rn_jawad_ali,unfollowed,Unfollow confirmation clicked.
2026-08-08T15:17:08,roh_posh_10,unfollowed,Unfollow confirmation clicked.
2026-08-08T15:17:10,roha_ruh,unfollowed,Unfollow confirmation clicked.
2026-08-08T15:17:13,rohaanalvixvi,unfollowed,Unfollow confirmation clicked.
2026-08-08T15:17:16,rohamaariaz,unfollowed,Unfollow confirmation clicked.
2026-08-08T15:17:20,romail.ehmad,unfollowed,Unfollow confirmation clicked.
2026-08-08T15:17:22,romaisafatima_awan,unfollowed,Unfollow confirmation clicked.
2026-08-08T15:17:24,roman43781,unfollowed,Unfollow confirmation clicked.
2026-08-08T15:17:27,romial__andrew,unfollowed,Unfollow confirmation clicked.
2026-08-08T15:17:30,roshaan_kahoot,unfollowed,Unfollow confirmation clicked.
2026-08-08T15:17:32,rotc1us,unfollowed,Unfollow confirmation clicked.
2026-08-08T15:17:35,rozkayy,unfollowed,Unfollow confirmation clicked.
2026-08-08T15:17:38,rruman.shahzad,unfollowed,Unfollow confirmation clicked.
2026-08-08T15:17:40,rubah_blogs,unfollowed,Unfollow confirmation clicked.
2026-08-08T15:17:43,rubiisshah_,unfollowed,Unfollow confirmation clicked.
2026-08-08T15:17:46,ruhhh_511,unfollowed,Unfollow confirmation clicked.
2026-08-08T15:17:49,rukh3509,unfollowed,Unfollow confirmation clicked.
2026-08-08T15:17:52,ruppatra.official,unfollowed,Unfollow confirmation clicked.
2026-08-08T15:17:55,s.arslan04,unfollowed,Unfollow confirmation clicked.
2026-08-08T15:17:58,s.humza.s.96,unfollowed,Unfollow confirmation clicked.
2026-08-08T15:18:01,s.lishu_,unfollowed,Unfollow confirmation clicked.
2026-08-08T15:18:04,s_aram5,unfollowed,Unfollow confirmation clicked.
2026-08-08T15:18:07,s_umanaa,unfollowed,Unfollow confirmation clicked.
2026-08-08T15:18:10,saaadawann,unfollowed,Unfollow confirmation clicked.
2026-08-08T15:18:13,saaadiiii__,unfollowed,Unfollow confirmation clicked.
2026-08-08T15:18:19,saad.ayub.dar,following_not_visible,Could not find a visible Following button.
2026-08-08T15:18:22,saadi_satti_,unfollowed,Unfollow confirmation clicked.
2026-08-08T15:18:26,saadkhan9ff2021,unfollowed,Unfollow confirmation clicked.
2026-08-08T15:18:28,saadkhan_770,unfollowed,Unfollow confirmation clicked.
2026-08-08T15:18:31,saadmasoodsheikhh,unfollowed,Unfollow confirmation clicked.
2026-08-08T15:18:33,saadrafiqq,unfollowed,Unfollow confirmation clicked.
2026-08-08T15:18:40,saadteshkeran,not_found,Instagram reported that this profile is unavailable.
2026-08-08T15:18:43,saadverse_,unfollowed,Unfollow confirmation clicked.
2026-08-08T15:18:46,saba_khan8935,unfollowed,Unfollow confirmation clicked.
2026-08-08T15:18:52,saba_rajpoot1904,not_found,Instagram reported that this profile is unavailable.
2026-08-08T15:18:56,sabadaily,unfollowed,Unfollow confirmation clicked.
2026-08-08T15:18:59,sabrinakakviii,unfollowed,Unfollow confirmation clicked.
2026-08-08T15:19:05,sabziorsalad,not_found,Instagram reported that this profile is unavailable.
2026-08-08T15:19:07,sadeemcurates,unfollowed,Unfollow confirmation clicked.
2026-08-08T15:19:09,sadiqalitahir,unfollowed,Unfollow confirmation clicked.
2026-08-08T15:19:16,saffisiddiqui,following_not_visible,Could not find a visible Following button.
2026-08-08T15:19:18,saffullahkhan4,unfollowed,Unfollow confirmation clicked.
2026-08-08T15:19:21,safyantanveer5,unfollowed,Unfollow confirmation clicked.
2026-08-08T15:19:24,sagheerbaltii,unfollowed,Unfollow confirmation clicked.
2026-08-08T15:19:27,saghirahmadkha,unfollowed,Unfollow confirmation clicked.
2026-08-08T15:19:31,sagittarian_secret,unfollowed,Unfollow confirmation clicked.
2026-08-08T15:19:33,saharan_animesh,unfollowed,Unfollow confirmation clicked.
2026-08-08T15:19:36,saif_ul_abideen07,unfollowed,Unfollow confirmation clicked.
2026-08-08T15:19:39,saiffyytherapist,unfollowed,Unfollow confirmation clicked.
2026-08-08T15:19:42,saifqureshi_music,unfollowed,Unfollow confirmation clicked.
2026-08-08T15:19:48,saifulhayattt,already_unfollowed,Instagram shows Follow rather than Following.
2026-08-08T15:19:51,saifullahkhxn,unfollowed,Unfollow confirmation clicked.
2026-08-08T15:19:58,saira.noordin,not_found,Instagram reported that this profile is unavailable.
2026-08-08T15:20:00,saishaa.g,unfollowed,Unfollow confirmation clicked.
2026-08-08T15:20:04,saishaa.k,unfollowed,Unfollow confirmation clicked.
2026-08-08T15:20:07,saith_ali253,unfollowed,Unfollow confirmation clicked.
2026-08-08T15:20:09,sajaalmalikk,unfollowed,Unfollow confirmation clicked.
2026-08-08T15:20:13,sajidkhan193,unfollowed,Unfollow confirmation clicked.
2026-08-08T15:20:15,sajidullah694,unfollowed,Unfollow confirmation clicked.
2026-08-08T15:20:18,sajjadsheikh478,unfollowed,Unfollow confirmation clicked.
2026-08-08T15:20:20,sakeena_amir23,unfollowed,Unfollow confirmation clicked.
2026-08-08T15:20:23,sakoonerooh4206,unfollowed,Unfollow confirmation clicked.
2026-08-08T15:20:25,salciiiiii,unfollowed,Unfollow confirmation clicked.
2026-08-08T15:20:28,salmanafzalstore,unfollowed,Unfollow confirmation clicked.
2026-08-08T15:20:30,salmannaaim,unfollowed,Unfollow confirmation clicked.
2026-08-08T15:20:33,salu_roz,unfollowed,Unfollow confirmation clicked.
2026-08-08T15:20:36,sam.fk02,unfollowed,Unfollow confirmation clicked.
2026-08-08T15:20:38,samad19._,unfollowed,Unfollow confirmation clicked.
2026-08-08T15:20:41,samadchaudhry.uk,unfollowed,Unfollow confirmation clicked.
2026-08-08T15:20:44,sameedbabarkhan,unfollowed,Unfollow confirmation clicked.
2026-08-08T15:20:46,sameeransari63175,unfollowed,Unfollow confirmation clicked.
2026-08-08T15:20:49,sameerayyy_,unfollowed,Unfollow confirmation clicked.
2026-08-08T15:20:52,sameermh3,unfollowed,Unfollow confirmation clicked.
2026-08-08T15:20:54,sameernoorchaudhary,unfollowed,Unfollow confirmation clicked.
2026-08-08T15:20:57,sameetkhurramm,unfollowed,Unfollow confirmation clicked.
2026-08-08T15:20:59,sami_kashif020,unfollowed,Unfollow confirmation clicked.
2026-08-08T15:21:02,sami_ur_rehman_7,unfollowed,Unfollow confirmation clicked.
2026-08-08T15:21:04,samiaislam,unfollowed,Unfollow confirmation clicked.
2026-08-08T15:21:07,samiii_official_1,unfollowed,Unfollow confirmation clicked.
2026-08-08T15:21:09,samikham123,unfollowed,Unfollow confirmation clicked.
2026-08-08T15:21:11,samreen78345,unfollowed,Unfollow confirmation clicked.
2026-08-08T15:21:14,samreen_spills,unfollowed,Unfollow confirmation clicked.
2026-08-08T15:21:16,sana.sh____,unfollowed,Unfollow confirmation clicked.
2026-08-08T15:21:22,sana_41551,not_found,Instagram reported that this profile is unavailable.
2026-08-08T15:21:25,sana_rathored137,unfollowed,Unfollow confirmation clicked.
2026-08-08T15:21:32,sanaaftabplt,already_unfollowed,Instagram shows Follow rather than Following.
2026-08-08T15:21:34,sanam_malick98,unfollowed,Unfollow confirmation clicked.
2026-08-08T15:21:37,sanarajputt_,unfollowed,Unfollow confirmation clicked.
2026-08-08T15:21:40,sanchari_peace,unfollowed,Unfollow confirmation clicked.
2026-08-08T15:21:42,sanikadhote__,unfollowed,Unfollow confirmation clicked.
2026-08-08T15:21:45,sanjidaane3,unfollowed,Unfollow confirmation clicked.
2026-08-08T15:21:48,sanwali_si_larki4900,unfollowed,Unfollow confirmation clicked.
2026-08-08T15:21:51,saq9___,unfollowed,Unfollow confirmation clicked.
2026-08-08T15:21:54,saqib_nizam_17,unfollowed,Unfollow confirmation clicked.
2026-08-08T15:21:56,saqlain._.raxa_,unfollowed,Unfollow confirmation clicked.
2026-08-08T15:21:58,saqlainextras,unfollowed,Unfollow confirmation clicked.
2026-08-08T15:22:01,sarahmehmood17,unfollowed,Unfollow confirmation clicked.
2026-08-08T15:22:04,sarashahh11,unfollowed,Unfollow confirmation clicked.
2026-08-08T15:22:07,saratanveerr,unfollowed,Unfollow confirmation clicked.
2026-08-08T15:22:10,saraviahossain,unfollowed,Unfollow confirmation clicked.
2026-08-08T15:22:13,saray.ka.sara_,unfollowed,Unfollow confirmation clicked.
2026-08-08T15:22:16,sardar_yousuf_ii,unfollowed,Unfollow confirmation clicked.
2026-08-08T15:22:22,sardarnasrullahkhan_1,following_not_visible,Could not find a visible Following button.
2026-08-08T15:22:24,saritasangrez,unfollowed,Unfollow confirmation clicked.
2026-08-08T15:22:26,saroshjawed,unfollowed,Unfollow confirmation clicked.
2026-08-08T15:22:29,sarve_hyadav,unfollowed,Unfollow confirmation clicked.
2026-08-08T15:22:32,sassymuse___,unfollowed,Unfollow confirmation clicked.
2026-08-08T15:22:34,saud.alam.92754,unfollowed,Unfollow confirmation clicked.
2026-08-08T15:22:36,saudakhann_,unfollowed,Unfollow confirmation clicked.
2026-08-08T15:22:39,saurabhz88,unfollowed,Unfollow confirmation clicked.
2026-08-08T15:22:43,savad__kakkad,unfollowed,Unfollow confirmation clicked.
2026-08-08T15:22:45,savairahakkani,unfollowed,Unfollow confirmation clicked.
2026-08-08T15:22:47,sayedqasimkazmi,unfollowed,Unfollow confirmation clicked.
2026-08-08T15:22:50,sayemlalaaa,unfollowed,Unfollow confirmation clicked.
2026-08-08T15:22:56,sayherrrrr__,not_found,Instagram reported that this profile is unavailable.
2026-08-08T15:23:03,sayyamhamza,not_found,Instagram reported that this profile is unavailable.
2026-08-08T15:23:05,sayyed.suleman.501,unfollowed,Unfollow confirmation clicked.
2026-08-08T15:23:08,scar___33,unfollowed,Unfollow confirmation clicked.
2026-08-08T15:23:10,scroll_n_spill,unfollowed,Unfollow confirmation clicked.
2026-08-08T15:28:17,second_diet_by_zoha_hafeez,error,"Timed out: Message: 
Stacktrace:
	chromedriver!GetHandleVerifier [0x7ff7acf9e1b5+153f5]
	chromedriver!GetHandleVerifier [0x7ff7acf9e210+15450]
	chromedriver!(No symbol) [0x7ff7acad5bbd]
	chromedriver!(No symbol) [0x7ff7acb3108d]
	chromedriver!(No symbol) [0x7ff7acb3138c]
	chromedriver!(No symbol) [0x7ff7acb81c27]
	chromedriver!(No symbol) [0x7ff7acb7e7eb]
	chromedriver!(No symbol) [0x7ff7acb2361c]
	chromedriver!(No symbol) [0x7ff7acb24543]
	chromedriver!GetHandleVerifier [0x7ff7ad569791+5e09d1]
	chromedriver!GetHandleVerifier [0x7ff7ad563b3b+5dad7b]
	chromedriver!GetHandleVerifier [0x7ff7ad589315+600555]
	chromedriver!GetHandleVerifier [0x7ff7acfbbf5e+3319e]
	chromedriver!GetHandleVerifier [0x7ff7acfc474c+3b98c]
	chromedriver!GetHandleVerifier [0x7ff7acfa8284+1f4c4]
	chromedriver!GetHandleVerifier [0x7ff7acfa8414+1f654]
	chromedriver!GetHandleVerifier [0x7ff7acf8b0a7+22e7]
	KERNEL32!BaseThreadInitThunk [0x7ffbf74accb7+17]
	ntdll!RtlUserThreadStart [0x7ffbf87191cc+2c]
"
2026-08-08T15:28:25,secrett0007,error,"Timed out: Message: 
Stacktrace:
	chromedriver!GetHandleVerifier [0x7ff7acf9e1b5+153f5]
	chromedriver!GetHandleVerifier [0x7ff7acf9e210+15450]
	chromedriver!(No symbol) [0x7ff7acad5bbd]
	chromedriver!(No symbol) [0x7ff7acb3108d]
	chromedriver!(No symbol) [0x7ff7acb3138c]
	chromedriver!(No symbol) [0x7ff7acb81c27]
	chromedriver!(No symbol) [0x7ff7acb7e7eb]
	chromedriver!(No symbol) [0x7ff7acb2361c]
	chromedriver!(No symbol) [0x7ff7acb24543]
	chromedriver!GetHandleVerifier [0x7ff7ad569791+5e09d1]
	chromedriver!GetHandleVerifier [0x7ff7ad563b3b+5dad7b]
	chromedriver!GetHandleVerifier [0x7ff7ad589315+600555]
	chromedriver!GetHandleVerifier [0x7ff7acfbbf5e+3319e]
	chromedriver!GetHandleVerifier [0x7ff7acfc474c+3b98c]
	chromedriver!GetHandleVerifier [0x7ff7acfa8284+1f4c4]
	chromedriver!GetHandleVerifier [0x7ff7acfa8414+1f654]
	chromedriver!GetHandleVerifier [0x7ff7acf8b0a7+22e7]
	KERNEL32!BaseThreadInitThunk [0x7ffbf74accb7+17]
	ntdll!RtlUserThreadStart [0x7ffbf87191cc+2c]
"
2026-08-08T15:28:31,seeratzahra_,error,"Timed out: Message: 
Stacktrace:
	chromedriver!GetHandleVerifier [0x7ff7acf9e1b5+153f5]
	chromedriver!GetHandleVerifier [0x7ff7acf9e210+15450]
	chromedriver!(No symbol) [0x7ff7acad5bbd]
	chromedriver!(No symbol) [0x7ff7acb3108d]
	chromedriver!(No symbol) [0x7ff7acb3138c]
	chromedriver!(No symbol) [0x7ff7acb81c27]
	chromedriver!(No symbol) [0x7ff7acb7e7eb]
	chromedriver!(No symbol) [0x7ff7acb2361c]
	chromedriver!(No symbol) [0x7ff7acb24543]
	chromedriver!GetHandleVerifier [0x7ff7ad569791+5e09d1]
	chromedriver!GetHandleVerifier [0x7ff7ad563b3b+5dad7b]
	chromedriver!GetHandleVerifier [0x7ff7ad589315+600555]
	chromedriver!GetHandleVerifier [0x7ff7acfbbf5e+3319e]
	chromedriver!GetHandleVerifier [0x7ff7acfc474c+3b98c]
	chromedriver!GetHandleVerifier [0x7ff7acfa8284+1f4c4]
	chromedriver!GetHandleVerifier [0x7ff7acfa8414+1f654]
	chromedriver!GetHandleVerifier [0x7ff7acf8b0a7+22e7]
	KERNEL32!BaseThreadInitThunk [0x7ffbf74accb7+17]
	ntdll!RtlUserThreadStart [0x7ffbf87191cc+2c]
"
2026-08-08T15:28:39,sehalgaziani,error,"Timed out: Message: 
Stacktrace:
	chromedriver!GetHandleVerifier [0x7ff7acf9e1b5+153f5]
	chromedriver!GetHandleVerifier [0x7ff7acf9e210+15450]
	chromedriver!(No symbol) [0x7ff7acad5bbd]
	chromedriver!(No symbol) [0x7ff7acb3108d]
	chromedriver!(No symbol) [0x7ff7acb3138c]
	chromedriver!(No symbol) [0x7ff7acb81c27]
	chromedriver!(No symbol) [0x7ff7acb7e7eb]
	chromedriver!(No symbol) [0x7ff7acb2361c]
	chromedriver!(No symbol) [0x7ff7acb24543]
	chromedriver!GetHandleVerifier [0x7ff7ad569791+5e09d1]
	chromedriver!GetHandleVerifier [0x7ff7ad563b3b+5dad7b]
	chromedriver!GetHandleVerifier [0x7ff7ad589315+600555]
	chromedriver!GetHandleVerifier [0x7ff7acfbbf5e+3319e]
	chromedriver!GetHandleVerifier [0x7ff7acfc474c+3b98c]
	chromedriver!GetHandleVerifier [0x7ff7acfa8284+1f4c4]
	chromedriver!GetHandleVerifier [0x7ff7acfa8414+1f654]
	chromedriver!GetHandleVerifier [0x7ff7acf8b0a7+22e7]
	KERNEL32!BaseThreadInitThunk [0x7ffbf74accb7+17]
	ntdll!RtlUserThreadStart [0x7ffbf87191cc+2c]
"
2026-08-08T15:28:46,seharr_shehzadii,error,"Timed out: Message: 
Stacktrace:
	chromedriver!GetHandleVerifier [0x7ff7acf9e1b5+153f5]
	chromedriver!GetHandleVerifier [0x7ff7acf9e210+15450]
	chromedriver!(No symbol) [0x7ff7acad5bbd]
	chromedriver!(No symbol) [0x7ff7acb3108d]
	chromedriver!(No symbol) [0x7ff7acb3138c]
	chromedriver!(No symbol) [0x7ff7acb81c27]
	chromedriver!(No symbol) [0x7ff7acb7e7eb]
	chromedriver!(No symbol) [0x7ff7acb2361c]
	chromedriver!(No symbol) [0x7ff7acb24543]
	chromedriver!GetHandleVerifier [0x7ff7ad569791+5e09d1]
	chromedriver!GetHandleVerifier [0x7ff7ad563b3b+5dad7b]
	chromedriver!GetHandleVerifier [0x7ff7ad589315+600555]
	chromedriver!GetHandleVerifier [0x7ff7acfbbf5e+3319e]
	chromedriver!GetHandleVerifier [0x7ff7acfc474c+3b98c]
	chromedriver!GetHandleVerifier [0x7ff7acfa8284+1f4c4]
	chromedriver!GetHandleVerifier [0x7ff7acfa8414+1f654]
	chromedriver!GetHandleVerifier [0x7ff7acf8b0a7+22e7]
	KERNEL32!BaseThreadInitThunk [0x7ffbf74accb7+17]
	ntdll!RtlUserThreadStart [0x7ffbf87191cc+2c]
"
2026-08-08T15:28:54,selenophiler001,error,"Timed out: Message: 
Stacktrace:
	chromedriver!GetHandleVerifier [0x7ff7acf9e1b5+153f5]
	chromedriver!GetHandleVerifier [0x7ff7acf9e210+15450]
	chromedriver!(No symbol) [0x7ff7acad5bbd]
	chromedriver!(No symbol) [0x7ff7acb3108d]
	chromedriver!(No symbol) [0x7ff7acb3138c]
	chromedriver!(No symbol) [0x7ff7acb81c27]
	chromedriver!(No symbol) [0x7ff7acb7e7eb]
	chromedriver!(No symbol) [0x7ff7acb2361c]
	chromedriver!(No symbol) [0x7ff7acb24543]
	chromedriver!GetHandleVerifier [0x7ff7ad569791+5e09d1]
	chromedriver!GetHandleVerifier [0x7ff7ad563b3b+5dad7b]
	chromedriver!GetHandleVerifier [0x7ff7ad589315+600555]
	chromedriver!GetHandleVerifier [0x7ff7acfbbf5e+3319e]
	chromedriver!GetHandleVerifier [0x7ff7acfc474c+3b98c]
	chromedriver!GetHandleVerifier [0x7ff7acfa8284+1f4c4]
	chromedriver!GetHandleVerifier [0x7ff7acfa8414+1f654]
	chromedriver!GetHandleVerifier [0x7ff7acf8b0a7+22e7]
	KERNEL32!BaseThreadInitThunk [0x7ffbf74accb7+17]
	ntdll!RtlUserThreadStart [0x7ffbf87191cc+2c]
"
2026-08-08T15:29:01,seren_0sk,error,"Timed out: Message: 
Stacktrace:
	chromedriver!GetHandleVerifier [0x7ff7acf9e1b5+153f5]
	chromedriver!GetHandleVerifier [0x7ff7acf9e210+15450]
	chromedriver!(No symbol) [0x7ff7acad5bbd]
	chromedriver!(No symbol) [0x7ff7acb3108d]
	chromedriver!(No symbol) [0x7ff7acb3138c]
	chromedriver!(No symbol) [0x7ff7acb81c27]
	chromedriver!(No symbol) [0x7ff7acb7e7eb]
	chromedriver!(No symbol) [0x7ff7acb2361c]
	chromedriver!(No symbol) [0x7ff7acb24543]
	chromedriver!GetHandleVerifier [0x7ff7ad569791+5e09d1]
	chromedriver!GetHandleVerifier [0x7ff7ad563b3b+5dad7b]
	chromedriver!GetHandleVerifier [0x7ff7ad589315+600555]
	chromedriver!GetHandleVerifier [0x7ff7acfbbf5e+3319e]
	chromedriver!GetHandleVerifier [0x7ff7acfc474c+3b98c]
	chromedriver!GetHandleVerifier [0x7ff7acfa8284+1f4c4]
	chromedriver!GetHandleVerifier [0x7ff7acfa8414+1f654]
	chromedriver!GetHandleVerifier [0x7ff7acf8b0a7+22e7]
	KERNEL32!BaseThreadInitThunk [0x7ffbf74accb7+17]
	ntdll!RtlUserThreadStart [0x7ffbf87191cc+2c]
"
2026-08-08T15:29:08,sh4h4b.73,error,"Timed out: Message: 
Stacktrace:
	chromedriver!GetHandleVerifier [0x7ff7acf9e1b5+153f5]
	chromedriver!GetHandleVerifier [0x7ff7acf9e210+15450]
	chromedriver!(No symbol) [0x7ff7acad5bbd]
	chromedriver!(No symbol) [0x7ff7acb3108d]
	chromedriver!(No symbol) [0x7ff7acb3138c]
	chromedriver!(No symbol) [0x7ff7acb81c27]
	chromedriver!(No symbol) [0x7ff7acb7e7eb]
	chromedriver!(No symbol) [0x7ff7acb2361c]
	chromedriver!(No symbol) [0x7ff7acb24543]
	chromedriver!GetHandleVerifier [0x7ff7ad569791+5e09d1]
	chromedriver!GetHandleVerifier [0x7ff7ad563b3b+5dad7b]
	chromedriver!GetHandleVerifier [0x7ff7ad589315+600555]
	chromedriver!GetHandleVerifier [0x7ff7acfbbf5e+3319e]
	chromedriver!GetHandleVerifier [0x7ff7acfc474c+3b98c]
	chromedriver!GetHandleVerifier [0x7ff7acfa8284+1f4c4]
	chromedriver!GetHandleVerifier [0x7ff7acfa8414+1f654]
	chromedriver!GetHandleVerifier [0x7ff7acf8b0a7+22e7]
	KERNEL32!BaseThreadInitThunk [0x7ffbf74accb7+17]
	ntdll!RtlUserThreadStart [0x7ffbf87191cc+2c]
"
2026-08-08T15:29:15,sh_aftab_06,error,"Timed out: Message: 
Stacktrace:
	chromedriver!GetHandleVerifier [0x7ff7acf9e1b5+153f5]
	chromedriver!GetHandleVerifier [0x7ff7acf9e210+15450]
	chromedriver!(No symbol) [0x7ff7acad5bbd]
	chromedriver!(No symbol) [0x7ff7acb3108d]
	chromedriver!(No symbol) [0x7ff7acb3138c]
	chromedriver!(No symbol) [0x7ff7acb81c27]
	chromedriver!(No symbol) [0x7ff7acb7e7eb]
	chromedriver!(No symbol) [0x7ff7acb2361c]
	chromedriver!(No symbol) [0x7ff7acb24543]
	chromedriver!GetHandleVerifier [0x7ff7ad569791+5e09d1]
	chromedriver!GetHandleVerifier [0x7ff7ad563b3b+5dad7b]
	chromedriver!GetHandleVerifier [0x7ff7ad589315+600555]
	chromedriver!GetHandleVerifier [0x7ff7acfbbf5e+3319e]
	chromedriver!GetHandleVerifier [0x7ff7acfc474c+3b98c]
	chromedriver!GetHandleVerifier [0x7ff7acfa8284+1f4c4]
	chromedriver!GetHandleVerifier [0x7ff7acfa8414+1f654]
	chromedriver!GetHandleVerifier [0x7ff7acf8b0a7+22e7]
	KERNEL32!BaseThreadInitThunk [0x7ffbf74accb7+17]
	ntdll!RtlUserThreadStart [0x7ffbf87191cc+2c]
"
2026-08-08T15:29:22,shaagun__rathore,error,"Timed out: Message: 
Stacktrace:
	chromedriver!GetHandleVerifier [0x7ff7acf9e1b5+153f5]
	chromedriver!GetHandleVerifier [0x7ff7acf9e210+15450]
	chromedriver!(No symbol) [0x7ff7acad5bbd]
	chromedriver!(No symbol) [0x7ff7acb3108d]
	chromedriver!(No symbol) [0x7ff7acb3138c]
	chromedriver!(No symbol) [0x7ff7acb81c27]
	chromedriver!(No symbol) [0x7ff7acb7e7eb]
	chromedriver!(No symbol) [0x7ff7acb2361c]
	chromedriver!(No symbol) [0x7ff7acb24543]
	chromedriver!GetHandleVerifier [0x7ff7ad569791+5e09d1]
	chromedriver!GetHandleVerifier [0x7ff7ad563b3b+5dad7b]
	chromedriver!GetHandleVerifier [0x7ff7ad589315+600555]
	chromedriver!GetHandleVerifier [0x7ff7acfbbf5e+3319e]
	chromedriver!GetHandleVerifier [0x7ff7acfc474c+3b98c]
	chromedriver!GetHandleVerifier [0x7ff7acfa8284+1f4c4]
	chromedriver!GetHandleVerifier [0x7ff7acfa8414+1f654]
	chromedriver!GetHandleVerifier [0x7ff7acf8b0a7+22e7]
	KERNEL32!BaseThreadInitThunk [0x7ffbf74accb7+17]
	ntdll!RtlUserThreadStart [0x7ffbf87191cc+2c]
"
2026-08-08T15:29:29,shadap_alam,error,"Timed out: Message: 
Stacktrace:
	chromedriver!GetHandleVerifier [0x7ff7acf9e1b5+153f5]
	chromedriver!GetHandleVerifier [0x7ff7acf9e210+15450]
	chromedriver!(No symbol) [0x7ff7acad5bbd]
	chromedriver!(No symbol) [0x7ff7acb3108d]
	chromedriver!(No symbol) [0x7ff7acb3138c]
	chromedriver!(No symbol) [0x7ff7acb81c27]
	chromedriver!(No symbol) [0x7ff7acb7e7eb]
	chromedriver!(No symbol) [0x7ff7acb2361c]
	chromedriver!(No symbol) [0x7ff7acb24543]
	chromedriver!GetHandleVerifier [0x7ff7ad569791+5e09d1]
	chromedriver!GetHandleVerifier [0x7ff7ad563b3b+5dad7b]
	chromedriver!GetHandleVerifier [0x7ff7ad589315+600555]
	chromedriver!GetHandleVerifier [0x7ff7acfbbf5e+3319e]
	chromedriver!GetHandleVerifier [0x7ff7acfc474c+3b98c]
	chromedriver!GetHandleVerifier [0x7ff7acfa8284+1f4c4]
	chromedriver!GetHandleVerifier [0x7ff7acfa8414+1f654]
	chromedriver!GetHandleVerifier [0x7ff7acf8b0a7+22e7]
	KERNEL32!BaseThreadInitThunk [0x7ffbf74accb7+17]
	ntdll!RtlUserThreadStart [0x7ffbf87191cc+2c]
"
2026-08-08T15:29:37,shae.sin,error,"Timed out: Message: 
Stacktrace:
	chromedriver!GetHandleVerifier [0x7ff7acf9e1b5+153f5]
	chromedriver!GetHandleVerifier [0x7ff7acf9e210+15450]
	chromedriver!(No symbol) [0x7ff7acad5bbd]
	chromedriver!(No symbol) [0x7ff7acb3108d]
	chromedriver!(No symbol) [0x7ff7acb3138c]
	chromedriver!(No symbol) [0x7ff7acb81c27]
	chromedriver!(No symbol) [0x7ff7acb7e7eb]
	chromedriver!(No symbol) [0x7ff7acb2361c]
	chromedriver!(No symbol) [0x7ff7acb24543]
	chromedriver!GetHandleVerifier [0x7ff7ad569791+5e09d1]
	chromedriver!GetHandleVerifier [0x7ff7ad563b3b+5dad7b]
	chromedriver!GetHandleVerifier [0x7ff7ad589315+600555]
	chromedriver!GetHandleVerifier [0x7ff7acfbbf5e+3319e]
	chromedriver!GetHandleVerifier [0x7ff7acfc474c+3b98c]
	chromedriver!GetHandleVerifier [0x7ff7acfa8284+1f4c4]
	chromedriver!GetHandleVerifier [0x7ff7acfa8414+1f654]
	chromedriver!GetHandleVerifier [0x7ff7acf8b0a7+22e7]
	KERNEL32!BaseThreadInitThunk [0x7ffbf74accb7+17]
	ntdll!RtlUserThreadStart [0x7ffbf87191cc+2c]
"
2026-08-08T15:29:44,shafaad_8,error,"Timed out: Message: 
Stacktrace:
	chromedriver!GetHandleVerifier [0x7ff7acf9e1b5+153f5]
	chromedriver!GetHandleVerifier [0x7ff7acf9e210+15450]
	chromedriver!(No symbol) [0x7ff7acad5bbd]
	chromedriver!(No symbol) [0x7ff7acb3108d]
	chromedriver!(No symbol) [0x7ff7acb3138c]
	chromedriver!(No symbol) [0x7ff7acb81c27]
	chromedriver!(No symbol) [0x7ff7acb7e7eb]
	chromedriver!(No symbol) [0x7ff7acb2361c]
	chromedriver!(No symbol) [0x7ff7acb24543]
	chromedriver!GetHandleVerifier [0x7ff7ad569791+5e09d1]
	chromedriver!GetHandleVerifier [0x7ff7ad563b3b+5dad7b]
	chromedriver!GetHandleVerifier [0x7ff7ad589315+600555]
	chromedriver!GetHandleVerifier [0x7ff7acfbbf5e+3319e]
	chromedriver!GetHandleVerifier [0x7ff7acfc474c+3b98c]
	chromedriver!GetHandleVerifier [0x7ff7acfa8284+1f4c4]
	chromedriver!GetHandleVerifier [0x7ff7acfa8414+1f654]
	chromedriver!GetHandleVerifier [0x7ff7acf8b0a7+22e7]
	KERNEL32!BaseThreadInitThunk [0x7ffbf74accb7+17]
	ntdll!RtlUserThreadStart [0x7ffbf87191cc+2c]
"
2026-08-08T15:29:51,shah_pms,error,"Timed out: Message: 
Stacktrace:
	chromedriver!GetHandleVerifier [0x7ff7acf9e1b5+153f5]
	chromedriver!GetHandleVerifier [0x7ff7acf9e210+15450]
	chromedriver!(No symbol) [0x7ff7acad5bbd]
	chromedriver!(No symbol) [0x7ff7acb3108d]
	chromedriver!(No symbol) [0x7ff7acb3138c]
	chromedriver!(No symbol) [0x7ff7acb81c27]
	chromedriver!(No symbol) [0x7ff7acb7e7eb]
	chromedriver!(No symbol) [0x7ff7acb2361c]
	chromedriver!(No symbol) [0x7ff7acb24543]
	chromedriver!GetHandleVerifier [0x7ff7ad569791+5e09d1]
	chromedriver!GetHandleVerifier [0x7ff7ad563b3b+5dad7b]
	chromedriver!GetHandleVerifier [0x7ff7ad589315+600555]
	chromedriver!GetHandleVerifier [0x7ff7acfbbf5e+3319e]
	chromedriver!GetHandleVerifier [0x7ff7acfc474c+3b98c]
	chromedriver!GetHandleVerifier [0x7ff7acfa8284+1f4c4]
	chromedriver!GetHandleVerifier [0x7ff7acfa8414+1f654]
	chromedriver!GetHandleVerifier [0x7ff7acf8b0a7+22e7]
	KERNEL32!BaseThreadInitThunk [0x7ffbf74accb7+17]
	ntdll!RtlUserThreadStart [0x7ffbf87191cc+2c]
"
2026-08-08T15:29:58,shahabali10,error,"Timed out: Message: 
Stacktrace:
	chromedriver!GetHandleVerifier [0x7ff7acf9e1b5+153f5]
	chromedriver!GetHandleVerifier [0x7ff7acf9e210+15450]
	chromedriver!(No symbol) [0x7ff7acad5bbd]
	chromedriver!(No symbol) [0x7ff7acb3108d]
	chromedriver!(No symbol) [0x7ff7acb3138c]
	chromedriver!(No symbol) [0x7ff7acb81c27]
	chromedriver!(No symbol) [0x7ff7acb7e7eb]
	chromedriver!(No symbol) [0x7ff7acb2361c]
	chromedriver!(No symbol) [0x7ff7acb24543]
	chromedriver!GetHandleVerifier [0x7ff7ad569791+5e09d1]
	chromedriver!GetHandleVerifier [0x7ff7ad563b3b+5dad7b]
	chromedriver!GetHandleVerifier [0x7ff7ad589315+600555]
	chromedriver!GetHandleVerifier [0x7ff7acfbbf5e+3319e]
	chromedriver!GetHandleVerifier [0x7ff7acfc474c+3b98c]
	chromedriver!GetHandleVerifier [0x7ff7acfa8284+1f4c4]
	chromedriver!GetHandleVerifier [0x7ff7acfa8414+1f654]
	chromedriver!GetHandleVerifier [0x7ff7acf8b0a7+22e7]
	KERNEL32!BaseThreadInitThunk [0x7ffbf74accb7+17]
	ntdll!RtlUserThreadStart [0x7ffbf87191cc+2c]
"
2026-08-08T15:30:05,shahbazshahh,error,"Timed out: Message: 
Stacktrace:
	chromedriver!GetHandleVerifier [0x7ff7acf9e1b5+153f5]
	chromedriver!GetHandleVerifier [0x7ff7acf9e210+15450]
	chromedriver!(No symbol) [0x7ff7acad5bbd]
	chromedriver!(No symbol) [0x7ff7acb3108d]
	chromedriver!(No symbol) [0x7ff7acb3138c]
	chromedriver!(No symbol) [0x7ff7acb81c27]
	chromedriver!(No symbol) [0x7ff7acb7e7eb]
	chromedriver!(No symbol) [0x7ff7acb2361c]
	chromedriver!(No symbol) [0x7ff7acb24543]
	chromedriver!GetHandleVerifier [0x7ff7ad569791+5e09d1]
	chromedriver!GetHandleVerifier [0x7ff7ad563b3b+5dad7b]
	chromedriver!GetHandleVerifier [0x7ff7ad589315+600555]
	chromedriver!GetHandleVerifier [0x7ff7acfbbf5e+3319e]
	chromedriver!GetHandleVerifier [0x7ff7acfc474c+3b98c]
	chromedriver!GetHandleVerifier [0x7ff7acfa8284+1f4c4]
	chromedriver!GetHandleVerifier [0x7ff7acfa8414+1f654]
	chromedriver!GetHandleVerifier [0x7ff7acf8b0a7+22e7]
	KERNEL32!BaseThreadInitThunk [0x7ffbf74accb7+17]
	ntdll!RtlUserThreadStart [0x7ffbf87191cc+2c]
"
2026-08-08T15:30:13,shaheer.309,error,"Timed out: Message: 
Stacktrace:
	chromedriver!GetHandleVerifier [0x7ff7acf9e1b5+153f5]
	chromedriver!GetHandleVerifier [0x7ff7acf9e210+15450]
	chromedriver!(No symbol) [0x7ff7acad5bbd]
	chromedriver!(No symbol) [0x7ff7acb3108d]
	chromedriver!(No symbol) [0x7ff7acb3138c]
	chromedriver!(No symbol) [0x7ff7acb81c27]
	chromedriver!(No symbol) [0x7ff7acb7e7eb]
	chromedriver!(No symbol) [0x7ff7acb2361c]
	chromedriver!(No symbol) [0x7ff7acb24543]
	chromedriver!GetHandleVerifier [0x7ff7ad569791+5e09d1]
	chromedriver!GetHandleVerifier [0x7ff7ad563b3b+5dad7b]
	chromedriver!GetHandleVerifier [0x7ff7ad589315+600555]
	chromedriver!GetHandleVerifier [0x7ff7acfbbf5e+3319e]
	chromedriver!GetHandleVerifier [0x7ff7acfc474c+3b98c]
	chromedriver!GetHandleVerifier [0x7ff7acfa8284+1f4c4]
	chromedriver!GetHandleVerifier [0x7ff7acfa8414+1f654]
	chromedriver!GetHandleVerifier [0x7ff7acf8b0a7+22e7]
	KERNEL32!BaseThreadInitThunk [0x7ffbf74accb7+17]
	ntdll!RtlUserThreadStart [0x7ffbf87191cc+2c]
"
2026-08-08T15:30:20,shahid.lal.921,error,"Timed out: Message: 
Stacktrace:
	chromedriver!GetHandleVerifier [0x7ff7acf9e1b5+153f5]
	chromedriver!GetHandleVerifier [0x7ff7acf9e210+15450]
	chromedriver!(No symbol) [0x7ff7acad5bbd]
	chromedriver!(No symbol) [0x7ff7acb3108d]
	chromedriver!(No symbol) [0x7ff7acb3138c]
	chromedriver!(No symbol) [0x7ff7acb81c27]
	chromedriver!(No symbol) [0x7ff7acb7e7eb]
	chromedriver!(No symbol) [0x7ff7acb2361c]
	chromedriver!(No symbol) [0x7ff7acb24543]
	chromedriver!GetHandleVerifier [0x7ff7ad569791+5e09d1]
	chromedriver!GetHandleVerifier [0x7ff7ad563b3b+5dad7b]
	chromedriver!GetHandleVerifier [0x7ff7ad589315+600555]
	chromedriver!GetHandleVerifier [0x7ff7acfbbf5e+3319e]
	chromedriver!GetHandleVerifier [0x7ff7acfc474c+3b98c]
	chromedriver!GetHandleVerifier [0x7ff7acfa8284+1f4c4]
	chromedriver!GetHandleVerifier [0x7ff7acfa8414+1f654]
	chromedriver!GetHandleVerifier [0x7ff7acf8b0a7+22e7]
	KERNEL32!BaseThreadInitThunk [0x7ffbf74accb7+17]
	ntdll!RtlUserThreadStart [0x7ffbf87191cc+2c]
"
2026-08-08T15:30:27,shahid_ali_manik_786__________,error,"Timed out: Message: 
Stacktrace:
	chromedriver!GetHandleVerifier [0x7ff7acf9e1b5+153f5]
	chromedriver!GetHandleVerifier [0x7ff7acf9e210+15450]
	chromedriver!(No symbol) [0x7ff7acad5bbd]
	chromedriver!(No symbol) [0x7ff7acb3108d]
	chromedriver!(No symbol) [0x7ff7acb3138c]
	chromedriver!(No symbol) [0x7ff7acb81c27]
	chromedriver!(No symbol) [0x7ff7acb7e7eb]
	chromedriver!(No symbol) [0x7ff7acb2361c]
	chromedriver!(No symbol) [0x7ff7acb24543]
	chromedriver!GetHandleVerifier [0x7ff7ad569791+5e09d1]
	chromedriver!GetHandleVerifier [0x7ff7ad563b3b+5dad7b]
	chromedriver!GetHandleVerifier [0x7ff7ad589315+600555]
	chromedriver!GetHandleVerifier [0x7ff7acfbbf5e+3319e]
	chromedriver!GetHandleVerifier [0x7ff7acfc474c+3b98c]
	chromedriver!GetHandleVerifier [0x7ff7acfa8284+1f4c4]
	chromedriver!GetHandleVerifier [0x7ff7acfa8414+1f654]
	chromedriver!GetHandleVerifier [0x7ff7acf8b0a7+22e7]
	KERNEL32!BaseThreadInitThunk [0x7ffbf74accb7+17]
	ntdll!RtlUserThreadStart [0x7ffbf87191cc+2c]
"
2026-08-08T15:30:34,shahid_khaxn,error,"Timed out: Message: 
Stacktrace:
	chromedriver!GetHandleVerifier [0x7ff7acf9e1b5+153f5]
	chromedriver!GetHandleVerifier [0x7ff7acf9e210+15450]
	chromedriver!(No symbol) [0x7ff7acad5bbd]
	chromedriver!(No symbol) [0x7ff7acb3108d]
	chromedriver!(No symbol) [0x7ff7acb3138c]
	chromedriver!(No symbol) [0x7ff7acb81c27]
	chromedriver!(No symbol) [0x7ff7acb7e7eb]
	chromedriver!(No symbol) [0x7ff7acb2361c]
	chromedriver!(No symbol) [0x7ff7acb24543]
	chromedriver!GetHandleVerifier [0x7ff7ad569791+5e09d1]
	chromedriver!GetHandleVerifier [0x7ff7ad563b3b+5dad7b]
	chromedriver!GetHandleVerifier [0x7ff7ad589315+600555]
	chromedriver!GetHandleVerifier [0x7ff7acfbbf5e+3319e]
	chromedriver!GetHandleVerifier [0x7ff7acfc474c+3b98c]
	chromedriver!GetHandleVerifier [0x7ff7acfa8284+1f4c4]
	chromedriver!GetHandleVerifier [0x7ff7acfa8414+1f654]
	chromedriver!GetHandleVerifier [0x7ff7acf8b0a7+22e7]
	KERNEL32!BaseThreadInitThunk [0x7ffbf74accb7+17]
	ntdll!RtlUserThreadStart [0x7ffbf87191cc+2c]
"
2026-08-08T15:30:42,shahidabaloch90,error,"Timed out: Message: 
Stacktrace:
	chromedriver!GetHandleVerifier [0x7ff7acf9e1b5+153f5]
	chromedriver!GetHandleVerifier [0x7ff7acf9e210+15450]
	chromedriver!(No symbol) [0x7ff7acad5bbd]
	chromedriver!(No symbol) [0x7ff7acb3108d]
	chromedriver!(No symbol) [0x7ff7acb3138c]
	chromedriver!(No symbol) [0x7ff7acb81c27]
	chromedriver!(No symbol) [0x7ff7acb7e7eb]
	chromedriver!(No symbol) [0x7ff7acb2361c]
	chromedriver!(No symbol) [0x7ff7acb24543]
	chromedriver!GetHandleVerifier [0x7ff7ad569791+5e09d1]
	chromedriver!GetHandleVerifier [0x7ff7ad563b3b+5dad7b]
	chromedriver!GetHandleVerifier [0x7ff7ad589315+600555]
	chromedriver!GetHandleVerifier [0x7ff7acfbbf5e+3319e]
	chromedriver!GetHandleVerifier [0x7ff7acfc474c+3b98c]
	chromedriver!GetHandleVerifier [0x7ff7acfa8284+1f4c4]
	chromedriver!GetHandleVerifier [0x7ff7acfa8414+1f654]
	chromedriver!GetHandleVerifier [0x7ff7acf8b0a7+22e7]
	KERNEL32!BaseThreadInitThunk [0x7ffbf74accb7+17]
	ntdll!RtlUserThreadStart [0x7ffbf87191cc+2c]
"
2026-08-08T15:30:49,shahidkhan373737,error,"Timed out: Message: 
Stacktrace:
	chromedriver!GetHandleVerifier [0x7ff7acf9e1b5+153f5]
	chromedriver!GetHandleVerifier [0x7ff7acf9e210+15450]
	chromedriver!(No symbol) [0x7ff7acad5bbd]
	chromedriver!(No symbol) [0x7ff7acb3108d]
	chromedriver!(No symbol) [0x7ff7acb3138c]
	chromedriver!(No symbol) [0x7ff7acb81c27]
	chromedriver!(No symbol) [0x7ff7acb7e7eb]
	chromedriver!(No symbol) [0x7ff7acb2361c]
	chromedriver!(No symbol) [0x7ff7acb24543]
	chromedriver!GetHandleVerifier [0x7ff7ad569791+5e09d1]
	chromedriver!GetHandleVerifier [0x7ff7ad563b3b+5dad7b]
	chromedriver!GetHandleVerifier [0x7ff7ad589315+600555]
	chromedriver!GetHandleVerifier [0x7ff7acfbbf5e+3319e]
	chromedriver!GetHandleVerifier [0x7ff7acfc474c+3b98c]
	chromedriver!GetHandleVerifier [0x7ff7acfa8284+1f4c4]
	chromedriver!GetHandleVerifier [0x7ff7acfa8414+1f654]
	chromedriver!GetHandleVerifier [0x7ff7acf8b0a7+22e7]
	KERNEL32!BaseThreadInitThunk [0x7ffbf74accb7+17]
	ntdll!RtlUserThreadStart [0x7ffbf87191cc+2c]
"
2026-08-08T15:30:56,shahmirvisuals,error,"Timed out: Message: 
Stacktrace:
	chromedriver!GetHandleVerifier [0x7ff7acf9e1b5+153f5]
	chromedriver!GetHandleVerifier [0x7ff7acf9e210+15450]
	chromedriver!(No symbol) [0x7ff7acad5bbd]
	chromedriver!(No symbol) [0x7ff7acb3108d]
	chromedriver!(No symbol) [0x7ff7acb3138c]
	chromedriver!(No symbol) [0x7ff7acb81c27]
	chromedriver!(No symbol) [0x7ff7acb7e7eb]
	chromedriver!(No symbol) [0x7ff7acb2361c]
	chromedriver!(No symbol) [0x7ff7acb24543]
	chromedriver!GetHandleVerifier [0x7ff7ad569791+5e09d1]
	chromedriver!GetHandleVerifier [0x7ff7ad563b3b+5dad7b]
	chromedriver!GetHandleVerifier [0x7ff7ad589315+600555]
	chromedriver!GetHandleVerifier [0x7ff7acfbbf5e+3319e]
	chromedriver!GetHandleVerifier [0x7ff7acfc474c+3b98c]
	chromedriver!GetHandleVerifier [0x7ff7acfa8284+1f4c4]
	chromedriver!GetHandleVerifier [0x7ff7acfa8414+1f654]
	chromedriver!GetHandleVerifier [0x7ff7acf8b0a7+22e7]
	KERNEL32!BaseThreadInitThunk [0x7ffbf74accb7+17]
	ntdll!RtlUserThreadStart [0x7ffbf87191cc+2c]
"
2026-08-08T15:31:03,shahwaht10,error,"Timed out: Message: 
Stacktrace:
	chromedriver!GetHandleVerifier [0x7ff7acf9e1b5+153f5]
	chromedriver!GetHandleVerifier [0x7ff7acf9e210+15450]
	chromedriver!(No symbol) [0x7ff7acad5bbd]
	chromedriver!(No symbol) [0x7ff7acb3108d]
	chromedriver!(No symbol) [0x7ff7acb3138c]
	chromedriver!(No symbol) [0x7ff7acb81c27]
	chromedriver!(No symbol) [0x7ff7acb7e7eb]
	chromedriver!(No symbol) [0x7ff7acb2361c]
	chromedriver!(No symbol) [0x7ff7acb24543]
	chromedriver!GetHandleVerifier [0x7ff7ad569791+5e09d1]
	chromedriver!GetHandleVerifier [0x7ff7ad563b3b+5dad7b]
	chromedriver!GetHandleVerifier [0x7ff7ad589315+600555]
	chromedriver!GetHandleVerifier [0x7ff7acfbbf5e+3319e]
	chromedriver!GetHandleVerifier [0x7ff7acfc474c+3b98c]
	chromedriver!GetHandleVerifier [0x7ff7acfa8284+1f4c4]
	chromedriver!GetHandleVerifier [0x7ff7acfa8414+1f654]
	chromedriver!GetHandleVerifier [0x7ff7acf8b0a7+22e7]
	KERNEL32!BaseThreadInitThunk [0x7ffbf74accb7+17]
	ntdll!RtlUserThreadStart [0x7ffbf87191cc+2c]
"
2026-08-08T15:31:10,shahwaiz8705,error,"Timed out: Message: 
Stacktrace:
	chromedriver!GetHandleVerifier [0x7ff7acf9e1b5+153f5]
	chromedriver!GetHandleVerifier [0x7ff7acf9e210+15450]
	chromedriver!(No symbol) [0x7ff7acad5bbd]
	chromedriver!(No symbol) [0x7ff7acb3108d]
	chromedriver!(No symbol) [0x7ff7acb3138c]
	chromedriver!(No symbol) [0x7ff7acb81c27]
	chromedriver!(No symbol) [0x7ff7acb7e7eb]
	chromedriver!(No symbol) [0x7ff7acb2361c]
	chromedriver!(No symbol) [0x7ff7acb24543]
	chromedriver!GetHandleVerifier [0x7ff7ad569791+5e09d1]
	chromedriver!GetHandleVerifier [0x7ff7ad563b3b+5dad7b]
	chromedriver!GetHandleVerifier [0x7ff7ad589315+600555]
	chromedriver!GetHandleVerifier [0x7ff7acfbbf5e+3319e]
	chromedriver!GetHandleVerifier [0x7ff7acfc474c+3b98c]
	chromedriver!GetHandleVerifier [0x7ff7acfa8284+1f4c4]
	chromedriver!GetHandleVerifier [0x7ff7acfa8414+1f654]
	chromedriver!GetHandleVerifier [0x7ff7acf8b0a7+22e7]
	KERNEL32!BaseThreadInitThunk [0x7ffbf74accb7+17]
	ntdll!RtlUserThreadStart [0x7ffbf87191cc+2c]
"
2026-08-08T15:31:17,shahxvi,error,"Timed out: Message: 
Stacktrace:
	chromedriver!GetHandleVerifier [0x7ff7acf9e1b5+153f5]
	chromedriver!GetHandleVerifier [0x7ff7acf9e210+15450]
	chromedriver!(No symbol) [0x7ff7acad5bbd]
	chromedriver!(No symbol) [0x7ff7acb3108d]
	chromedriver!(No symbol) [0x7ff7acb3138c]
	chromedriver!(No symbol) [0x7ff7acb81c27]
	chromedriver!(No symbol) [0x7ff7acb7e7eb]
	chromedriver!(No symbol) [0x7ff7acb2361c]
	chromedriver!(No symbol) [0x7ff7acb24543]
	chromedriver!GetHandleVerifier [0x7ff7ad569791+5e09d1]
	chromedriver!GetHandleVerifier [0x7ff7ad563b3b+5dad7b]
	chromedriver!GetHandleVerifier [0x7ff7ad589315+600555]
	chromedriver!GetHandleVerifier [0x7ff7acfbbf5e+3319e]
	chromedriver!GetHandleVerifier [0x7ff7acfc474c+3b98c]
	chromedriver!GetHandleVerifier [0x7ff7acfa8284+1f4c4]
	chromedriver!GetHandleVerifier [0x7ff7acfa8414+1f654]
	chromedriver!GetHandleVerifier [0x7ff7acf8b0a7+22e7]
	KERNEL32!BaseThreadInitThunk [0x7ffbf74accb7+17]
	ntdll!RtlUserThreadStart [0x7ffbf87191cc+2c]
"
2026-08-08T15:31:25,shahzaib1434,error,"Timed out: Message: 
Stacktrace:
	chromedriver!GetHandleVerifier [0x7ff7acf9e1b5+153f5]
	chromedriver!GetHandleVerifier [0x7ff7acf9e210+15450]
	chromedriver!(No symbol) [0x7ff7acad5bbd]
	chromedriver!(No symbol) [0x7ff7acb3108d]
	chromedriver!(No symbol) [0x7ff7acb3138c]
	chromedriver!(No symbol) [0x7ff7acb81c27]
	chromedriver!(No symbol) [0x7ff7acb7e7eb]
	chromedriver!(No symbol) [0x7ff7acb2361c]
	chromedriver!(No symbol) [0x7ff7acb24543]
	chromedriver!GetHandleVerifier [0x7ff7ad569791+5e09d1]
	chromedriver!GetHandleVerifier [0x7ff7ad563b3b+5dad7b]
	chromedriver!GetHandleVerifier [0x7ff7ad589315+600555]
	chromedriver!GetHandleVerifier [0x7ff7acfbbf5e+3319e]
	chromedriver!GetHandleVerifier [0x7ff7acfc474c+3b98c]
	chromedriver!GetHandleVerifier [0x7ff7acfa8284+1f4c4]
	chromedriver!GetHandleVerifier [0x7ff7acfa8414+1f654]
	chromedriver!GetHandleVerifier [0x7ff7acf8b0a7+22e7]
	KERNEL32!BaseThreadInitThunk [0x7ffbf74accb7+17]
	ntdll!RtlUserThreadStart [0x7ffbf87191cc+2c]
"
2026-08-08T15:31:32,shahzaib3393,error,"Timed out: Message: 
Stacktrace:
	chromedriver!GetHandleVerifier [0x7ff7acf9e1b5+153f5]
	chromedriver!GetHandleVerifier [0x7ff7acf9e210+15450]
	chromedriver!(No symbol) [0x7ff7acad5bbd]
	chromedriver!(No symbol) [0x7ff7acb3108d]
	chromedriver!(No symbol) [0x7ff7acb3138c]
	chromedriver!(No symbol) [0x7ff7acb81c27]
	chromedriver!(No symbol) [0x7ff7acb7e7eb]
	chromedriver!(No symbol) [0x7ff7acb2361c]
	chromedriver!(No symbol) [0x7ff7acb24543]
	chromedriver!GetHandleVerifier [0x7ff7ad569791+5e09d1]
	chromedriver!GetHandleVerifier [0x7ff7ad563b3b+5dad7b]
	chromedriver!GetHandleVerifier [0x7ff7ad589315+600555]
	chromedriver!GetHandleVerifier [0x7ff7acfbbf5e+3319e]
	chromedriver!GetHandleVerifier [0x7ff7acfc474c+3b98c]
	chromedriver!GetHandleVerifier [0x7ff7acfa8284+1f4c4]
	chromedriver!GetHandleVerifier [0x7ff7acfa8414+1f654]
	chromedriver!GetHandleVerifier [0x7ff7acf8b0a7+22e7]
	KERNEL32!BaseThreadInitThunk [0x7ffbf74accb7+17]
	ntdll!RtlUserThreadStart [0x7ffbf87191cc+2c]
"
2026-08-08T15:31:39,shahzaib_alam56,error,"Timed out: Message: 
Stacktrace:
	chromedriver!GetHandleVerifier [0x7ff7acf9e1b5+153f5]
	chromedriver!GetHandleVerifier [0x7ff7acf9e210+15450]
	chromedriver!(No symbol) [0x7ff7acad5bbd]
	chromedriver!(No symbol) [0x7ff7acb3108d]
	chromedriver!(No symbol) [0x7ff7acb3138c]
	chromedriver!(No symbol) [0x7ff7acb81c27]
	chromedriver!(No symbol) [0x7ff7acb7e7eb]
	chromedriver!(No symbol) [0x7ff7acb2361c]
	chromedriver!(No symbol) [0x7ff7acb24543]
	chromedriver!GetHandleVerifier [0x7ff7ad569791+5e09d1]
	chromedriver!GetHandleVerifier [0x7ff7ad563b3b+5dad7b]
	chromedriver!GetHandleVerifier [0x7ff7ad589315+600555]
	chromedriver!GetHandleVerifier [0x7ff7acfbbf5e+3319e]
	chromedriver!GetHandleVerifier [0x7ff7acfc474c+3b98c]
	chromedriver!GetHandleVerifier [0x7ff7acfa8284+1f4c4]
	chromedriver!GetHandleVerifier [0x7ff7acfa8414+1f654]
	chromedriver!GetHandleVerifier [0x7ff7acf8b0a7+22e7]
	KERNEL32!BaseThreadInitThunk [0x7ffbf74accb7+17]
	ntdll!RtlUserThreadStart [0x7ffbf87191cc+2c]
"
2026-08-08T15:31:46,shahzaib_mahota102,error,"Timed out: Message: 
Stacktrace:
	chromedriver!GetHandleVerifier [0x7ff7acf9e1b5+153f5]
	chromedriver!GetHandleVerifier [0x7ff7acf9e210+15450]
	chromedriver!(No symbol) [0x7ff7acad5bbd]
	chromedriver!(No symbol) [0x7ff7acb3108d]
	chromedriver!(No symbol) [0x7ff7acb3138c]
	chromedriver!(No symbol) [0x7ff7acb81c27]
	chromedriver!(No symbol) [0x7ff7acb7e7eb]
	chromedriver!(No symbol) [0x7ff7acb2361c]
	chromedriver!(No symbol) [0x7ff7acb24543]
	chromedriver!GetHandleVerifier [0x7ff7ad569791+5e09d1]
	chromedriver!GetHandleVerifier [0x7ff7ad563b3b+5dad7b]
	chromedriver!GetHandleVerifier [0x7ff7ad589315+600555]
	chromedriver!GetHandleVerifier [0x7ff7acfbbf5e+3319e]
	chromedriver!GetHandleVerifier [0x7ff7acfc474c+3b98c]
	chromedriver!GetHandleVerifier [0x7ff7acfa8284+1f4c4]
	chromedriver!GetHandleVerifier [0x7ff7acfa8414+1f654]
	chromedriver!GetHandleVerifier [0x7ff7acf8b0a7+22e7]
	KERNEL32!BaseThreadInitThunk [0x7ffbf74accb7+17]
	ntdll!RtlUserThreadStart [0x7ffbf87191cc+2c]
"
2026-08-08T15:31:53,shahzaibgujjar_102,error,"Timed out: Message: 
Stacktrace:
	chromedriver!GetHandleVerifier [0x7ff7acf9e1b5+153f5]
	chromedriver!GetHandleVerifier [0x7ff7acf9e210+15450]
	chromedriver!(No symbol) [0x7ff7acad5bbd]
	chromedriver!(No symbol) [0x7ff7acb3108d]
	chromedriver!(No symbol) [0x7ff7acb3138c]
	chromedriver!(No symbol) [0x7ff7acb81c27]
	chromedriver!(No symbol) [0x7ff7acb7e7eb]
	chromedriver!(No symbol) [0x7ff7acb2361c]
	chromedriver!(No symbol) [0x7ff7acb24543]
	chromedriver!GetHandleVerifier [0x7ff7ad569791+5e09d1]
	chromedriver!GetHandleVerifier [0x7ff7ad563b3b+5dad7b]
	chromedriver!GetHandleVerifier [0x7ff7ad589315+600555]
	chromedriver!GetHandleVerifier [0x7ff7acfbbf5e+3319e]
	chromedriver!GetHandleVerifier [0x7ff7acfc474c+3b98c]
	chromedriver!GetHandleVerifier [0x7ff7acfa8284+1f4c4]
	chromedriver!GetHandleVerifier [0x7ff7acfa8414+1f654]
	chromedriver!GetHandleVerifier [0x7ff7acf8b0a7+22e7]
	KERNEL32!BaseThreadInitThunk [0x7ffbf74accb7+17]
	ntdll!RtlUserThreadStart [0x7ffbf87191cc+2c]
"
2026-08-08T15:32:00,shahzaibhashmi_films,following_not_visible,Could not find a visible Following button.
2026-08-08T15:32:07,shaikh_aqib.01,error,"Timed out: Message: 
Stacktrace:
	chromedriver!GetHandleVerifier [0x7ff7acf9e1b5+153f5]
	chromedriver!GetHandleVerifier [0x7ff7acf9e210+15450]
	chromedriver!(No symbol) [0x7ff7acad5bbd]
	chromedriver!(No symbol) [0x7ff7acb3108d]
	chromedriver!(No symbol) [0x7ff7acb3138c]
	chromedriver!(No symbol) [0x7ff7acb81c27]
	chromedriver!(No symbol) [0x7ff7acb7e7eb]
	chromedriver!(No symbol) [0x7ff7acb2361c]
	chromedriver!(No symbol) [0x7ff7acb24543]
	chromedriver!GetHandleVerifier [0x7ff7ad569791+5e09d1]
	chromedriver!GetHandleVerifier [0x7ff7ad563b3b+5dad7b]
	chromedriver!GetHandleVerifier [0x7ff7ad589315+600555]
	chromedriver!GetHandleVerifier [0x7ff7acfbbf5e+3319e]
	chromedriver!GetHandleVerifier [0x7ff7acfc474c+3b98c]
	chromedriver!GetHandleVerifier [0x7ff7acfa8284+1f4c4]
	chromedriver!GetHandleVerifier [0x7ff7acfa8414+1f654]
	chromedriver!GetHandleVerifier [0x7ff7acf8b0a7+22e7]
	KERNEL32!BaseThreadInitThunk [0x7ffbf74accb7+17]
	ntdll!RtlUserThreadStart [0x7ffbf87191cc+2c]
"
2026-08-08T15:32:14,shaikh_shahzad07,error,"Timed out: Message: 
Stacktrace:
	chromedriver!GetHandleVerifier [0x7ff7acf9e1b5+153f5]
	chromedriver!GetHandleVerifier [0x7ff7acf9e210+15450]
	chromedriver!(No symbol) [0x7ff7acad5bbd]
	chromedriver!(No symbol) [0x7ff7acb3108d]
	chromedriver!(No symbol) [0x7ff7acb3138c]
	chromedriver!(No symbol) [0x7ff7acb81c27]
	chromedriver!(No symbol) [0x7ff7acb7e7eb]
	chromedriver!(No symbol) [0x7ff7acb2361c]
	chromedriver!(No symbol) [0x7ff7acb24543]
	chromedriver!GetHandleVerifier [0x7ff7ad569791+5e09d1]
	chromedriver!GetHandleVerifier [0x7ff7ad563b3b+5dad7b]
	chromedriver!GetHandleVerifier [0x7ff7ad589315+600555]
	chromedriver!GetHandleVerifier [0x7ff7acfbbf5e+3319e]
	chromedriver!GetHandleVerifier [0x7ff7acfc474c+3b98c]
	chromedriver!GetHandleVerifier [0x7ff7acfa8284+1f4c4]
	chromedriver!GetHandleVerifier [0x7ff7acfa8414+1f654]
	chromedriver!GetHandleVerifier [0x7ff7acf8b0a7+22e7]
	KERNEL32!BaseThreadInitThunk [0x7ffbf74accb7+17]
	ntdll!RtlUserThreadStart [0x7ffbf87191cc+2c]
"
2026-08-08T15:32:21,shaikhdaniyalj,error,"Timed out: Message: 
Stacktrace:
	chromedriver!GetHandleVerifier [0x7ff7acf9e1b5+153f5]
	chromedriver!GetHandleVerifier [0x7ff7acf9e210+15450]
	chromedriver!(No symbol) [0x7ff7acad5bbd]
	chromedriver!(No symbol) [0x7ff7acb3108d]
	chromedriver!(No symbol) [0x7ff7acb3138c]
	chromedriver!(No symbol) [0x7ff7acb81c27]
	chromedriver!(No symbol) [0x7ff7acb7e7eb]
	chromedriver!(No symbol) [0x7ff7acb2361c]
	chromedriver!(No symbol) [0x7ff7acb24543]
	chromedriver!GetHandleVerifier [0x7ff7ad569791+5e09d1]
	chromedriver!GetHandleVerifier [0x7ff7ad563b3b+5dad7b]
	chromedriver!GetHandleVerifier [0x7ff7ad589315+600555]
	chromedriver!GetHandleVerifier [0x7ff7acfbbf5e+3319e]
	chromedriver!GetHandleVerifier [0x7ff7acfc474c+3b98c]
	chromedriver!GetHandleVerifier [0x7ff7acfa8284+1f4c4]
	chromedriver!GetHandleVerifier [0x7ff7acfa8414+1f654]
	chromedriver!GetHandleVerifier [0x7ff7acf8b0a7+22e7]
	KERNEL32!BaseThreadInitThunk [0x7ffbf74accb7+17]
	ntdll!RtlUserThreadStart [0x7ffbf87191cc+2c]
"
2026-08-08T15:32:28,shakeel.khan.560272,error,"Timed out: Message: 
Stacktrace:
	chromedriver!GetHandleVerifier [0x7ff7acf9e1b5+153f5]
	chromedriver!GetHandleVerifier [0x7ff7acf9e210+15450]
	chromedriver!(No symbol) [0x7ff7acad5bbd]
	chromedriver!(No symbol) [0x7ff7acb3108d]
	chromedriver!(No symbol) [0x7ff7acb3138c]
	chromedriver!(No symbol) [0x7ff7acb81c27]
	chromedriver!(No symbol) [0x7ff7acb7e7eb]
	chromedriver!(No symbol) [0x7ff7acb2361c]
	chromedriver!(No symbol) [0x7ff7acb24543]
	chromedriver!GetHandleVerifier [0x7ff7ad569791+5e09d1]
	chromedriver!GetHandleVerifier [0x7ff7ad563b3b+5dad7b]
	chromedriver!GetHandleVerifier [0x7ff7ad589315+600555]
	chromedriver!GetHandleVerifier [0x7ff7acfbbf5e+3319e]
	chromedriver!GetHandleVerifier [0x7ff7acfc474c+3b98c]
	chromedriver!GetHandleVerifier [0x7ff7acfa8284+1f4c4]
	chromedriver!GetHandleVerifier [0x7ff7acfa8414+1f654]
	chromedriver!GetHandleVerifier [0x7ff7acf8b0a7+22e7]
	KERNEL32!BaseThreadInitThunk [0x7ffbf74accb7+17]
	ntdll!RtlUserThreadStart [0x7ffbf87191cc+2c]
"
2026-08-08T15:32:36,shakeel_hattar,error,"Timed out: Message: 
Stacktrace:
	chromedriver!GetHandleVerifier [0x7ff7acf9e1b5+153f5]
	chromedriver!GetHandleVerifier [0x7ff7acf9e210+15450]
	chromedriver!(No symbol) [0x7ff7acad5bbd]
	chromedriver!(No symbol) [0x7ff7acb3108d]
	chromedriver!(No symbol) [0x7ff7acb3138c]
	chromedriver!(No symbol) [0x7ff7acb81c27]
	chromedriver!(No symbol) [0x7ff7acb7e7eb]
	chromedriver!(No symbol) [0x7ff7acb2361c]
	chromedriver!(No symbol) [0x7ff7acb24543]
	chromedriver!GetHandleVerifier [0x7ff7ad569791+5e09d1]
	chromedriver!GetHandleVerifier [0x7ff7ad563b3b+5dad7b]
	chromedriver!GetHandleVerifier [0x7ff7ad589315+600555]
	chromedriver!GetHandleVerifier [0x7ff7acfbbf5e+3319e]
	chromedriver!GetHandleVerifier [0x7ff7acfc474c+3b98c]
	chromedriver!GetHandleVerifier [0x7ff7acfa8284+1f4c4]
	chromedriver!GetHandleVerifier [0x7ff7acfa8414+1f654]
	chromedriver!GetHandleVerifier [0x7ff7acf8b0a7+22e7]
	KERNEL32!BaseThreadInitThunk [0x7ffbf74accb7+17]
	ntdll!RtlUserThreadStart [0x7ffbf87191cc+2c]
"
2026-08-08T15:32:43,shakib82187,error,"Timed out: Message: 
Stacktrace:
	chromedriver!GetHandleVerifier [0x7ff7acf9e1b5+153f5]
	chromedriver!GetHandleVerifier [0x7ff7acf9e210+15450]
	chromedriver!(No symbol) [0x7ff7acad5bbd]
	chromedriver!(No symbol) [0x7ff7acb3108d]
	chromedriver!(No symbol) [0x7ff7acb3138c]
	chromedriver!(No symbol) [0x7ff7acb81c27]
	chromedriver!(No symbol) [0x7ff7acb7e7eb]
	chromedriver!(No symbol) [0x7ff7acb2361c]
	chromedriver!(No symbol) [0x7ff7acb24543]
	chromedriver!GetHandleVerifier [0x7ff7ad569791+5e09d1]
	chromedriver!GetHandleVerifier [0x7ff7ad563b3b+5dad7b]
	chromedriver!GetHandleVerifier [0x7ff7ad589315+600555]
	chromedriver!GetHandleVerifier [0x7ff7acfbbf5e+3319e]
	chromedriver!GetHandleVerifier [0x7ff7acfc474c+3b98c]
	chromedriver!GetHandleVerifier [0x7ff7acfa8284+1f4c4]
	chromedriver!GetHandleVerifier [0x7ff7acfa8414+1f654]
	chromedriver!GetHandleVerifier [0x7ff7acf8b0a7+22e7]
	KERNEL32!BaseThreadInitThunk [0x7ffbf74accb7+17]
	ntdll!RtlUserThreadStart [0x7ffbf87191cc+2c]
"
2026-08-08T15:32:49,shalangram,not_found,Instagram reported that this profile is unavailable.
2026-08-08T15:32:58,shamshu_mhd,error,"Timed out: Message: 
Stacktrace:
	chromedriver!GetHandleVerifier [0x7ff7acf9e1b5+153f5]
	chromedriver!GetHandleVerifier [0x7ff7acf9e210+15450]
	chromedriver!(No symbol) [0x7ff7acad5bbd]
	chromedriver!(No symbol) [0x7ff7acb3108d]
	chromedriver!(No symbol) [0x7ff7acb3138c]
	chromedriver!(No symbol) [0x7ff7acb81c27]
	chromedriver!(No symbol) [0x7ff7acb7e7eb]
	chromedriver!(No symbol) [0x7ff7acb2361c]
	chromedriver!(No symbol) [0x7ff7acb24543]
	chromedriver!GetHandleVerifier [0x7ff7ad569791+5e09d1]
	chromedriver!GetHandleVerifier [0x7ff7ad563b3b+5dad7b]
	chromedriver!GetHandleVerifier [0x7ff7ad589315+600555]
	chromedriver!GetHandleVerifier [0x7ff7acfbbf5e+3319e]
	chromedriver!GetHandleVerifier [0x7ff7acfc474c+3b98c]
	chromedriver!GetHandleVerifier [0x7ff7acfa8284+1f4c4]
	chromedriver!GetHandleVerifier [0x7ff7acfa8414+1f654]
	chromedriver!GetHandleVerifier [0x7ff7acf8b0a7+22e7]
	KERNEL32!BaseThreadInitThunk [0x7ffbf74accb7+17]
	ntdll!RtlUserThreadStart [0x7ffbf87191cc+2c]
"
2026-08-08T15:33:05,shamsur672,error,"Timed out: Message: 
Stacktrace:
	chromedriver!GetHandleVerifier [0x7ff7acf9e1b5+153f5]
	chromedriver!GetHandleVerifier [0x7ff7acf9e210+15450]
	chromedriver!(No symbol) [0x7ff7acad5bbd]
	chromedriver!(No symbol) [0x7ff7acb3108d]
	chromedriver!(No symbol) [0x7ff7acb3138c]
	chromedriver!(No symbol) [0x7ff7acb81c27]
	chromedriver!(No symbol) [0x7ff7acb7e7eb]
	chromedriver!(No symbol) [0x7ff7acb2361c]
	chromedriver!(No symbol) [0x7ff7acb24543]
	chromedriver!GetHandleVerifier [0x7ff7ad569791+5e09d1]
	chromedriver!GetHandleVerifier [0x7ff7ad563b3b+5dad7b]
	chromedriver!GetHandleVerifier [0x7ff7ad589315+600555]
	chromedriver!GetHandleVerifier [0x7ff7acfbbf5e+3319e]
	chromedriver!GetHandleVerifier [0x7ff7acfc474c+3b98c]
	chromedriver!GetHandleVerifier [0x7ff7acfa8284+1f4c4]
	chromedriver!GetHandleVerifier [0x7ff7acfa8414+1f654]
	chromedriver!GetHandleVerifier [0x7ff7acf8b0a7+22e7]
	KERNEL32!BaseThreadInitThunk [0x7ffbf74accb7+17]
	ntdll!RtlUserThreadStart [0x7ffbf87191cc+2c]
"
2026-08-08T15:33:12,shanzeyyk_,error,"Timed out: Message: 
Stacktrace:
	chromedriver!GetHandleVerifier [0x7ff7acf9e1b5+153f5]
	chromedriver!GetHandleVerifier [0x7ff7acf9e210+15450]
	chromedriver!(No symbol) [0x7ff7acad5bbd]
	chromedriver!(No symbol) [0x7ff7acb3108d]
	chromedriver!(No symbol) [0x7ff7acb3138c]
	chromedriver!(No symbol) [0x7ff7acb81c27]
	chromedriver!(No symbol) [0x7ff7acb7e7eb]
	chromedriver!(No symbol) [0x7ff7acb2361c]
	chromedriver!(No symbol) [0x7ff7acb24543]
	chromedriver!GetHandleVerifier [0x7ff7ad569791+5e09d1]
	chromedriver!GetHandleVerifier [0x7ff7ad563b3b+5dad7b]
	chromedriver!GetHandleVerifier [0x7ff7ad589315+600555]
	chromedriver!GetHandleVerifier [0x7ff7acfbbf5e+3319e]
	chromedriver!GetHandleVerifier [0x7ff7acfc474c+3b98c]
	chromedriver!GetHandleVerifier [0x7ff7acfa8284+1f4c4]
	chromedriver!GetHandleVerifier [0x7ff7acfa8414+1f654]
	chromedriver!GetHandleVerifier [0x7ff7acf8b0a7+22e7]
	KERNEL32!BaseThreadInitThunk [0x7ffbf74accb7+17]
	ntdll!RtlUserThreadStart [0x7ffbf87191cc+2c]
"
2026-08-08T15:33:20,sharafat_nasari,error,"Timed out: Message: 
Stacktrace:
	chromedriver!GetHandleVerifier [0x7ff7acf9e1b5+153f5]
	chromedriver!GetHandleVerifier [0x7ff7acf9e210+15450]
	chromedriver!(No symbol) [0x7ff7acad5bbd]
	chromedriver!(No symbol) [0x7ff7acb3108d]
	chromedriver!(No symbol) [0x7ff7acb3138c]
	chromedriver!(No symbol) [0x7ff7acb81c27]
	chromedriver!(No symbol) [0x7ff7acb7e7eb]
	chromedriver!(No symbol) [0x7ff7acb2361c]
	chromedriver!(No symbol) [0x7ff7acb24543]
	chromedriver!GetHandleVerifier [0x7ff7ad569791+5e09d1]
	chromedriver!GetHandleVerifier [0x7ff7ad563b3b+5dad7b]
	chromedriver!GetHandleVerifier [0x7ff7ad589315+600555]
	chromedriver!GetHandleVerifier [0x7ff7acfbbf5e+3319e]
	chromedriver!GetHandleVerifier [0x7ff7acfc474c+3b98c]
	chromedriver!GetHandleVerifier [0x7ff7acfa8284+1f4c4]
	chromedriver!GetHandleVerifier [0x7ff7acfa8414+1f654]
	chromedriver!GetHandleVerifier [0x7ff7acf8b0a7+22e7]
	KERNEL32!BaseThreadInitThunk [0x7ffbf74accb7+17]
	ntdll!RtlUserThreadStart [0x7ffbf87191cc+2c]
"
2026-08-08T15:33:27,shariq._.mughal,error,"Timed out: Message: 
Stacktrace:
	chromedriver!GetHandleVerifier [0x7ff7acf9e1b5+153f5]
	chromedriver!GetHandleVerifier [0x7ff7acf9e210+15450]
	chromedriver!(No symbol) [0x7ff7acad5bbd]
	chromedriver!(No symbol) [0x7ff7acb3108d]
	chromedriver!(No symbol) [0x7ff7acb3138c]
	chromedriver!(No symbol) [0x7ff7acb81c27]
	chromedriver!(No symbol) [0x7ff7acb7e7eb]
	chromedriver!(No symbol) [0x7ff7acb2361c]
	chromedriver!(No symbol) [0x7ff7acb24543]
	chromedriver!GetHandleVerifier [0x7ff7ad569791+5e09d1]
	chromedriver!GetHandleVerifier [0x7ff7ad563b3b+5dad7b]
	chromedriver!GetHandleVerifier [0x7ff7ad589315+600555]
	chromedriver!GetHandleVerifier [0x7ff7acfbbf5e+3319e]
	chromedriver!GetHandleVerifier [0x7ff7acfc474c+3b98c]
	chromedriver!GetHandleVerifier [0x7ff7acfa8284+1f4c4]
	chromedriver!GetHandleVerifier [0x7ff7acfa8414+1f654]
	chromedriver!GetHandleVerifier [0x7ff7acf8b0a7+22e7]
	KERNEL32!BaseThreadInitThunk [0x7ffbf74accb7+17]
	ntdll!RtlUserThreadStart [0x7ffbf87191cc+2c]
"
2026-08-08T15:33:34,sharjeelanjum_,error,"Timed out: Message: 
Stacktrace:
	chromedriver!GetHandleVerifier [0x7ff7acf9e1b5+153f5]
	chromedriver!GetHandleVerifier [0x7ff7acf9e210+15450]
	chromedriver!(No symbol) [0x7ff7acad5bbd]
	chromedriver!(No symbol) [0x7ff7acb3108d]
	chromedriver!(No symbol) [0x7ff7acb3138c]
	chromedriver!(No symbol) [0x7ff7acb81c27]
	chromedriver!(No symbol) [0x7ff7acb7e7eb]
	chromedriver!(No symbol) [0x7ff7acb2361c]
	chromedriver!(No symbol) [0x7ff7acb24543]
	chromedriver!GetHandleVerifier [0x7ff7ad569791+5e09d1]
	chromedriver!GetHandleVerifier [0x7ff7ad563b3b+5dad7b]
	chromedriver!GetHandleVerifier [0x7ff7ad589315+600555]
	chromedriver!GetHandleVerifier [0x7ff7acfbbf5e+3319e]
	chromedriver!GetHandleVerifier [0x7ff7acfc474c+3b98c]
	chromedriver!GetHandleVerifier [0x7ff7acfa8284+1f4c4]
	chromedriver!GetHandleVerifier [0x7ff7acfa8414+1f654]
	chromedriver!GetHandleVerifier [0x7ff7acf8b0a7+22e7]
	KERNEL32!BaseThreadInitThunk [0x7ffbf74accb7+17]
	ntdll!RtlUserThreadStart [0x7ffbf87191cc+2c]
"
2026-08-08T15:33:41,sharoz_chuhan,following_not_visible,Could not find a visible Following button.
2026-08-08T15:33:48,shavaizali24,error,"Timed out: Message: 
Stacktrace:
	chromedriver!GetHandleVerifier [0x7ff7acf9e1b5+153f5]
	chromedriver!GetHandleVerifier [0x7ff7acf9e210+15450]
	chromedriver!(No symbol) [0x7ff7acad5bbd]
	chromedriver!(No symbol) [0x7ff7acb3108d]
	chromedriver!(No symbol) [0x7ff7acb3138c]
	chromedriver!(No symbol) [0x7ff7acb81c27]
	chromedriver!(No symbol) [0x7ff7acb7e7eb]
	chromedriver!(No symbol) [0x7ff7acb2361c]
	chromedriver!(No symbol) [0x7ff7acb24543]
	chromedriver!GetHandleVerifier [0x7ff7ad569791+5e09d1]
	chromedriver!GetHandleVerifier [0x7ff7ad563b3b+5dad7b]
	chromedriver!GetHandleVerifier [0x7ff7ad589315+600555]
	chromedriver!GetHandleVerifier [0x7ff7acfbbf5e+3319e]
	chromedriver!GetHandleVerifier [0x7ff7acfc474c+3b98c]
	chromedriver!GetHandleVerifier [0x7ff7acfa8284+1f4c4]
	chromedriver!GetHandleVerifier [0x7ff7acfa8414+1f654]
	chromedriver!GetHandleVerifier [0x7ff7acf8b0a7+22e7]
	KERNEL32!BaseThreadInitThunk [0x7ffbf74accb7+17]
	ntdll!RtlUserThreadStart [0x7ffbf87191cc+2c]
"
2026-08-08T15:33:55,shayan_ali376,error,"Timed out: Message: 
Stacktrace:
	chromedriver!GetHandleVerifier [0x7ff7acf9e1b5+153f5]
	chromedriver!GetHandleVerifier [0x7ff7acf9e210+15450]
	chromedriver!(No symbol) [0x7ff7acad5bbd]
	chromedriver!(No symbol) [0x7ff7acb3108d]
	chromedriver!(No symbol) [0x7ff7acb3138c]
	chromedriver!(No symbol) [0x7ff7acb81c27]
	chromedriver!(No symbol) [0x7ff7acb7e7eb]
	chromedriver!(No symbol) [0x7ff7acb2361c]
	chromedriver!(No symbol) [0x7ff7acb24543]
	chromedriver!GetHandleVerifier [0x7ff7ad569791+5e09d1]
	chromedriver!GetHandleVerifier [0x7ff7ad563b3b+5dad7b]
	chromedriver!GetHandleVerifier [0x7ff7ad589315+600555]
	chromedriver!GetHandleVerifier [0x7ff7acfbbf5e+3319e]
	chromedriver!GetHandleVerifier [0x7ff7acfc474c+3b98c]
	chromedriver!GetHandleVerifier [0x7ff7acfa8284+1f4c4]
	chromedriver!GetHandleVerifier [0x7ff7acfa8414+1f654]
	chromedriver!GetHandleVerifier [0x7ff7acf8b0a7+22e7]
	KERNEL32!BaseThreadInitThunk [0x7ffbf74accb7+17]
	ntdll!RtlUserThreadStart [0x7ffbf87191cc+2c]
"
2026-08-08T15:34:02,shayanrahmax,error,"Timed out: Message: 
Stacktrace:
	chromedriver!GetHandleVerifier [0x7ff7acf9e1b5+153f5]
	chromedriver!GetHandleVerifier [0x7ff7acf9e210+15450]
	chromedriver!(No symbol) [0x7ff7acad5bbd]
	chromedriver!(No symbol) [0x7ff7acb3108d]
	chromedriver!(No symbol) [0x7ff7acb3138c]
	chromedriver!(No symbol) [0x7ff7acb81c27]
	chromedriver!(No symbol) [0x7ff7acb7e7eb]
	chromedriver!(No symbol) [0x7ff7acb2361c]
	chromedriver!(No symbol) [0x7ff7acb24543]
	chromedriver!GetHandleVerifier [0x7ff7ad569791+5e09d1]
	chromedriver!GetHandleVerifier [0x7ff7ad563b3b+5dad7b]
	chromedriver!GetHandleVerifier [0x7ff7ad589315+600555]
	chromedriver!GetHandleVerifier [0x7ff7acfbbf5e+3319e]
	chromedriver!GetHandleVerifier [0x7ff7acfc474c+3b98c]
	chromedriver!GetHandleVerifier [0x7ff7acfa8284+1f4c4]
	chromedriver!GetHandleVerifier [0x7ff7acfa8414+1f654]
	chromedriver!GetHandleVerifier [0x7ff7acf8b0a7+22e7]
	KERNEL32!BaseThreadInitThunk [0x7ffbf74accb7+17]
	ntdll!RtlUserThreadStart [0x7ffbf87191cc+2c]
"
2026-08-08T15:34:09,shazam_001876,error,"Timed out: Message: 
Stacktrace:
	chromedriver!GetHandleVerifier [0x7ff7acf9e1b5+153f5]
	chromedriver!GetHandleVerifier [0x7ff7acf9e210+15450]
	chromedriver!(No symbol) [0x7ff7acad5bbd]
	chromedriver!(No symbol) [0x7ff7acb3108d]
	chromedriver!(No symbol) [0x7ff7acb3138c]
	chromedriver!(No symbol) [0x7ff7acb81c27]
	chromedriver!(No symbol) [0x7ff7acb7e7eb]
	chromedriver!(No symbol) [0x7ff7acb2361c]
	chromedriver!(No symbol) [0x7ff7acb24543]
	chromedriver!GetHandleVerifier [0x7ff7ad569791+5e09d1]
	chromedriver!GetHandleVerifier [0x7ff7ad563b3b+5dad7b]
	chromedriver!GetHandleVerifier [0x7ff7ad589315+600555]
	chromedriver!GetHandleVerifier [0x7ff7acfbbf5e+3319e]
	chromedriver!GetHandleVerifier [0x7ff7acfc474c+3b98c]
	chromedriver!GetHandleVerifier [0x7ff7acfa8284+1f4c4]
	chromedriver!GetHandleVerifier [0x7ff7acfa8414+1f654]
	chromedriver!GetHandleVerifier [0x7ff7acf8b0a7+22e7]
	KERNEL32!BaseThreadInitThunk [0x7ffbf74accb7+17]
	ntdll!RtlUserThreadStart [0x7ffbf87191cc+2c]
"
2026-08-08T15:34:16,shazan_5x30,error,"Timed out: Message: 
Stacktrace:
	chromedriver!GetHandleVerifier [0x7ff7acf9e1b5+153f5]
	chromedriver!GetHandleVerifier [0x7ff7acf9e210+15450]
	chromedriver!(No symbol) [0x7ff7acad5bbd]
	chromedriver!(No symbol) [0x7ff7acb3108d]
	chromedriver!(No symbol) [0x7ff7acb3138c]
	chromedriver!(No symbol) [0x7ff7acb81c27]
	chromedriver!(No symbol) [0x7ff7acb7e7eb]
	chromedriver!(No symbol) [0x7ff7acb2361c]
	chromedriver!(No symbol) [0x7ff7acb24543]
	chromedriver!GetHandleVerifier [0x7ff7ad569791+5e09d1]
	chromedriver!GetHandleVerifier [0x7ff7ad563b3b+5dad7b]
	chromedriver!GetHandleVerifier [0x7ff7ad589315+600555]
	chromedriver!GetHandleVerifier [0x7ff7acfbbf5e+3319e]
	chromedriver!GetHandleVerifier [0x7ff7acfc474c+3b98c]
	chromedriver!GetHandleVerifier [0x7ff7acfa8284+1f4c4]
	chromedriver!GetHandleVerifier [0x7ff7acfa8414+1f654]
	chromedriver!GetHandleVerifier [0x7ff7acf8b0a7+22e7]
	KERNEL32!BaseThreadInitThunk [0x7ffbf74accb7+17]
	ntdll!RtlUserThreadStart [0x7ffbf87191cc+2c]
"
2026-08-08T15:34:23,shazay488,error,"Timed out: Message: 
Stacktrace:
	chromedriver!GetHandleVerifier [0x7ff7acf9e1b5+153f5]
	chromedriver!GetHandleVerifier [0x7ff7acf9e210+15450]
	chromedriver!(No symbol) [0x7ff7acad5bbd]
	chromedriver!(No symbol) [0x7ff7acb3108d]
	chromedriver!(No symbol) [0x7ff7acb3138c]
	chromedriver!(No symbol) [0x7ff7acb81c27]
	chromedriver!(No symbol) [0x7ff7acb7e7eb]
	chromedriver!(No symbol) [0x7ff7acb2361c]
	chromedriver!(No symbol) [0x7ff7acb24543]
	chromedriver!GetHandleVerifier [0x7ff7ad569791+5e09d1]
	chromedriver!GetHandleVerifier [0x7ff7ad563b3b+5dad7b]
	chromedriver!GetHandleVerifier [0x7ff7ad589315+600555]
	chromedriver!GetHandleVerifier [0x7ff7acfbbf5e+3319e]
	chromedriver!GetHandleVerifier [0x7ff7acfc474c+3b98c]
	chromedriver!GetHandleVerifier [0x7ff7acfa8284+1f4c4]
	chromedriver!GetHandleVerifier [0x7ff7acfa8414+1f654]
	chromedriver!GetHandleVerifier [0x7ff7acf8b0a7+22e7]
	KERNEL32!BaseThreadInitThunk [0x7ffbf74accb7+17]
	ntdll!RtlUserThreadStart [0x7ffbf87191cc+2c]
"
2026-08-08T15:34:30,shazra.sk,error,"Timed out: Message: 
Stacktrace:
	chromedriver!GetHandleVerifier [0x7ff7acf9e1b5+153f5]
	chromedriver!GetHandleVerifier [0x7ff7acf9e210+15450]
	chromedriver!(No symbol) [0x7ff7acad5bbd]
	chromedriver!(No symbol) [0x7ff7acb3108d]
	chromedriver!(No symbol) [0x7ff7acb3138c]
	chromedriver!(No symbol) [0x7ff7acb81c27]
	chromedriver!(No symbol) [0x7ff7acb7e7eb]
	chromedriver!(No symbol) [0x7ff7acb2361c]
	chromedriver!(No symbol) [0x7ff7acb24543]
	chromedriver!GetHandleVerifier [0x7ff7ad569791+5e09d1]
	chromedriver!GetHandleVerifier [0x7ff7ad563b3b+5dad7b]
	chromedriver!GetHandleVerifier [0x7ff7ad589315+600555]
	chromedriver!GetHandleVerifier [0x7ff7acfbbf5e+3319e]
	chromedriver!GetHandleVerifier [0x7ff7acfc474c+3b98c]
	chromedriver!GetHandleVerifier [0x7ff7acfa8284+1f4c4]
	chromedriver!GetHandleVerifier [0x7ff7acfa8414+1f654]
	chromedriver!GetHandleVerifier [0x7ff7acf8b0a7+22e7]
	KERNEL32!BaseThreadInitThunk [0x7ffbf74accb7+17]
	ntdll!RtlUserThreadStart [0x7ffbf87191cc+2c]
"
2026-08-08T15:34:37,she_ery3,error,"Timed out: Message: 
Stacktrace:
	chromedriver!GetHandleVerifier [0x7ff7acf9e1b5+153f5]
	chromedriver!GetHandleVerifier [0x7ff7acf9e210+15450]
	chromedriver!(No symbol) [0x7ff7acad5bbd]
	chromedriver!(No symbol) [0x7ff7acb3108d]
	chromedriver!(No symbol) [0x7ff7acb3138c]
	chromedriver!(No symbol) [0x7ff7acb81c27]
	chromedriver!(No symbol) [0x7ff7acb7e7eb]
	chromedriver!(No symbol) [0x7ff7acb2361c]
	chromedriver!(No symbol) [0x7ff7acb24543]
	chromedriver!GetHandleVerifier [0x7ff7ad569791+5e09d1]
	chromedriver!GetHandleVerifier [0x7ff7ad563b3b+5dad7b]
	chromedriver!GetHandleVerifier [0x7ff7ad589315+600555]
	chromedriver!GetHandleVerifier [0x7ff7acfbbf5e+3319e]
	chromedriver!GetHandleVerifier [0x7ff7acfc474c+3b98c]
	chromedriver!GetHandleVerifier [0x7ff7acfa8284+1f4c4]
	chromedriver!GetHandleVerifier [0x7ff7acfa8414+1f654]
	chromedriver!GetHandleVerifier [0x7ff7acf8b0a7+22e7]
	KERNEL32!BaseThreadInitThunk [0x7ffbf74accb7+17]
	ntdll!RtlUserThreadStart [0x7ffbf87191cc+2c]
"
2026-08-08T15:34:39,she_eznoor,unfollowed,Unfollow confirmation clicked.
2026-08-08T15:34:42,sheatyler86,unfollowed,Unfollow confirmation clicked.
2026-08-08T15:34:49,sheep_bhai13,error,"Timed out: Message: 
Stacktrace:
	chromedriver!GetHandleVerifier [0x7ff7acf9e1b5+153f5]
	chromedriver!GetHandleVerifier [0x7ff7acf9e210+15450]
	chromedriver!(No symbol) [0x7ff7acad5bbd]
	chromedriver!(No symbol) [0x7ff7acb3108d]
	chromedriver!(No symbol) [0x7ff7acb3138c]
	chromedriver!(No symbol) [0x7ff7acb81c27]
	chromedriver!(No symbol) [0x7ff7acb7e7eb]
	chromedriver!(No symbol) [0x7ff7acb2361c]
	chromedriver!(No symbol) [0x7ff7acb24543]
	chromedriver!GetHandleVerifier [0x7ff7ad569791+5e09d1]
	chromedriver!GetHandleVerifier [0x7ff7ad563b3b+5dad7b]
	chromedriver!GetHandleVerifier [0x7ff7ad589315+600555]
	chromedriver!GetHandleVerifier [0x7ff7acfbbf5e+3319e]
	chromedriver!GetHandleVerifier [0x7ff7acfc474c+3b98c]
	chromedriver!GetHandleVerifier [0x7ff7acfa8284+1f4c4]
	chromedriver!GetHandleVerifier [0x7ff7acfa8414+1f654]
	chromedriver!GetHandleVerifier [0x7ff7acf8b0a7+22e7]
	KERNEL32!BaseThreadInitThunk [0x7ffbf74accb7+17]
	ntdll!RtlUserThreadStart [0x7ffbf87191cc+2c]
"
2026-08-08T15:34:55,shees_.ahmed,error,"Timed out: Message: 
Stacktrace:
	chromedriver!GetHandleVerifier [0x7ff7acf9e1b5+153f5]
	chromedriver!GetHandleVerifier [0x7ff7acf9e210+15450]
	chromedriver!(No symbol) [0x7ff7acad5bbd]
	chromedriver!(No symbol) [0x7ff7acb3108d]
	chromedriver!(No symbol) [0x7ff7acb3138c]
	chromedriver!(No symbol) [0x7ff7acb81c27]
	chromedriver!(No symbol) [0x7ff7acb7e7eb]
	chromedriver!(No symbol) [0x7ff7acb2361c]
	chromedriver!(No symbol) [0x7ff7acb24543]
	chromedriver!GetHandleVerifier [0x7ff7ad569791+5e09d1]
	chromedriver!GetHandleVerifier [0x7ff7ad563b3b+5dad7b]
	chromedriver!GetHandleVerifier [0x7ff7ad589315+600555]
	chromedriver!GetHandleVerifier [0x7ff7acfbbf5e+3319e]
	chromedriver!GetHandleVerifier [0x7ff7acfc474c+3b98c]
	chromedriver!GetHandleVerifier [0x7ff7acfa8284+1f4c4]
	chromedriver!GetHandleVerifier [0x7ff7acfa8414+1f654]
	chromedriver!GetHandleVerifier [0x7ff7acf8b0a7+22e7]
	KERNEL32!BaseThreadInitThunk [0x7ffbf74accb7+17]
	ntdll!RtlUserThreadStart [0x7ffbf87191cc+2c]
"
2026-08-08T15:35:02,sheharyarqasim_,error,"Timed out: Message: 
Stacktrace:
	chromedriver!GetHandleVerifier [0x7ff7acf9e1b5+153f5]
	chromedriver!GetHandleVerifier [0x7ff7acf9e210+15450]
	chromedriver!(No symbol) [0x7ff7acad5bbd]
	chromedriver!(No symbol) [0x7ff7acb3108d]
	chromedriver!(No symbol) [0x7ff7acb3138c]
	chromedriver!(No symbol) [0x7ff7acb81c27]
	chromedriver!(No symbol) [0x7ff7acb7e7eb]
	chromedriver!(No symbol) [0x7ff7acb2361c]
	chromedriver!(No symbol) [0x7ff7acb24543]
	chromedriver!GetHandleVerifier [0x7ff7ad569791+5e09d1]
	chromedriver!GetHandleVerifier [0x7ff7ad563b3b+5dad7b]
	chromedriver!GetHandleVerifier [0x7ff7ad589315+600555]
	chromedriver!GetHandleVerifier [0x7ff7acfbbf5e+3319e]
	chromedriver!GetHandleVerifier [0x7ff7acfc474c+3b98c]
	chromedriver!GetHandleVerifier [0x7ff7acfa8284+1f4c4]
	chromedriver!GetHandleVerifier [0x7ff7acfa8414+1f654]
	chromedriver!GetHandleVerifier [0x7ff7acf8b0a7+22e7]
	KERNEL32!BaseThreadInitThunk [0x7ffbf74accb7+17]
	ntdll!RtlUserThreadStart [0x7ffbf87191cc+2c]
"
2026-08-08T15:35:08,shehroz_raees,following_not_visible,Could not find a visible Following button.
2026-08-08T15:35:16,shehrozkhokhar._,error,"Timed out: Message: 
Stacktrace:
	chromedriver!GetHandleVerifier [0x7ff7acf9e1b5+153f5]
	chromedriver!GetHandleVerifier [0x7ff7acf9e210+15450]
	chromedriver!(No symbol) [0x7ff7acad5bbd]
	chromedriver!(No symbol) [0x7ff7acb3108d]
	chromedriver!(No symbol) [0x7ff7acb3138c]
	chromedriver!(No symbol) [0x7ff7acb81c27]
	chromedriver!(No symbol) [0x7ff7acb7e7eb]
	chromedriver!(No symbol) [0x7ff7acb2361c]
	chromedriver!(No symbol) [0x7ff7acb24543]
	chromedriver!GetHandleVerifier [0x7ff7ad569791+5e09d1]
	chromedriver!GetHandleVerifier [0x7ff7ad563b3b+5dad7b]
	chromedriver!GetHandleVerifier [0x7ff7ad589315+600555]
	chromedriver!GetHandleVerifier [0x7ff7acfbbf5e+3319e]
	chromedriver!GetHandleVerifier [0x7ff7acfc474c+3b98c]
	chromedriver!GetHandleVerifier [0x7ff7acfa8284+1f4c4]
	chromedriver!GetHandleVerifier [0x7ff7acfa8414+1f654]
	chromedriver!GetHandleVerifier [0x7ff7acf8b0a7+22e7]
	KERNEL32!BaseThreadInitThunk [0x7ffbf74accb7+17]
	ntdll!RtlUserThreadStart [0x7ffbf87191cc+2c]
"
2026-08-08T15:35:23,shehrryarkhan4,error,"Timed out: Message: 
Stacktrace:
	chromedriver!GetHandleVerifier [0x7ff7acf9e1b5+153f5]
	chromedriver!GetHandleVerifier [0x7ff7acf9e210+15450]
	chromedriver!(No symbol) [0x7ff7acad5bbd]
	chromedriver!(No symbol) [0x7ff7acb3108d]
	chromedriver!(No symbol) [0x7ff7acb3138c]
	chromedriver!(No symbol) [0x7ff7acb81c27]
	chromedriver!(No symbol) [0x7ff7acb7e7eb]
	chromedriver!(No symbol) [0x7ff7acb2361c]
	chromedriver!(No symbol) [0x7ff7acb24543]
	chromedriver!GetHandleVerifier [0x7ff7ad569791+5e09d1]
	chromedriver!GetHandleVerifier [0x7ff7ad563b3b+5dad7b]
	chromedriver!GetHandleVerifier [0x7ff7ad589315+600555]
	chromedriver!GetHandleVerifier [0x7ff7acfbbf5e+3319e]
	chromedriver!GetHandleVerifier [0x7ff7acfc474c+3b98c]
	chromedriver!GetHandleVerifier [0x7ff7acfa8284+1f4c4]
	chromedriver!GetHandleVerifier [0x7ff7acfa8414+1f654]
	chromedriver!GetHandleVerifier [0x7ff7acf8b0a7+22e7]
	KERNEL32!BaseThreadInitThunk [0x7ffbf74accb7+17]
	ntdll!RtlUserThreadStart [0x7ffbf87191cc+2c]
"
2026-08-08T15:35:29,shehryar_.x,following_not_visible,Could not find a visible Following button.
2026-08-08T15:35:37,shehryarali1234,error,"Timed out: Message: 
Stacktrace:
	chromedriver!GetHandleVerifier [0x7ff7acf9e1b5+153f5]
	chromedriver!GetHandleVerifier [0x7ff7acf9e210+15450]
	chromedriver!(No symbol) [0x7ff7acad5bbd]
	chromedriver!(No symbol) [0x7ff7acb3108d]
	chromedriver!(No symbol) [0x7ff7acb3138c]
	chromedriver!(No symbol) [0x7ff7acb81c27]
	chromedriver!(No symbol) [0x7ff7acb7e7eb]
	chromedriver!(No symbol) [0x7ff7acb2361c]
	chromedriver!(No symbol) [0x7ff7acb24543]
	chromedriver!GetHandleVerifier [0x7ff7ad569791+5e09d1]
	chromedriver!GetHandleVerifier [0x7ff7ad563b3b+5dad7b]
	chromedriver!GetHandleVerifier [0x7ff7ad589315+600555]
	chromedriver!GetHandleVerifier [0x7ff7acfbbf5e+3319e]
	chromedriver!GetHandleVerifier [0x7ff7acfc474c+3b98c]
	chromedriver!GetHandleVerifier [0x7ff7acfa8284+1f4c4]
	chromedriver!GetHandleVerifier [0x7ff7acfa8414+1f654]
	chromedriver!GetHandleVerifier [0x7ff7acf8b0a7+22e7]
	KERNEL32!BaseThreadInitThunk [0x7ffbf74accb7+17]
	ntdll!RtlUserThreadStart [0x7ffbf87191cc+2c]
"
2026-08-08T15:35:44,shehzad_diaries_10,error,"Timed out: Message: 
Stacktrace:
	chromedriver!GetHandleVerifier [0x7ff7acf9e1b5+153f5]
	chromedriver!GetHandleVerifier [0x7ff7acf9e210+15450]
	chromedriver!(No symbol) [0x7ff7acad5bbd]
	chromedriver!(No symbol) [0x7ff7acb3108d]
	chromedriver!(No symbol) [0x7ff7acb3138c]
	chromedriver!(No symbol) [0x7ff7acb81c27]
	chromedriver!(No symbol) [0x7ff7acb7e7eb]
	chromedriver!(No symbol) [0x7ff7acb2361c]
	chromedriver!(No symbol) [0x7ff7acb24543]
	chromedriver!GetHandleVerifier [0x7ff7ad569791+5e09d1]
	chromedriver!GetHandleVerifier [0x7ff7ad563b3b+5dad7b]
	chromedriver!GetHandleVerifier [0x7ff7ad589315+600555]
	chromedriver!GetHandleVerifier [0x7ff7acfbbf5e+3319e]
	chromedriver!GetHandleVerifier [0x7ff7acfc474c+3b98c]
	chromedriver!GetHandleVerifier [0x7ff7acfa8284+1f4c4]
	chromedriver!GetHandleVerifier [0x7ff7acfa8414+1f654]
	chromedriver!GetHandleVerifier [0x7ff7acf8b0a7+22e7]
	KERNEL32!BaseThreadInitThunk [0x7ffbf74accb7+17]
	ntdll!RtlUserThreadStart [0x7ffbf87191cc+2c]
"
2026-08-08T15:35:51,sheiikh.abdullah,error,"Timed out: Message: 
Stacktrace:
	chromedriver!GetHandleVerifier [0x7ff7acf9e1b5+153f5]
	chromedriver!GetHandleVerifier [0x7ff7acf9e210+15450]
	chromedriver!(No symbol) [0x7ff7acad5bbd]
	chromedriver!(No symbol) [0x7ff7acb3108d]
	chromedriver!(No symbol) [0x7ff7acb3138c]
	chromedriver!(No symbol) [0x7ff7acb81c27]
	chromedriver!(No symbol) [0x7ff7acb7e7eb]
	chromedriver!(No symbol) [0x7ff7acb2361c]
	chromedriver!(No symbol) [0x7ff7acb24543]
	chromedriver!GetHandleVerifier [0x7ff7ad569791+5e09d1]
	chromedriver!GetHandleVerifier [0x7ff7ad563b3b+5dad7b]
	chromedriver!GetHandleVerifier [0x7ff7ad589315+600555]
	chromedriver!GetHandleVerifier [0x7ff7acfbbf5e+3319e]
	chromedriver!GetHandleVerifier [0x7ff7acfc474c+3b98c]
	chromedriver!GetHandleVerifier [0x7ff7acfa8284+1f4c4]
	chromedriver!GetHandleVerifier [0x7ff7acfa8414+1f654]
	chromedriver!GetHandleVerifier [0x7ff7acf8b0a7+22e7]
	KERNEL32!BaseThreadInitThunk [0x7ffbf74accb7+17]
	ntdll!RtlUserThreadStart [0x7ffbf87191cc+2c]
"
2026-08-08T15:35:58,sheikh._.ammar,following_not_visible,Could not find a visible Following button.
2026-08-08T15:36:05,sheikh_.aly,error,"Timed out: Message: 
Stacktrace:
	chromedriver!GetHandleVerifier [0x7ff7acf9e1b5+153f5]
	chromedriver!GetHandleVerifier [0x7ff7acf9e210+15450]
	chromedriver!(No symbol) [0x7ff7acad5bbd]
	chromedriver!(No symbol) [0x7ff7acb3108d]
	chromedriver!(No symbol) [0x7ff7acb3138c]
	chromedriver!(No symbol) [0x7ff7acb81c27]
	chromedriver!(No symbol) [0x7ff7acb7e7eb]
	chromedriver!(No symbol) [0x7ff7acb2361c]
	chromedriver!(No symbol) [0x7ff7acb24543]
	chromedriver!GetHandleVerifier [0x7ff7ad569791+5e09d1]
	chromedriver!GetHandleVerifier [0x7ff7ad563b3b+5dad7b]
	chromedriver!GetHandleVerifier [0x7ff7ad589315+600555]
	chromedriver!GetHandleVerifier [0x7ff7acfbbf5e+3319e]
	chromedriver!GetHandleVerifier [0x7ff7acfc474c+3b98c]
	chromedriver!GetHandleVerifier [0x7ff7acfa8284+1f4c4]
	chromedriver!GetHandleVerifier [0x7ff7acfa8414+1f654]
	chromedriver!GetHandleVerifier [0x7ff7acf8b0a7+22e7]
	KERNEL32!BaseThreadInitThunk [0x7ffbf74accb7+17]
	ntdll!RtlUserThreadStart [0x7ffbf87191cc+2c]
"
2026-08-08T15:36:12,sheikh_izan,error,"Timed out: Message: 
Stacktrace:
	chromedriver!GetHandleVerifier [0x7ff7acf9e1b5+153f5]
	chromedriver!GetHandleVerifier [0x7ff7acf9e210+15450]
	chromedriver!(No symbol) [0x7ff7acad5bbd]
	chromedriver!(No symbol) [0x7ff7acb3108d]
	chromedriver!(No symbol) [0x7ff7acb3138c]
	chromedriver!(No symbol) [0x7ff7acb81c27]
	chromedriver!(No symbol) [0x7ff7acb7e7eb]
	chromedriver!(No symbol) [0x7ff7acb2361c]
	chromedriver!(No symbol) [0x7ff7acb24543]
	chromedriver!GetHandleVerifier [0x7ff7ad569791+5e09d1]
	chromedriver!GetHandleVerifier [0x7ff7ad563b3b+5dad7b]
	chromedriver!GetHandleVerifier [0x7ff7ad589315+600555]
	chromedriver!GetHandleVerifier [0x7ff7acfbbf5e+3319e]
	chromedriver!GetHandleVerifier [0x7ff7acfc474c+3b98c]
	chromedriver!GetHandleVerifier [0x7ff7acfa8284+1f4c4]
	chromedriver!GetHandleVerifier [0x7ff7acfa8414+1f654]
	chromedriver!GetHandleVerifier [0x7ff7acf8b0a7+22e7]
	KERNEL32!BaseThreadInitThunk [0x7ffbf74accb7+17]
	ntdll!RtlUserThreadStart [0x7ffbf87191cc+2c]
"
2026-08-08T15:36:19,sheikharslan80,error,"Timed out: Message: 
Stacktrace:
	chromedriver!GetHandleVerifier [0x7ff7acf9e1b5+153f5]
	chromedriver!GetHandleVerifier [0x7ff7acf9e210+15450]
	chromedriver!(No symbol) [0x7ff7acad5bbd]
	chromedriver!(No symbol) [0x7ff7acb3108d]
	chromedriver!(No symbol) [0x7ff7acb3138c]
	chromedriver!(No symbol) [0x7ff7acb81c27]
	chromedriver!(No symbol) [0x7ff7acb7e7eb]
	chromedriver!(No symbol) [0x7ff7acb2361c]
	chromedriver!(No symbol) [0x7ff7acb24543]
	chromedriver!GetHandleVerifier [0x7ff7ad569791+5e09d1]
	chromedriver!GetHandleVerifier [0x7ff7ad563b3b+5dad7b]
	chromedriver!GetHandleVerifier [0x7ff7ad589315+600555]
	chromedriver!GetHandleVerifier [0x7ff7acfbbf5e+3319e]
	chromedriver!GetHandleVerifier [0x7ff7acfc474c+3b98c]
	chromedriver!GetHandleVerifier [0x7ff7acfa8284+1f4c4]
	chromedriver!GetHandleVerifier [0x7ff7acfa8414+1f654]
	chromedriver!GetHandleVerifier [0x7ff7acf8b0a7+22e7]
	KERNEL32!BaseThreadInitThunk [0x7ffbf74accb7+17]
	ntdll!RtlUserThreadStart [0x7ffbf87191cc+2c]
"
2026-08-08T15:36:26,sheikhnadeemullah,error,"Timed out: Message: 
Stacktrace:
	chromedriver!GetHandleVerifier [0x7ff7acf9e1b5+153f5]
	chromedriver!GetHandleVerifier [0x7ff7acf9e210+15450]
	chromedriver!(No symbol) [0x7ff7acad5bbd]
	chromedriver!(No symbol) [0x7ff7acb3108d]
	chromedriver!(No symbol) [0x7ff7acb3138c]
	chromedriver!(No symbol) [0x7ff7acb81c27]
	chromedriver!(No symbol) [0x7ff7acb7e7eb]
	chromedriver!(No symbol) [0x7ff7acb2361c]
	chromedriver!(No symbol) [0x7ff7acb24543]
	chromedriver!GetHandleVerifier [0x7ff7ad569791+5e09d1]
	chromedriver!GetHandleVerifier [0x7ff7ad563b3b+5dad7b]
	chromedriver!GetHandleVerifier [0x7ff7ad589315+600555]
	chromedriver!GetHandleVerifier [0x7ff7acfbbf5e+3319e]
	chromedriver!GetHandleVerifier [0x7ff7acfc474c+3b98c]
	chromedriver!GetHandleVerifier [0x7ff7acfa8284+1f4c4]
	chromedriver!GetHandleVerifier [0x7ff7acfa8414+1f654]
	chromedriver!GetHandleVerifier [0x7ff7acf8b0a7+22e7]
	KERNEL32!BaseThreadInitThunk [0x7ffbf74accb7+17]
	ntdll!RtlUserThreadStart [0x7ffbf87191cc+2c]
"
2026-08-08T15:36:33,sheikhsohaibrabbani,error,"Timed out: Message: 
Stacktrace:
	chromedriver!GetHandleVerifier [0x7ff7acf9e1b5+153f5]
	chromedriver!GetHandleVerifier [0x7ff7acf9e210+15450]
	chromedriver!(No symbol) [0x7ff7acad5bbd]
	chromedriver!(No symbol) [0x7ff7acb3108d]
	chromedriver!(No symbol) [0x7ff7acb3138c]
	chromedriver!(No symbol) [0x7ff7acb81c27]
	chromedriver!(No symbol) [0x7ff7acb7e7eb]
	chromedriver!(No symbol) [0x7ff7acb2361c]
	chromedriver!(No symbol) [0x7ff7acb24543]
	chromedriver!GetHandleVerifier [0x7ff7ad569791+5e09d1]
	chromedriver!GetHandleVerifier [0x7ff7ad563b3b+5dad7b]
	chromedriver!GetHandleVerifier [0x7ff7ad589315+600555]
	chromedriver!GetHandleVerifier [0x7ff7acfbbf5e+3319e]
	chromedriver!GetHandleVerifier [0x7ff7acfc474c+3b98c]
	chromedriver!GetHandleVerifier [0x7ff7acfa8284+1f4c4]
	chromedriver!GetHandleVerifier [0x7ff7acfa8414+1f654]
	chromedriver!GetHandleVerifier [0x7ff7acf8b0a7+22e7]
	KERNEL32!BaseThreadInitThunk [0x7ffbf74accb7+17]
	ntdll!RtlUserThreadStart [0x7ffbf87191cc+2c]
"
2026-08-08T15:36:40,sheis.prerna,error,"Timed out: Message: 
Stacktrace:
	chromedriver!GetHandleVerifier [0x7ff7acf9e1b5+153f5]
	chromedriver!GetHandleVerifier [0x7ff7acf9e210+15450]
	chromedriver!(No symbol) [0x7ff7acad5bbd]
	chromedriver!(No symbol) [0x7ff7acb3108d]
	chromedriver!(No symbol) [0x7ff7acb3138c]
	chromedriver!(No symbol) [0x7ff7acb81c27]
	chromedriver!(No symbol) [0x7ff7acb7e7eb]
	chromedriver!(No symbol) [0x7ff7acb2361c]
	chromedriver!(No symbol) [0x7ff7acb24543]
	chromedriver!GetHandleVerifier [0x7ff7ad569791+5e09d1]
	chromedriver!GetHandleVerifier [0x7ff7ad563b3b+5dad7b]
	chromedriver!GetHandleVerifier [0x7ff7ad589315+600555]
	chromedriver!GetHandleVerifier [0x7ff7acfbbf5e+3319e]
	chromedriver!GetHandleVerifier [0x7ff7acfc474c+3b98c]
	chromedriver!GetHandleVerifier [0x7ff7acfa8284+1f4c4]
	chromedriver!GetHandleVerifier [0x7ff7acfa8414+1f654]
	chromedriver!GetHandleVerifier [0x7ff7acf8b0a7+22e7]
	KERNEL32!BaseThreadInitThunk [0x7ffbf74accb7+17]
	ntdll!RtlUserThreadStart [0x7ffbf87191cc+2c]
"
2026-08-08T15:36:47,sheraz_ibn_e_zafar,error,"Timed out: Message: 
Stacktrace:
	chromedriver!GetHandleVerifier [0x7ff7acf9e1b5+153f5]
	chromedriver!GetHandleVerifier [0x7ff7acf9e210+15450]
	chromedriver!(No symbol) [0x7ff7acad5bbd]
	chromedriver!(No symbol) [0x7ff7acb3108d]
	chromedriver!(No symbol) [0x7ff7acb3138c]
	chromedriver!(No symbol) [0x7ff7acb81c27]
	chromedriver!(No symbol) [0x7ff7acb7e7eb]
	chromedriver!(No symbol) [0x7ff7acb2361c]
	chromedriver!(No symbol) [0x7ff7acb24543]
	chromedriver!GetHandleVerifier [0x7ff7ad569791+5e09d1]
	chromedriver!GetHandleVerifier [0x7ff7ad563b3b+5dad7b]
	chromedriver!GetHandleVerifier [0x7ff7ad589315+600555]
	chromedriver!GetHandleVerifier [0x7ff7acfbbf5e+3319e]
	chromedriver!GetHandleVerifier [0x7ff7acfc474c+3b98c]
	chromedriver!GetHandleVerifier [0x7ff7acfa8284+1f4c4]
	chromedriver!GetHandleVerifier [0x7ff7acfa8414+1f654]
	chromedriver!GetHandleVerifier [0x7ff7acf8b0a7+22e7]
	KERNEL32!BaseThreadInitThunk [0x7ffbf74accb7+17]
	ntdll!RtlUserThreadStart [0x7ffbf87191cc+2c]
"
2026-08-08T15:36:54,shero1745,error,"Timed out: Message: 
Stacktrace:
	chromedriver!GetHandleVerifier [0x7ff7acf9e1b5+153f5]
	chromedriver!GetHandleVerifier [0x7ff7acf9e210+15450]
	chromedriver!(No symbol) [0x7ff7acad5bbd]
	chromedriver!(No symbol) [0x7ff7acb3108d]
	chromedriver!(No symbol) [0x7ff7acb3138c]
	chromedriver!(No symbol) [0x7ff7acb81c27]
	chromedriver!(No symbol) [0x7ff7acb7e7eb]
	chromedriver!(No symbol) [0x7ff7acb2361c]
	chromedriver!(No symbol) [0x7ff7acb24543]
	chromedriver!GetHandleVerifier [0x7ff7ad569791+5e09d1]
	chromedriver!GetHandleVerifier [0x7ff7ad563b3b+5dad7b]
	chromedriver!GetHandleVerifier [0x7ff7ad589315+600555]
	chromedriver!GetHandleVerifier [0x7ff7acfbbf5e+3319e]
	chromedriver!GetHandleVerifier [0x7ff7acfc474c+3b98c]
	chromedriver!GetHandleVerifier [0x7ff7acfa8284+1f4c4]
	chromedriver!GetHandleVerifier [0x7ff7acfa8414+1f654]
	chromedriver!GetHandleVerifier [0x7ff7acf8b0a7+22e7]
	KERNEL32!BaseThreadInitThunk [0x7ffbf74accb7+17]
	ntdll!RtlUserThreadStart [0x7ffbf87191cc+2c]
"
2026-08-08T15:37:02,sheryarali78,error,"Timed out: Message: 
Stacktrace:
	chromedriver!GetHandleVerifier [0x7ff7acf9e1b5+153f5]
	chromedriver!GetHandleVerifier [0x7ff7acf9e210+15450]
	chromedriver!(No symbol) [0x7ff7acad5bbd]
	chromedriver!(No symbol) [0x7ff7acb3108d]
	chromedriver!(No symbol) [0x7ff7acb3138c]
	chromedriver!(No symbol) [0x7ff7acb81c27]
	chromedriver!(No symbol) [0x7ff7acb7e7eb]
	chromedriver!(No symbol) [0x7ff7acb2361c]
	chromedriver!(No symbol) [0x7ff7acb24543]
	chromedriver!GetHandleVerifier [0x7ff7ad569791+5e09d1]
	chromedriver!GetHandleVerifier [0x7ff7ad563b3b+5dad7b]
	chromedriver!GetHandleVerifier [0x7ff7ad589315+600555]
	chromedriver!GetHandleVerifier [0x7ff7acfbbf5e+3319e]
	chromedriver!GetHandleVerifier [0x7ff7acfc474c+3b98c]
	chromedriver!GetHandleVerifier [0x7ff7acfa8284+1f4c4]
	chromedriver!GetHandleVerifier [0x7ff7acfa8414+1f654]
	chromedriver!GetHandleVerifier [0x7ff7acf8b0a7+22e7]
	KERNEL32!BaseThreadInitThunk [0x7ffbf74accb7+17]
	ntdll!RtlUserThreadStart [0x7ffbf87191cc+2c]
"
2026-08-08T15:37:10,sheryy_.96,error,"Timed out: Message: 
Stacktrace:
	chromedriver!GetHandleVerifier [0x7ff7acf9e1b5+153f5]
	chromedriver!GetHandleVerifier [0x7ff7acf9e210+15450]
	chromedriver!(No symbol) [0x7ff7acad5bbd]
	chromedriver!(No symbol) [0x7ff7acb3108d]
	chromedriver!(No symbol) [0x7ff7acb3138c]
	chromedriver!(No symbol) [0x7ff7acb81c27]
	chromedriver!(No symbol) [0x7ff7acb7e7eb]
	chromedriver!(No symbol) [0x7ff7acb2361c]
	chromedriver!(No symbol) [0x7ff7acb24543]
	chromedriver!GetHandleVerifier [0x7ff7ad569791+5e09d1]
	chromedriver!GetHandleVerifier [0x7ff7ad563b3b+5dad7b]
	chromedriver!GetHandleVerifier [0x7ff7ad589315+600555]
	chromedriver!GetHandleVerifier [0x7ff7acfbbf5e+3319e]
	chromedriver!GetHandleVerifier [0x7ff7acfc474c+3b98c]
	chromedriver!GetHandleVerifier [0x7ff7acfa8284+1f4c4]
	chromedriver!GetHandleVerifier [0x7ff7acfa8414+1f654]
	chromedriver!GetHandleVerifier [0x7ff7acf8b0a7+22e7]
	KERNEL32!BaseThreadInitThunk [0x7ffbf74accb7+17]
	ntdll!RtlUserThreadStart [0x7ffbf87191cc+2c]
"
2026-08-08T15:37:16,shh_hashmi_,error,"Timed out: Message: 
Stacktrace:
	chromedriver!GetHandleVerifier [0x7ff7acf9e1b5+153f5]
	chromedriver!GetHandleVerifier [0x7ff7acf9e210+15450]
	chromedriver!(No symbol) [0x7ff7acad5bbd]
	chromedriver!(No symbol) [0x7ff7acb3108d]
	chromedriver!(No symbol) [0x7ff7acb3138c]
	chromedriver!(No symbol) [0x7ff7acb81c27]
	chromedriver!(No symbol) [0x7ff7acb7e7eb]
	chromedriver!(No symbol) [0x7ff7acb2361c]
	chromedriver!(No symbol) [0x7ff7acb24543]
	chromedriver!GetHandleVerifier [0x7ff7ad569791+5e09d1]
	chromedriver!GetHandleVerifier [0x7ff7ad563b3b+5dad7b]
	chromedriver!GetHandleVerifier [0x7ff7ad589315+600555]
	chromedriver!GetHandleVerifier [0x7ff7acfbbf5e+3319e]
	chromedriver!GetHandleVerifier [0x7ff7acfc474c+3b98c]
	chromedriver!GetHandleVerifier [0x7ff7acfa8284+1f4c4]
	chromedriver!GetHandleVerifier [0x7ff7acfa8414+1f654]
	chromedriver!GetHandleVerifier [0x7ff7acf8b0a7+22e7]
	KERNEL32!BaseThreadInitThunk [0x7ffbf74accb7+17]
	ntdll!RtlUserThreadStart [0x7ffbf87191cc+2c]
"
2026-08-08T15:37:24,shheeeez,error,"Timed out: Message: 
Stacktrace:
	chromedriver!GetHandleVerifier [0x7ff7acf9e1b5+153f5]
	chromedriver!GetHandleVerifier [0x7ff7acf9e210+15450]
	chromedriver!(No symbol) [0x7ff7acad5bbd]
	chromedriver!(No symbol) [0x7ff7acb3108d]
	chromedriver!(No symbol) [0x7ff7acb3138c]
	chromedriver!(No symbol) [0x7ff7acb81c27]
	chromedriver!(No symbol) [0x7ff7acb7e7eb]
	chromedriver!(No symbol) [0x7ff7acb2361c]
	chromedriver!(No symbol) [0x7ff7acb24543]
	chromedriver!GetHandleVerifier [0x7ff7ad569791+5e09d1]
	chromedriver!GetHandleVerifier [0x7ff7ad563b3b+5dad7b]
	chromedriver!GetHandleVerifier [0x7ff7ad589315+600555]
	chromedriver!GetHandleVerifier [0x7ff7acfbbf5e+3319e]
	chromedriver!GetHandleVerifier [0x7ff7acfc474c+3b98c]
	chromedriver!GetHandleVerifier [0x7ff7acfa8284+1f4c4]
	chromedriver!GetHandleVerifier [0x7ff7acfa8414+1f654]
	chromedriver!GetHandleVerifier [0x7ff7acf8b0a7+22e7]
	KERNEL32!BaseThreadInitThunk [0x7ffbf74accb7+17]
	ntdll!RtlUserThreadStart [0x7ffbf87191cc+2c]
"
2026-08-08T15:37:30,shikhaprakash23,error,"Timed out: Message: 
Stacktrace:
	chromedriver!GetHandleVerifier [0x7ff7acf9e1b5+153f5]
	chromedriver!GetHandleVerifier [0x7ff7acf9e210+15450]
	chromedriver!(No symbol) [0x7ff7acad5bbd]
	chromedriver!(No symbol) [0x7ff7acb3108d]
	chromedriver!(No symbol) [0x7ff7acb3138c]
	chromedriver!(No symbol) [0x7ff7acb81c27]
	chromedriver!(No symbol) [0x7ff7acb7e7eb]
	chromedriver!(No symbol) [0x7ff7acb2361c]
	chromedriver!(No symbol) [0x7ff7acb24543]
	chromedriver!GetHandleVerifier [0x7ff7ad569791+5e09d1]
	chromedriver!GetHandleVerifier [0x7ff7ad563b3b+5dad7b]
	chromedriver!GetHandleVerifier [0x7ff7ad589315+600555]
	chromedriver!GetHandleVerifier [0x7ff7acfbbf5e+3319e]
	chromedriver!GetHandleVerifier [0x7ff7acfc474c+3b98c]
	chromedriver!GetHandleVerifier [0x7ff7acfa8284+1f4c4]
	chromedriver!GetHandleVerifier [0x7ff7acfa8414+1f654]
	chromedriver!GetHandleVerifier [0x7ff7acf8b0a7+22e7]
	KERNEL32!BaseThreadInitThunk [0x7ffbf74accb7+17]
	ntdll!RtlUserThreadStart [0x7ffbf87191cc+2c]
"
2026-08-08T15:37:38,shine_with_kainat,error,"Timed out: Message: 
Stacktrace:
	chromedriver!GetHandleVerifier [0x7ff7acf9e1b5+153f5]
	chromedriver!GetHandleVerifier [0x7ff7acf9e210+15450]
	chromedriver!(No symbol) [0x7ff7acad5bbd]
	chromedriver!(No symbol) [0x7ff7acb3108d]
	chromedriver!(No symbol) [0x7ff7acb3138c]
	chromedriver!(No symbol) [0x7ff7acb81c27]
	chromedriver!(No symbol) [0x7ff7acb7e7eb]
	chromedriver!(No symbol) [0x7ff7acb2361c]
	chromedriver!(No symbol) [0x7ff7acb24543]
	chromedriver!GetHandleVerifier [0x7ff7ad569791+5e09d1]
	chromedriver!GetHandleVerifier [0x7ff7ad563b3b+5dad7b]
	chromedriver!GetHandleVerifier [0x7ff7ad589315+600555]
	chromedriver!GetHandleVerifier [0x7ff7acfbbf5e+3319e]
	chromedriver!GetHandleVerifier [0x7ff7acfc474c+3b98c]
	chromedriver!GetHandleVerifier [0x7ff7acfa8284+1f4c4]
	chromedriver!GetHandleVerifier [0x7ff7acfa8414+1f654]
	chromedriver!GetHandleVerifier [0x7ff7acf8b0a7+22e7]
	KERNEL32!BaseThreadInitThunk [0x7ffbf74accb7+17]
	ntdll!RtlUserThreadStart [0x7ffbf87191cc+2c]
"
2026-08-08T15:37:44,shiririna4,not_found,Instagram reported that this profile is unavailable.
2026-08-08T15:37:51,shivsharrma,error,"Timed out: Message: 
Stacktrace:
	chromedriver!GetHandleVerifier [0x7ff7acf9e1b5+153f5]
	chromedriver!GetHandleVerifier [0x7ff7acf9e210+15450]
	chromedriver!(No symbol) [0x7ff7acad5bbd]
	chromedriver!(No symbol) [0x7ff7acb3108d]
	chromedriver!(No symbol) [0x7ff7acb3138c]
	chromedriver!(No symbol) [0x7ff7acb81c27]
	chromedriver!(No symbol) [0x7ff7acb7e7eb]
	chromedriver!(No symbol) [0x7ff7acb2361c]
	chromedriver!(No symbol) [0x7ff7acb24543]
	chromedriver!GetHandleVerifier [0x7ff7ad569791+5e09d1]
	chromedriver!GetHandleVerifier [0x7ff7ad563b3b+5dad7b]
	chromedriver!GetHandleVerifier [0x7ff7ad589315+600555]
	chromedriver!GetHandleVerifier [0x7ff7acfbbf5e+3319e]
	chromedriver!GetHandleVerifier [0x7ff7acfc474c+3b98c]
	chromedriver!GetHandleVerifier [0x7ff7acfa8284+1f4c4]
	chromedriver!GetHandleVerifier [0x7ff7acfa8414+1f654]
	chromedriver!GetHandleVerifier [0x7ff7acf8b0a7+22e7]
	KERNEL32!BaseThreadInitThunk [0x7ffbf74accb7+17]
	ntdll!RtlUserThreadStart [0x7ffbf87191cc+2c]
"
2026-08-08T15:37:58,shiza_rajpoot07,error,"Timed out: Message: 
Stacktrace:
	chromedriver!GetHandleVerifier [0x7ff7acf9e1b5+153f5]
	chromedriver!GetHandleVerifier [0x7ff7acf9e210+15450]
	chromedriver!(No symbol) [0x7ff7acad5bbd]
	chromedriver!(No symbol) [0x7ff7acb3108d]
	chromedriver!(No symbol) [0x7ff7acb3138c]
	chromedriver!(No symbol) [0x7ff7acb81c27]
	chromedriver!(No symbol) [0x7ff7acb7e7eb]
	chromedriver!(No symbol) [0x7ff7acb2361c]
	chromedriver!(No symbol) [0x7ff7acb24543]
	chromedriver!GetHandleVerifier [0x7ff7ad569791+5e09d1]
	chromedriver!GetHandleVerifier [0x7ff7ad563b3b+5dad7b]
	chromedriver!GetHandleVerifier [0x7ff7ad589315+600555]
	chromedriver!GetHandleVerifier [0x7ff7acfbbf5e+3319e]
	chromedriver!GetHandleVerifier [0x7ff7acfc474c+3b98c]
	chromedriver!GetHandleVerifier [0x7ff7acfa8284+1f4c4]
	chromedriver!GetHandleVerifier [0x7ff7acfa8414+1f654]
	chromedriver!GetHandleVerifier [0x7ff7acf8b0a7+22e7]
	KERNEL32!BaseThreadInitThunk [0x7ffbf74accb7+17]
	ntdll!RtlUserThreadStart [0x7ffbf87191cc+2c]
"
2026-08-08T15:38:06,shizza.02,error,"Timed out: Message: 
Stacktrace:
	chromedriver!GetHandleVerifier [0x7ff7acf9e1b5+153f5]
	chromedriver!GetHandleVerifier [0x7ff7acf9e210+15450]
	chromedriver!(No symbol) [0x7ff7acad5bbd]
	chromedriver!(No symbol) [0x7ff7acb3108d]
	chromedriver!(No symbol) [0x7ff7acb3138c]
	chromedriver!(No symbol) [0x7ff7acb81c27]
	chromedriver!(No symbol) [0x7ff7acb7e7eb]
	chromedriver!(No symbol) [0x7ff7acb2361c]
	chromedriver!(No symbol) [0x7ff7acb24543]
	chromedriver!GetHandleVerifier [0x7ff7ad569791+5e09d1]
	chromedriver!GetHandleVerifier [0x7ff7ad563b3b+5dad7b]
	chromedriver!GetHandleVerifier [0x7ff7ad589315+600555]
	chromedriver!GetHandleVerifier [0x7ff7acfbbf5e+3319e]
	chromedriver!GetHandleVerifier [0x7ff7acfc474c+3b98c]
	chromedriver!GetHandleVerifier [0x7ff7acfa8284+1f4c4]
	chromedriver!GetHandleVerifier [0x7ff7acfa8414+1f654]
	chromedriver!GetHandleVerifier [0x7ff7acf8b0a7+22e7]
	KERNEL32!BaseThreadInitThunk [0x7ffbf74accb7+17]
	ntdll!RtlUserThreadStart [0x7ffbf87191cc+2c]
"
2026-08-08T15:38:13,shk.usman_19,error,"Timed out: Message: 
Stacktrace:
	chromedriver!GetHandleVerifier [0x7ff7acf9e1b5+153f5]
	chromedriver!GetHandleVerifier [0x7ff7acf9e210+15450]
	chromedriver!(No symbol) [0x7ff7acad5bbd]
	chromedriver!(No symbol) [0x7ff7acb3108d]
	chromedriver!(No symbol) [0x7ff7acb3138c]
	chromedriver!(No symbol) [0x7ff7acb81c27]
	chromedriver!(No symbol) [0x7ff7acb7e7eb]
	chromedriver!(No symbol) [0x7ff7acb2361c]
	chromedriver!(No symbol) [0x7ff7acb24543]
	chromedriver!GetHandleVerifier [0x7ff7ad569791+5e09d1]
	chromedriver!GetHandleVerifier [0x7ff7ad563b3b+5dad7b]
	chromedriver!GetHandleVerifier [0x7ff7ad589315+600555]
	chromedriver!GetHandleVerifier [0x7ff7acfbbf5e+3319e]
	chromedriver!GetHandleVerifier [0x7ff7acfc474c+3b98c]
	chromedriver!GetHandleVerifier [0x7ff7acfa8284+1f4c4]
	chromedriver!GetHandleVerifier [0x7ff7acfa8414+1f654]
	chromedriver!GetHandleVerifier [0x7ff7acf8b0a7+22e7]
	KERNEL32!BaseThreadInitThunk [0x7ffbf74accb7+17]
	ntdll!RtlUserThreadStart [0x7ffbf87191cc+2c]
"
2026-08-08T15:38:20,shoaib_261,error,"Timed out: Message: 
Stacktrace:
	chromedriver!GetHandleVerifier [0x7ff7acf9e1b5+153f5]
	chromedriver!GetHandleVerifier [0x7ff7acf9e210+15450]
	chromedriver!(No symbol) [0x7ff7acad5bbd]
	chromedriver!(No symbol) [0x7ff7acb3108d]
	chromedriver!(No symbol) [0x7ff7acb3138c]
	chromedriver!(No symbol) [0x7ff7acb81c27]
	chromedriver!(No symbol) [0x7ff7acb7e7eb]
	chromedriver!(No symbol) [0x7ff7acb2361c]
	chromedriver!(No symbol) [0x7ff7acb24543]
	chromedriver!GetHandleVerifier [0x7ff7ad569791+5e09d1]
	chromedriver!GetHandleVerifier [0x7ff7ad563b3b+5dad7b]
	chromedriver!GetHandleVerifier [0x7ff7ad589315+600555]
	chromedriver!GetHandleVerifier [0x7ff7acfbbf5e+3319e]
	chromedriver!GetHandleVerifier [0x7ff7acfc474c+3b98c]
	chromedriver!GetHandleVerifier [0x7ff7acfa8284+1f4c4]
	chromedriver!GetHandleVerifier [0x7ff7acfa8414+1f654]
	chromedriver!GetHandleVerifier [0x7ff7acf8b0a7+22e7]
	KERNEL32!BaseThreadInitThunk [0x7ffbf74accb7+17]
	ntdll!RtlUserThreadStart [0x7ffbf87191cc+2c]
"
2026-08-08T15:38:27,shoaib_rahat_clicks,error,"Timed out: Message: 
Stacktrace:
	chromedriver!GetHandleVerifier [0x7ff7acf9e1b5+153f5]
	chromedriver!GetHandleVerifier [0x7ff7acf9e210+15450]
	chromedriver!(No symbol) [0x7ff7acad5bbd]
	chromedriver!(No symbol) [0x7ff7acb3108d]
	chromedriver!(No symbol) [0x7ff7acb3138c]
	chromedriver!(No symbol) [0x7ff7acb81c27]
	chromedriver!(No symbol) [0x7ff7acb7e7eb]
	chromedriver!(No symbol) [0x7ff7acb2361c]
	chromedriver!(No symbol) [0x7ff7acb24543]
	chromedriver!GetHandleVerifier [0x7ff7ad569791+5e09d1]
	chromedriver!GetHandleVerifier [0x7ff7ad563b3b+5dad7b]
	chromedriver!GetHandleVerifier [0x7ff7ad589315+600555]
	chromedriver!GetHandleVerifier [0x7ff7acfbbf5e+3319e]
	chromedriver!GetHandleVerifier [0x7ff7acfc474c+3b98c]
	chromedriver!GetHandleVerifier [0x7ff7acfa8284+1f4c4]
	chromedriver!GetHandleVerifier [0x7ff7acfa8414+1f654]
	chromedriver!GetHandleVerifier [0x7ff7acf8b0a7+22e7]
	KERNEL32!BaseThreadInitThunk [0x7ffbf74accb7+17]
	ntdll!RtlUserThreadStart [0x7ffbf87191cc+2c]
"
2026-08-08T15:38:35,shoaiblatif457,error,"Timed out: Message: 
Stacktrace:
	chromedriver!GetHandleVerifier [0x7ff7acf9e1b5+153f5]
	chromedriver!GetHandleVerifier [0x7ff7acf9e210+15450]
	chromedriver!(No symbol) [0x7ff7acad5bbd]
	chromedriver!(No symbol) [0x7ff7acb3108d]
	chromedriver!(No symbol) [0x7ff7acb3138c]
	chromedriver!(No symbol) [0x7ff7acb81c27]
	chromedriver!(No symbol) [0x7ff7acb7e7eb]
	chromedriver!(No symbol) [0x7ff7acb2361c]
	chromedriver!(No symbol) [0x7ff7acb24543]
	chromedriver!GetHandleVerifier [0x7ff7ad569791+5e09d1]
	chromedriver!GetHandleVerifier [0x7ff7ad563b3b+5dad7b]
	chromedriver!GetHandleVerifier [0x7ff7ad589315+600555]
	chromedriver!GetHandleVerifier [0x7ff7acfbbf5e+3319e]
	chromedriver!GetHandleVerifier [0x7ff7acfc474c+3b98c]
	chromedriver!GetHandleVerifier [0x7ff7acfa8284+1f4c4]
	chromedriver!GetHandleVerifier [0x7ff7acfa8414+1f654]
	chromedriver!GetHandleVerifier [0x7ff7acf8b0a7+22e7]
	KERNEL32!BaseThreadInitThunk [0x7ffbf74accb7+17]
	ntdll!RtlUserThreadStart [0x7ffbf87191cc+2c]
"
2026-08-08T15:38:42,shoaibmirza464,error,"Timed out: Message: 
Stacktrace:
	chromedriver!GetHandleVerifier [0x7ff7acf9e1b5+153f5]
	chromedriver!GetHandleVerifier [0x7ff7acf9e210+15450]
	chromedriver!(No symbol) [0x7ff7acad5bbd]
	chromedriver!(No symbol) [0x7ff7acb3108d]
	chromedriver!(No symbol) [0x7ff7acb3138c]
	chromedriver!(No symbol) [0x7ff7acb81c27]
	chromedriver!(No symbol) [0x7ff7acb7e7eb]
	chromedriver!(No symbol) [0x7ff7acb2361c]
	chromedriver!(No symbol) [0x7ff7acb24543]
	chromedriver!GetHandleVerifier [0x7ff7ad569791+5e09d1]
	chromedriver!GetHandleVerifier [0x7ff7ad563b3b+5dad7b]
	chromedriver!GetHandleVerifier [0x7ff7ad589315+600555]
	chromedriver!GetHandleVerifier [0x7ff7acfbbf5e+3319e]
	chromedriver!GetHandleVerifier [0x7ff7acfc474c+3b98c]
	chromedriver!GetHandleVerifier [0x7ff7acfa8284+1f4c4]
	chromedriver!GetHandleVerifier [0x7ff7acfa8414+1f654]
	chromedriver!GetHandleVerifier [0x7ff7acf8b0a7+22e7]
	KERNEL32!BaseThreadInitThunk [0x7ffbf74accb7+17]
	ntdll!RtlUserThreadStart [0x7ffbf87191cc+2c]
"
2026-08-08T15:38:50,shoe.zone77,error,"Timed out: Message: 
Stacktrace:
	chromedriver!GetHandleVerifier [0x7ff7acf9e1b5+153f5]
	chromedriver!GetHandleVerifier [0x7ff7acf9e210+15450]
	chromedriver!(No symbol) [0x7ff7acad5bbd]
	chromedriver!(No symbol) [0x7ff7acb3108d]
	chromedriver!(No symbol) [0x7ff7acb3138c]
	chromedriver!(No symbol) [0x7ff7acb81c27]
	chromedriver!(No symbol) [0x7ff7acb7e7eb]
	chromedriver!(No symbol) [0x7ff7acb2361c]
	chromedriver!(No symbol) [0x7ff7acb24543]
	chromedriver!GetHandleVerifier [0x7ff7ad569791+5e09d1]
	chromedriver!GetHandleVerifier [0x7ff7ad563b3b+5dad7b]
	chromedriver!GetHandleVerifier [0x7ff7ad589315+600555]
	chromedriver!GetHandleVerifier [0x7ff7acfbbf5e+3319e]
	chromedriver!GetHandleVerifier [0x7ff7acfc474c+3b98c]
	chromedriver!GetHandleVerifier [0x7ff7acfa8284+1f4c4]
	chromedriver!GetHandleVerifier [0x7ff7acfa8414+1f654]
	chromedriver!GetHandleVerifier [0x7ff7acf8b0a7+22e7]
	KERNEL32!BaseThreadInitThunk [0x7ffbf74accb7+17]
	ntdll!RtlUserThreadStart [0x7ffbf87191cc+2c]
"
2026-08-08T15:38:57,shoukatmehsud07,error,"Timed out: Message: 
Stacktrace:
	chromedriver!GetHandleVerifier [0x7ff7acf9e1b5+153f5]
	chromedriver!GetHandleVerifier [0x7ff7acf9e210+15450]
	chromedriver!(No symbol) [0x7ff7acad5bbd]
	chromedriver!(No symbol) [0x7ff7acb3108d]
	chromedriver!(No symbol) [0x7ff7acb3138c]
	chromedriver!(No symbol) [0x7ff7acb81c27]
	chromedriver!(No symbol) [0x7ff7acb7e7eb]
	chromedriver!(No symbol) [0x7ff7acb2361c]
	chromedriver!(No symbol) [0x7ff7acb24543]
	chromedriver!GetHandleVerifier [0x7ff7ad569791+5e09d1]
	chromedriver!GetHandleVerifier [0x7ff7ad563b3b+5dad7b]
	chromedriver!GetHandleVerifier [0x7ff7ad589315+600555]
	chromedriver!GetHandleVerifier [0x7ff7acfbbf5e+3319e]
	chromedriver!GetHandleVerifier [0x7ff7acfc474c+3b98c]
	chromedriver!GetHandleVerifier [0x7ff7acfa8284+1f4c4]
	chromedriver!GetHandleVerifier [0x7ff7acfa8414+1f654]
	chromedriver!GetHandleVerifier [0x7ff7acf8b0a7+22e7]
	KERNEL32!BaseThreadInitThunk [0x7ffbf74accb7+17]
	ntdll!RtlUserThreadStart [0x7ffbf87191cc+2c]
"
2026-08-08T15:39:03,shozsta,following_not_visible,Could not find a visible Following button.
2026-08-08T15:39:10,shr3yayay,error,"Timed out: Message: 
Stacktrace:
	chromedriver!GetHandleVerifier [0x7ff7acf9e1b5+153f5]
	chromedriver!GetHandleVerifier [0x7ff7acf9e210+15450]
	chromedriver!(No symbol) [0x7ff7acad5bbd]
	chromedriver!(No symbol) [0x7ff7acb3108d]
	chromedriver!(No symbol) [0x7ff7acb3138c]
	chromedriver!(No symbol) [0x7ff7acb81c27]
	chromedriver!(No symbol) [0x7ff7acb7e7eb]
	chromedriver!(No symbol) [0x7ff7acb2361c]
	chromedriver!(No symbol) [0x7ff7acb24543]
	chromedriver!GetHandleVerifier [0x7ff7ad569791+5e09d1]
	chromedriver!GetHandleVerifier [0x7ff7ad563b3b+5dad7b]
	chromedriver!GetHandleVerifier [0x7ff7ad589315+600555]
	chromedriver!GetHandleVerifier [0x7ff7acfbbf5e+3319e]
	chromedriver!GetHandleVerifier [0x7ff7acfc474c+3b98c]
	chromedriver!GetHandleVerifier [0x7ff7acfa8284+1f4c4]
	chromedriver!GetHandleVerifier [0x7ff7acfa8414+1f654]
	chromedriver!GetHandleVerifier [0x7ff7acf8b0a7+22e7]
	KERNEL32!BaseThreadInitThunk [0x7ffbf74accb7+17]
	ntdll!RtlUserThreadStart [0x7ffbf87191cc+2c]
"
2026-08-08T15:39:17,shubhmgoel,error,"Timed out: Message: 
Stacktrace:
	chromedriver!GetHandleVerifier [0x7ff7acf9e1b5+153f5]
	chromedriver!GetHandleVerifier [0x7ff7acf9e210+15450]
	chromedriver!(No symbol) [0x7ff7acad5bbd]
	chromedriver!(No symbol) [0x7ff7acb3108d]
	chromedriver!(No symbol) [0x7ff7acb3138c]
	chromedriver!(No symbol) [0x7ff7acb81c27]
	chromedriver!(No symbol) [0x7ff7acb7e7eb]
	chromedriver!(No symbol) [0x7ff7acb2361c]
	chromedriver!(No symbol) [0x7ff7acb24543]
	chromedriver!GetHandleVerifier [0x7ff7ad569791+5e09d1]
	chromedriver!GetHandleVerifier [0x7ff7ad563b3b+5dad7b]
	chromedriver!GetHandleVerifier [0x7ff7ad589315+600555]
	chromedriver!GetHandleVerifier [0x7ff7acfbbf5e+3319e]
	chromedriver!GetHandleVerifier [0x7ff7acfc474c+3b98c]
	chromedriver!GetHandleVerifier [0x7ff7acfa8284+1f4c4]
	chromedriver!GetHandleVerifier [0x7ff7acfa8414+1f654]
	chromedriver!GetHandleVerifier [0x7ff7acf8b0a7+22e7]
	KERNEL32!BaseThreadInitThunk [0x7ffbf74accb7+17]
	ntdll!RtlUserThreadStart [0x7ffbf87191cc+2c]
"
2026-08-08T15:39:24,shujah_nasir,error,"Timed out: Message: 
Stacktrace:
	chromedriver!GetHandleVerifier [0x7ff7acf9e1b5+153f5]
	chromedriver!GetHandleVerifier [0x7ff7acf9e210+15450]
	chromedriver!(No symbol) [0x7ff7acad5bbd]
	chromedriver!(No symbol) [0x7ff7acb3108d]
	chromedriver!(No symbol) [0x7ff7acb3138c]
	chromedriver!(No symbol) [0x7ff7acb81c27]
	chromedriver!(No symbol) [0x7ff7acb7e7eb]
	chromedriver!(No symbol) [0x7ff7acb2361c]
	chromedriver!(No symbol) [0x7ff7acb24543]
	chromedriver!GetHandleVerifier [0x7ff7ad569791+5e09d1]
	chromedriver!GetHandleVerifier [0x7ff7ad563b3b+5dad7b]
	chromedriver!GetHandleVerifier [0x7ff7ad589315+600555]
	chromedriver!GetHandleVerifier [0x7ff7acfbbf5e+3319e]
	chromedriver!GetHandleVerifier [0x7ff7acfc474c+3b98c]
	chromedriver!GetHandleVerifier [0x7ff7acfa8284+1f4c4]
	chromedriver!GetHandleVerifier [0x7ff7acfa8414+1f654]
	chromedriver!GetHandleVerifier [0x7ff7acf8b0a7+22e7]
	KERNEL32!BaseThreadInitThunk [0x7ffbf74accb7+17]
	ntdll!RtlUserThreadStart [0x7ffbf87191cc+2c]
"
2026-08-08T15:39:31,shusmankhalid,error,"Timed out: Message: 
Stacktrace:
	chromedriver!GetHandleVerifier [0x7ff7acf9e1b5+153f5]
	chromedriver!GetHandleVerifier [0x7ff7acf9e210+15450]
	chromedriver!(No symbol) [0x7ff7acad5bbd]
	chromedriver!(No symbol) [0x7ff7acb3108d]
	chromedriver!(No symbol) [0x7ff7acb3138c]
	chromedriver!(No symbol) [0x7ff7acb81c27]
	chromedriver!(No symbol) [0x7ff7acb7e7eb]
	chromedriver!(No symbol) [0x7ff7acb2361c]
	chromedriver!(No symbol) [0x7ff7acb24543]
	chromedriver!GetHandleVerifier [0x7ff7ad569791+5e09d1]
	chromedriver!GetHandleVerifier [0x7ff7ad563b3b+5dad7b]
	chromedriver!GetHandleVerifier [0x7ff7ad589315+600555]
	chromedriver!GetHandleVerifier [0x7ff7acfbbf5e+3319e]
	chromedriver!GetHandleVerifier [0x7ff7acfc474c+3b98c]
	chromedriver!GetHandleVerifier [0x7ff7acfa8284+1f4c4]
	chromedriver!GetHandleVerifier [0x7ff7acfa8414+1f654]
	chromedriver!GetHandleVerifier [0x7ff7acf8b0a7+22e7]
	KERNEL32!BaseThreadInitThunk [0x7ffbf74accb7+17]
	ntdll!RtlUserThreadStart [0x7ffbf87191cc+2c]
"
2026-08-08T15:39:38,shyassar,error,"Timed out: Message: 
Stacktrace:
	chromedriver!GetHandleVerifier [0x7ff7acf9e1b5+153f5]
	chromedriver!GetHandleVerifier [0x7ff7acf9e210+15450]
	chromedriver!(No symbol) [0x7ff7acad5bbd]
	chromedriver!(No symbol) [0x7ff7acb3108d]
	chromedriver!(No symbol) [0x7ff7acb3138c]
	chromedriver!(No symbol) [0x7ff7acb81c27]
	chromedriver!(No symbol) [0x7ff7acb7e7eb]
	chromedriver!(No symbol) [0x7ff7acb2361c]
	chromedriver!(No symbol) [0x7ff7acb24543]
	chromedriver!GetHandleVerifier [0x7ff7ad569791+5e09d1]
	chromedriver!GetHandleVerifier [0x7ff7ad563b3b+5dad7b]
	chromedriver!GetHandleVerifier [0x7ff7ad589315+600555]
	chromedriver!GetHandleVerifier [0x7ff7acfbbf5e+3319e]
	chromedriver!GetHandleVerifier [0x7ff7acfc474c+3b98c]
	chromedriver!GetHandleVerifier [0x7ff7acfa8284+1f4c4]
	chromedriver!GetHandleVerifier [0x7ff7acfa8414+1f654]
	chromedriver!GetHandleVerifier [0x7ff7acf8b0a7+22e7]
	KERNEL32!BaseThreadInitThunk [0x7ffbf74accb7+17]
	ntdll!RtlUserThreadStart [0x7ffbf87191cc+2c]
"
2026-08-08T15:39:46,shyna_hassan26,error,"Timed out: Message: 
Stacktrace:
	chromedriver!GetHandleVerifier [0x7ff7acf9e1b5+153f5]
	chromedriver!GetHandleVerifier [0x7ff7acf9e210+15450]
	chromedriver!(No symbol) [0x7ff7acad5bbd]
	chromedriver!(No symbol) [0x7ff7acb3108d]
	chromedriver!(No symbol) [0x7ff7acb3138c]
	chromedriver!(No symbol) [0x7ff7acb81c27]
	chromedriver!(No symbol) [0x7ff7acb7e7eb]
	chromedriver!(No symbol) [0x7ff7acb2361c]
	chromedriver!(No symbol) [0x7ff7acb24543]
	chromedriver!GetHandleVerifier [0x7ff7ad569791+5e09d1]
	chromedriver!GetHandleVerifier [0x7ff7ad563b3b+5dad7b]
	chromedriver!GetHandleVerifier [0x7ff7ad589315+600555]
	chromedriver!GetHandleVerifier [0x7ff7acfbbf5e+3319e]
	chromedriver!GetHandleVerifier [0x7ff7acfc474c+3b98c]
	chromedriver!GetHandleVerifier [0x7ff7acfa8284+1f4c4]
	chromedriver!GetHandleVerifier [0x7ff7acfa8414+1f654]
	chromedriver!GetHandleVerifier [0x7ff7acf8b0a7+22e7]
	KERNEL32!BaseThreadInitThunk [0x7ffbf74accb7+17]
	ntdll!RtlUserThreadStart [0x7ffbf87191cc+2c]
"
2026-08-08T15:39:52,sid__hamza,error,"Timed out: Message: 
Stacktrace:
	chromedriver!GetHandleVerifier [0x7ff7acf9e1b5+153f5]
	chromedriver!GetHandleVerifier [0x7ff7acf9e210+15450]
	chromedriver!(No symbol) [0x7ff7acad5bbd]
	chromedriver!(No symbol) [0x7ff7acb3108d]
	chromedriver!(No symbol) [0x7ff7acb3138c]
	chromedriver!(No symbol) [0x7ff7acb81c27]
	chromedriver!(No symbol) [0x7ff7acb7e7eb]
	chromedriver!(No symbol) [0x7ff7acb2361c]
	chromedriver!(No symbol) [0x7ff7acb24543]
	chromedriver!GetHandleVerifier [0x7ff7ad569791+5e09d1]
	chromedriver!GetHandleVerifier [0x7ff7ad563b3b+5dad7b]
	chromedriver!GetHandleVerifier [0x7ff7ad589315+600555]
	chromedriver!GetHandleVerifier [0x7ff7acfbbf5e+3319e]
	chromedriver!GetHandleVerifier [0x7ff7acfc474c+3b98c]
	chromedriver!GetHandleVerifier [0x7ff7acfa8284+1f4c4]
	chromedriver!GetHandleVerifier [0x7ff7acfa8414+1f654]
	chromedriver!GetHandleVerifier [0x7ff7acf8b0a7+22e7]
	KERNEL32!BaseThreadInitThunk [0x7ffbf74accb7+17]
	ntdll!RtlUserThreadStart [0x7ffbf87191cc+2c]
"
2026-08-08T15:39:59,sidiqalee,error,"Timed out: Message: 
Stacktrace:
	chromedriver!GetHandleVerifier [0x7ff7acf9e1b5+153f5]
	chromedriver!GetHandleVerifier [0x7ff7acf9e210+15450]
	chromedriver!(No symbol) [0x7ff7acad5bbd]
	chromedriver!(No symbol) [0x7ff7acb3108d]
	chromedriver!(No symbol) [0x7ff7acb3138c]
	chromedriver!(No symbol) [0x7ff7acb81c27]
	chromedriver!(No symbol) [0x7ff7acb7e7eb]
	chromedriver!(No symbol) [0x7ff7acb2361c]
	chromedriver!(No symbol) [0x7ff7acb24543]
	chromedriver!GetHandleVerifier [0x7ff7ad569791+5e09d1]
	chromedriver!GetHandleVerifier [0x7ff7ad563b3b+5dad7b]
	chromedriver!GetHandleVerifier [0x7ff7ad589315+600555]
	chromedriver!GetHandleVerifier [0x7ff7acfbbf5e+3319e]
	chromedriver!GetHandleVerifier [0x7ff7acfc474c+3b98c]
	chromedriver!GetHandleVerifier [0x7ff7acfa8284+1f4c4]
	chromedriver!GetHandleVerifier [0x7ff7acfa8414+1f654]
	chromedriver!GetHandleVerifier [0x7ff7acf8b0a7+22e7]
	KERNEL32!BaseThreadInitThunk [0x7ffbf74accb7+17]
	ntdll!RtlUserThreadStart [0x7ffbf87191cc+2c]
"
2026-08-08T15:40:06,sikutube,error,"Timed out: Message: 
Stacktrace:
	chromedriver!GetHandleVerifier [0x7ff7acf9e1b5+153f5]
	chromedriver!GetHandleVerifier [0x7ff7acf9e210+15450]
	chromedriver!(No symbol) [0x7ff7acad5bbd]
	chromedriver!(No symbol) [0x7ff7acb3108d]
	chromedriver!(No symbol) [0x7ff7acb3138c]
	chromedriver!(No symbol) [0x7ff7acb81c27]
	chromedriver!(No symbol) [0x7ff7acb7e7eb]
	chromedriver!(No symbol) [0x7ff7acb2361c]
	chromedriver!(No symbol) [0x7ff7acb24543]
	chromedriver!GetHandleVerifier [0x7ff7ad569791+5e09d1]
	chromedriver!GetHandleVerifier [0x7ff7ad563b3b+5dad7b]
	chromedriver!GetHandleVerifier [0x7ff7ad589315+600555]
	chromedriver!GetHandleVerifier [0x7ff7acfbbf5e+3319e]
	chromedriver!GetHandleVerifier [0x7ff7acfc474c+3b98c]
	chromedriver!GetHandleVerifier [0x7ff7acfa8284+1f4c4]
	chromedriver!GetHandleVerifier [0x7ff7acfa8414+1f654]
	chromedriver!GetHandleVerifier [0x7ff7acf8b0a7+22e7]
	KERNEL32!BaseThreadInitThunk [0x7ffbf74accb7+17]
	ntdll!RtlUserThreadStart [0x7ffbf87191cc+2c]
"
2026-08-08T15:40:14,simply_shifa1,error,"Timed out: Message: 
Stacktrace:
	chromedriver!GetHandleVerifier [0x7ff7acf9e1b5+153f5]
	chromedriver!GetHandleVerifier [0x7ff7acf9e210+15450]
	chromedriver!(No symbol) [0x7ff7acad5bbd]
	chromedriver!(No symbol) [0x7ff7acb3108d]
	chromedriver!(No symbol) [0x7ff7acb3138c]
	chromedriver!(No symbol) [0x7ff7acb81c27]
	chromedriver!(No symbol) [0x7ff7acb7e7eb]
	chromedriver!(No symbol) [0x7ff7acb2361c]
	chromedriver!(No symbol) [0x7ff7acb24543]
	chromedriver!GetHandleVerifier [0x7ff7ad569791+5e09d1]
	chromedriver!GetHandleVerifier [0x7ff7ad563b3b+5dad7b]
	chromedriver!GetHandleVerifier [0x7ff7ad589315+600555]
	chromedriver!GetHandleVerifier [0x7ff7acfbbf5e+3319e]
	chromedriver!GetHandleVerifier [0x7ff7acfc474c+3b98c]
	chromedriver!GetHandleVerifier [0x7ff7acfa8284+1f4c4]
	chromedriver!GetHandleVerifier [0x7ff7acfa8414+1f654]
	chromedriver!GetHandleVerifier [0x7ff7acf8b0a7+22e7]
	KERNEL32!BaseThreadInitThunk [0x7ffbf74accb7+17]
	ntdll!RtlUserThreadStart [0x7ffbf87191cc+2c]
"
2026-08-08T15:40:20,simplymaham__,not_found,Instagram reported that this profile is unavailable.
2026-08-08T15:40:27,simplymomina_,error,"Timed out: Message: 
Stacktrace:
	chromedriver!GetHandleVerifier [0x7ff7acf9e1b5+153f5]
	chromedriver!GetHandleVerifier [0x7ff7acf9e210+15450]
	chromedriver!(No symbol) [0x7ff7acad5bbd]
	chromedriver!(No symbol) [0x7ff7acb3108d]
	chromedriver!(No symbol) [0x7ff7acb3138c]
	chromedriver!(No symbol) [0x7ff7acb81c27]
	chromedriver!(No symbol) [0x7ff7acb7e7eb]
	chromedriver!(No symbol) [0x7ff7acb2361c]
	chromedriver!(No symbol) [0x7ff7acb24543]
	chromedriver!GetHandleVerifier [0x7ff7ad569791+5e09d1]
	chromedriver!GetHandleVerifier [0x7ff7ad563b3b+5dad7b]
	chromedriver!GetHandleVerifier [0x7ff7ad589315+600555]
	chromedriver!GetHandleVerifier [0x7ff7acfbbf5e+3319e]
	chromedriver!GetHandleVerifier [0x7ff7acfc474c+3b98c]
	chromedriver!GetHandleVerifier [0x7ff7acfa8284+1f4c4]
	chromedriver!GetHandleVerifier [0x7ff7acfa8414+1f654]
	chromedriver!GetHandleVerifier [0x7ff7acf8b0a7+22e7]
	KERNEL32!BaseThreadInitThunk [0x7ffbf74accb7+17]
	ntdll!RtlUserThreadStart [0x7ffbf87191cc+2c]
"
2026-08-08T15:40:34,simplyyyy_ayesha,error,"Timed out: Message: 
Stacktrace:
	chromedriver!GetHandleVerifier [0x7ff7acf9e1b5+153f5]
	chromedriver!GetHandleVerifier [0x7ff7acf9e210+15450]
	chromedriver!(No symbol) [0x7ff7acad5bbd]
	chromedriver!(No symbol) [0x7ff7acb3108d]
	chromedriver!(No symbol) [0x7ff7acb3138c]
	chromedriver!(No symbol) [0x7ff7acb81c27]
	chromedriver!(No symbol) [0x7ff7acb7e7eb]
	chromedriver!(No symbol) [0x7ff7acb2361c]
	chromedriver!(No symbol) [0x7ff7acb24543]
	chromedriver!GetHandleVerifier [0x7ff7ad569791+5e09d1]
	chromedriver!GetHandleVerifier [0x7ff7ad563b3b+5dad7b]
	chromedriver!GetHandleVerifier [0x7ff7ad589315+600555]
	chromedriver!GetHandleVerifier [0x7ff7acfbbf5e+3319e]
	chromedriver!GetHandleVerifier [0x7ff7acfc474c+3b98c]
	chromedriver!GetHandleVerifier [0x7ff7acfa8284+1f4c4]
	chromedriver!GetHandleVerifier [0x7ff7acfa8414+1f654]
	chromedriver!GetHandleVerifier [0x7ff7acf8b0a7+22e7]
	KERNEL32!BaseThreadInitThunk [0x7ffbf74accb7+17]
	ntdll!RtlUserThreadStart [0x7ffbf87191cc+2c]
"
2026-08-08T15:40:41,sinthia.marry,error,"Timed out: Message: 
Stacktrace:
	chromedriver!GetHandleVerifier [0x7ff7acf9e1b5+153f5]
	chromedriver!GetHandleVerifier [0x7ff7acf9e210+15450]
	chromedriver!(No symbol) [0x7ff7acad5bbd]
	chromedriver!(No symbol) [0x7ff7acb3108d]
	chromedriver!(No symbol) [0x7ff7acb3138c]
	chromedriver!(No symbol) [0x7ff7acb81c27]
	chromedriver!(No symbol) [0x7ff7acb7e7eb]
	chromedriver!(No symbol) [0x7ff7acb2361c]
	chromedriver!(No symbol) [0x7ff7acb24543]
	chromedriver!GetHandleVerifier [0x7ff7ad569791+5e09d1]
	chromedriver!GetHandleVerifier [0x7ff7ad563b3b+5dad7b]
	chromedriver!GetHandleVerifier [0x7ff7ad589315+600555]
	chromedriver!GetHandleVerifier [0x7ff7acfbbf5e+3319e]
	chromedriver!GetHandleVerifier [0x7ff7acfc474c+3b98c]
	chromedriver!GetHandleVerifier [0x7ff7acfa8284+1f4c4]
	chromedriver!GetHandleVerifier [0x7ff7acfa8414+1f654]
	chromedriver!GetHandleVerifier [0x7ff7acf8b0a7+22e7]
	KERNEL32!BaseThreadInitThunk [0x7ffbf74accb7+17]
	ntdll!RtlUserThreadStart [0x7ffbf87191cc+2c]
"
2026-08-08T15:40:48,sk_noor_ghouri,error,"Timed out: Message: 
Stacktrace:
	chromedriver!GetHandleVerifier [0x7ff7acf9e1b5+153f5]
	chromedriver!GetHandleVerifier [0x7ff7acf9e210+15450]
	chromedriver!(No symbol) [0x7ff7acad5bbd]
	chromedriver!(No symbol) [0x7ff7acb3108d]
	chromedriver!(No symbol) [0x7ff7acb3138c]
	chromedriver!(No symbol) [0x7ff7acb81c27]
	chromedriver!(No symbol) [0x7ff7acb7e7eb]
	chromedriver!(No symbol) [0x7ff7acb2361c]
	chromedriver!(No symbol) [0x7ff7acb24543]
	chromedriver!GetHandleVerifier [0x7ff7ad569791+5e09d1]
	chromedriver!GetHandleVerifier [0x7ff7ad563b3b+5dad7b]
	chromedriver!GetHandleVerifier [0x7ff7ad589315+600555]
	chromedriver!GetHandleVerifier [0x7ff7acfbbf5e+3319e]
	chromedriver!GetHandleVerifier [0x7ff7acfc474c+3b98c]
	chromedriver!GetHandleVerifier [0x7ff7acfa8284+1f4c4]
	chromedriver!GetHandleVerifier [0x7ff7acfa8414+1f654]
	chromedriver!GetHandleVerifier [0x7ff7acf8b0a7+22e7]
	KERNEL32!BaseThreadInitThunk [0x7ffbf74accb7+17]
	ntdll!RtlUserThreadStart [0x7ffbf87191cc+2c]
"
2026-08-08T15:40:55,skanjar653,error,"Timed out: Message: 
Stacktrace:
	chromedriver!GetHandleVerifier [0x7ff7acf9e1b5+153f5]
	chromedriver!GetHandleVerifier [0x7ff7acf9e210+15450]
	chromedriver!(No symbol) [0x7ff7acad5bbd]
	chromedriver!(No symbol) [0x7ff7acb3108d]
	chromedriver!(No symbol) [0x7ff7acb3138c]
	chromedriver!(No symbol) [0x7ff7acb81c27]
	chromedriver!(No symbol) [0x7ff7acb7e7eb]
	chromedriver!(No symbol) [0x7ff7acb2361c]
	chromedriver!(No symbol) [0x7ff7acb24543]
	chromedriver!GetHandleVerifier [0x7ff7ad569791+5e09d1]
	chromedriver!GetHandleVerifier [0x7ff7ad563b3b+5dad7b]
	chromedriver!GetHandleVerifier [0x7ff7ad589315+600555]
	chromedriver!GetHandleVerifier [0x7ff7acfbbf5e+3319e]
	chromedriver!GetHandleVerifier [0x7ff7acfc474c+3b98c]
	chromedriver!GetHandleVerifier [0x7ff7acfa8284+1f4c4]
	chromedriver!GetHandleVerifier [0x7ff7acfa8414+1f654]
	chromedriver!GetHandleVerifier [0x7ff7acf8b0a7+22e7]
	KERNEL32!BaseThreadInitThunk [0x7ffbf74accb7+17]
	ntdll!RtlUserThreadStart [0x7ffbf87191cc+2c]
"
2026-08-08T15:41:02,skhan1186,error,"Timed out: Message: 
Stacktrace:
	chromedriver!GetHandleVerifier [0x7ff7acf9e1b5+153f5]
	chromedriver!GetHandleVerifier [0x7ff7acf9e210+15450]
	chromedriver!(No symbol) [0x7ff7acad5bbd]
	chromedriver!(No symbol) [0x7ff7acb3108d]
	chromedriver!(No symbol) [0x7ff7acb3138c]
	chromedriver!(No symbol) [0x7ff7acb81c27]
	chromedriver!(No symbol) [0x7ff7acb7e7eb]
	chromedriver!(No symbol) [0x7ff7acb2361c]
	chromedriver!(No symbol) [0x7ff7acb24543]
	chromedriver!GetHandleVerifier [0x7ff7ad569791+5e09d1]
	chromedriver!GetHandleVerifier [0x7ff7ad563b3b+5dad7b]
	chromedriver!GetHandleVerifier [0x7ff7ad589315+600555]
	chromedriver!GetHandleVerifier [0x7ff7acfbbf5e+3319e]
	chromedriver!GetHandleVerifier [0x7ff7acfc474c+3b98c]
	chromedriver!GetHandleVerifier [0x7ff7acfa8284+1f4c4]
	chromedriver!GetHandleVerifier [0x7ff7acfa8414+1f654]
	chromedriver!GetHandleVerifier [0x7ff7acf8b0a7+22e7]
	KERNEL32!BaseThreadInitThunk [0x7ffbf74accb7+17]
	ntdll!RtlUserThreadStart [0x7ffbf87191cc+2c]
"
2026-08-08T15:41:10,skrtgrizzyfanpage,error,"Timed out: Message: 
Stacktrace:
	chromedriver!GetHandleVerifier [0x7ff7acf9e1b5+153f5]
	chromedriver!GetHandleVerifier [0x7ff7acf9e210+15450]
	chromedriver!(No symbol) [0x7ff7acad5bbd]
	chromedriver!(No symbol) [0x7ff7acb3108d]
	chromedriver!(No symbol) [0x7ff7acb3138c]
	chromedriver!(No symbol) [0x7ff7acb81c27]
	chromedriver!(No symbol) [0x7ff7acb7e7eb]
	chromedriver!(No symbol) [0x7ff7acb2361c]
	chromedriver!(No symbol) [0x7ff7acb24543]
	chromedriver!GetHandleVerifier [0x7ff7ad569791+5e09d1]
	chromedriver!GetHandleVerifier [0x7ff7ad563b3b+5dad7b]
	chromedriver!GetHandleVerifier [0x7ff7ad589315+600555]
	chromedriver!GetHandleVerifier [0x7ff7acfbbf5e+3319e]
	chromedriver!GetHandleVerifier [0x7ff7acfc474c+3b98c]
	chromedriver!GetHandleVerifier [0x7ff7acfa8284+1f4c4]
	chromedriver!GetHandleVerifier [0x7ff7acfa8414+1f654]
	chromedriver!GetHandleVerifier [0x7ff7acf8b0a7+22e7]
	KERNEL32!BaseThreadInitThunk [0x7ffbf74accb7+17]
	ntdll!RtlUserThreadStart [0x7ffbf87191cc+2c]
"
2026-08-08T15:41:18,slaywith._.meee,error,"Timed out: Message: 
Stacktrace:
	chromedriver!GetHandleVerifier [0x7ff7acf9e1b5+153f5]
	chromedriver!GetHandleVerifier [0x7ff7acf9e210+15450]
	chromedriver!(No symbol) [0x7ff7acad5bbd]
	chromedriver!(No symbol) [0x7ff7acb3108d]
	chromedriver!(No symbol) [0x7ff7acb3138c]
	chromedriver!(No symbol) [0x7ff7acb81c27]
	chromedriver!(No symbol) [0x7ff7acb7e7eb]
	chromedriver!(No symbol) [0x7ff7acb2361c]
	chromedriver!(No symbol) [0x7ff7acb24543]
	chromedriver!GetHandleVerifier [0x7ff7ad569791+5e09d1]
	chromedriver!GetHandleVerifier [0x7ff7ad563b3b+5dad7b]
	chromedriver!GetHandleVerifier [0x7ff7ad589315+600555]
	chromedriver!GetHandleVerifier [0x7ff7acfbbf5e+3319e]
	chromedriver!GetHandleVerifier [0x7ff7acfc474c+3b98c]
	chromedriver!GetHandleVerifier [0x7ff7acfa8284+1f4c4]
	chromedriver!GetHandleVerifier [0x7ff7acfa8414+1f654]
	chromedriver!GetHandleVerifier [0x7ff7acf8b0a7+22e7]
	KERNEL32!BaseThreadInitThunk [0x7ffbf74accb7+17]
	ntdll!RtlUserThreadStart [0x7ffbf87191cc+2c]
"
2026-08-08T15:41:24,smaba5312,not_found,Instagram reported that this profile is unavailable.
2026-08-08T15:41:31,smile_ilenia,error,"Timed out: Message: 
Stacktrace:
	chromedriver!GetHandleVerifier [0x7ff7acf9e1b5+153f5]
	chromedriver!GetHandleVerifier [0x7ff7acf9e210+15450]
	chromedriver!(No symbol) [0x7ff7acad5bbd]
	chromedriver!(No symbol) [0x7ff7acb3108d]
	chromedriver!(No symbol) [0x7ff7acb3138c]
	chromedriver!(No symbol) [0x7ff7acb81c27]
	chromedriver!(No symbol) [0x7ff7acb7e7eb]
	chromedriver!(No symbol) [0x7ff7acb2361c]
	chromedriver!(No symbol) [0x7ff7acb24543]
	chromedriver!GetHandleVerifier [0x7ff7ad569791+5e09d1]
	chromedriver!GetHandleVerifier [0x7ff7ad563b3b+5dad7b]
	chromedriver!GetHandleVerifier [0x7ff7ad589315+600555]
	chromedriver!GetHandleVerifier [0x7ff7acfbbf5e+3319e]
	chromedriver!GetHandleVerifier [0x7ff7acfc474c+3b98c]
	chromedriver!GetHandleVerifier [0x7ff7acfa8284+1f4c4]
	chromedriver!GetHandleVerifier [0x7ff7acfa8414+1f654]
	chromedriver!GetHandleVerifier [0x7ff7acf8b0a7+22e7]
	KERNEL32!BaseThreadInitThunk [0x7ffbf74accb7+17]
	ntdll!RtlUserThreadStart [0x7ffbf87191cc+2c]
"
2026-08-08T15:41:38,sn207523,error,"Timed out: Message: 
Stacktrace:
	chromedriver!GetHandleVerifier [0x7ff7acf9e1b5+153f5]
	chromedriver!GetHandleVerifier [0x7ff7acf9e210+15450]
	chromedriver!(No symbol) [0x7ff7acad5bbd]
	chromedriver!(No symbol) [0x7ff7acb3108d]
	chromedriver!(No symbol) [0x7ff7acb3138c]
	chromedriver!(No symbol) [0x7ff7acb81c27]
	chromedriver!(No symbol) [0x7ff7acb7e7eb]
	chromedriver!(No symbol) [0x7ff7acb2361c]
	chromedriver!(No symbol) [0x7ff7acb24543]
	chromedriver!GetHandleVerifier [0x7ff7ad569791+5e09d1]
	chromedriver!GetHandleVerifier [0x7ff7ad563b3b+5dad7b]
	chromedriver!GetHandleVerifier [0x7ff7ad589315+600555]
	chromedriver!GetHandleVerifier [0x7ff7acfbbf5e+3319e]
	chromedriver!GetHandleVerifier [0x7ff7acfc474c+3b98c]
	chromedriver!GetHandleVerifier [0x7ff7acfa8284+1f4c4]
	chromedriver!GetHandleVerifier [0x7ff7acfa8414+1f654]
	chromedriver!GetHandleVerifier [0x7ff7acf8b0a7+22e7]
	KERNEL32!BaseThreadInitThunk [0x7ffbf74accb7+17]
	ntdll!RtlUserThreadStart [0x7ffbf87191cc+2c]
"
2026-08-08T15:41:45,snippetsbyrabia,error,"Timed out: Message: 
Stacktrace:
	chromedriver!GetHandleVerifier [0x7ff7acf9e1b5+153f5]
	chromedriver!GetHandleVerifier [0x7ff7acf9e210+15450]
	chromedriver!(No symbol) [0x7ff7acad5bbd]
	chromedriver!(No symbol) [0x7ff7acb3108d]
	chromedriver!(No symbol) [0x7ff7acb3138c]
	chromedriver!(No symbol) [0x7ff7acb81c27]
	chromedriver!(No symbol) [0x7ff7acb7e7eb]
	chromedriver!(No symbol) [0x7ff7acb2361c]
	chromedriver!(No symbol) [0x7ff7acb24543]
	chromedriver!GetHandleVerifier [0x7ff7ad569791+5e09d1]
	chromedriver!GetHandleVerifier [0x7ff7ad563b3b+5dad7b]
	chromedriver!GetHandleVerifier [0x7ff7ad589315+600555]
	chromedriver!GetHandleVerifier [0x7ff7acfbbf5e+3319e]
	chromedriver!GetHandleVerifier [0x7ff7acfc474c+3b98c]
	chromedriver!GetHandleVerifier [0x7ff7acfa8284+1f4c4]
	chromedriver!GetHandleVerifier [0x7ff7acfa8414+1f654]
	chromedriver!GetHandleVerifier [0x7ff7acf8b0a7+22e7]
	KERNEL32!BaseThreadInitThunk [0x7ffbf74accb7+17]
	ntdll!RtlUserThreadStart [0x7ffbf87191cc+2c]
"
2026-08-08T15:41:53,snober.a,error,"Timed out: Message: 
Stacktrace:
	chromedriver!GetHandleVerifier [0x7ff7acf9e1b5+153f5]
	chromedriver!GetHandleVerifier [0x7ff7acf9e210+15450]
	chromedriver!(No symbol) [0x7ff7acad5bbd]
	chromedriver!(No symbol) [0x7ff7acb3108d]
	chromedriver!(No symbol) [0x7ff7acb3138c]
	chromedriver!(No symbol) [0x7ff7acb81c27]
	chromedriver!(No symbol) [0x7ff7acb7e7eb]
	chromedriver!(No symbol) [0x7ff7acb2361c]
	chromedriver!(No symbol) [0x7ff7acb24543]
	chromedriver!GetHandleVerifier [0x7ff7ad569791+5e09d1]
	chromedriver!GetHandleVerifier [0x7ff7ad563b3b+5dad7b]
	chromedriver!GetHandleVerifier [0x7ff7ad589315+600555]
	chromedriver!GetHandleVerifier [0x7ff7acfbbf5e+3319e]
	chromedriver!GetHandleVerifier [0x7ff7acfc474c+3b98c]
	chromedriver!GetHandleVerifier [0x7ff7acfa8284+1f4c4]
	chromedriver!GetHandleVerifier [0x7ff7acfa8414+1f654]
	chromedriver!GetHandleVerifier [0x7ff7acf8b0a7+22e7]
	KERNEL32!BaseThreadInitThunk [0x7ffbf74accb7+17]
	ntdll!RtlUserThreadStart [0x7ffbf87191cc+2c]
"
2026-08-08T15:42:00,so.cili,error,"Timed out: Message: 
Stacktrace:
	chromedriver!GetHandleVerifier [0x7ff7acf9e1b5+153f5]
	chromedriver!GetHandleVerifier [0x7ff7acf9e210+15450]
	chromedriver!(No symbol) [0x7ff7acad5bbd]
	chromedriver!(No symbol) [0x7ff7acb3108d]
	chromedriver!(No symbol) [0x7ff7acb3138c]
	chromedriver!(No symbol) [0x7ff7acb81c27]
	chromedriver!(No symbol) [0x7ff7acb7e7eb]
	chromedriver!(No symbol) [0x7ff7acb2361c]
	chromedriver!(No symbol) [0x7ff7acb24543]
	chromedriver!GetHandleVerifier [0x7ff7ad569791+5e09d1]
	chromedriver!GetHandleVerifier [0x7ff7ad563b3b+5dad7b]
	chromedriver!GetHandleVerifier [0x7ff7ad589315+600555]
	chromedriver!GetHandleVerifier [0x7ff7acfbbf5e+3319e]
	chromedriver!GetHandleVerifier [0x7ff7acfc474c+3b98c]
	chromedriver!GetHandleVerifier [0x7ff7acfa8284+1f4c4]
	chromedriver!GetHandleVerifier [0x7ff7acfa8414+1f654]
	chromedriver!GetHandleVerifier [0x7ff7acf8b0a7+22e7]
	KERNEL32!BaseThreadInitThunk [0x7ffbf74accb7+17]
	ntdll!RtlUserThreadStart [0x7ffbf87191cc+2c]
"
2026-08-08T15:42:08,sodee_p65,error,"Timed out: Message: 
Stacktrace:
	chromedriver!GetHandleVerifier [0x7ff7acf9e1b5+153f5]
	chromedriver!GetHandleVerifier [0x7ff7acf9e210+15450]
	chromedriver!(No symbol) [0x7ff7acad5bbd]
	chromedriver!(No symbol) [0x7ff7acb3108d]
	chromedriver!(No symbol) [0x7ff7acb3138c]
	chromedriver!(No symbol) [0x7ff7acb81c27]
	chromedriver!(No symbol) [0x7ff7acb7e7eb]
	chromedriver!(No symbol) [0x7ff7acb2361c]
	chromedriver!(No symbol) [0x7ff7acb24543]
	chromedriver!GetHandleVerifier [0x7ff7ad569791+5e09d1]
	chromedriver!GetHandleVerifier [0x7ff7ad563b3b+5dad7b]
	chromedriver!GetHandleVerifier [0x7ff7ad589315+600555]
	chromedriver!GetHandleVerifier [0x7ff7acfbbf5e+3319e]
	chromedriver!GetHandleVerifier [0x7ff7acfc474c+3b98c]
	chromedriver!GetHandleVerifier [0x7ff7acfa8284+1f4c4]
	chromedriver!GetHandleVerifier [0x7ff7acfa8414+1f654]
	chromedriver!GetHandleVerifier [0x7ff7acf8b0a7+22e7]
	KERNEL32!BaseThreadInitThunk [0x7ffbf74accb7+17]
	ntdll!RtlUserThreadStart [0x7ffbf87191cc+2c]
"
2026-08-08T15:42:15,sohagram_,error,"Timed out: Message: 
Stacktrace:
	chromedriver!GetHandleVerifier [0x7ff7acf9e1b5+153f5]
	chromedriver!GetHandleVerifier [0x7ff7acf9e210+15450]
	chromedriver!(No symbol) [0x7ff7acad5bbd]
	chromedriver!(No symbol) [0x7ff7acb3108d]
	chromedriver!(No symbol) [0x7ff7acb3138c]
	chromedriver!(No symbol) [0x7ff7acb81c27]
	chromedriver!(No symbol) [0x7ff7acb7e7eb]
	chromedriver!(No symbol) [0x7ff7acb2361c]
	chromedriver!(No symbol) [0x7ff7acb24543]
	chromedriver!GetHandleVerifier [0x7ff7ad569791+5e09d1]
	chromedriver!GetHandleVerifier [0x7ff7ad563b3b+5dad7b]
	chromedriver!GetHandleVerifier [0x7ff7ad589315+600555]
	chromedriver!GetHandleVerifier [0x7ff7acfbbf5e+3319e]
	chromedriver!GetHandleVerifier [0x7ff7acfc474c+3b98c]
	chromedriver!GetHandleVerifier [0x7ff7acfa8284+1f4c4]
	chromedriver!GetHandleVerifier [0x7ff7acfa8414+1f654]
	chromedriver!GetHandleVerifier [0x7ff7acf8b0a7+22e7]
	KERNEL32!BaseThreadInitThunk [0x7ffbf74accb7+17]
	ntdll!RtlUserThreadStart [0x7ffbf87191cc+2c]
"
2026-08-08T15:42:22,sohaib_malik222,error,"Timed out: Message: 
Stacktrace:
	chromedriver!GetHandleVerifier [0x7ff7acf9e1b5+153f5]
	chromedriver!GetHandleVerifier [0x7ff7acf9e210+15450]
	chromedriver!(No symbol) [0x7ff7acad5bbd]
	chromedriver!(No symbol) [0x7ff7acb3108d]
	chromedriver!(No symbol) [0x7ff7acb3138c]
	chromedriver!(No symbol) [0x7ff7acb81c27]
	chromedriver!(No symbol) [0x7ff7acb7e7eb]
	chromedriver!(No symbol) [0x7ff7acb2361c]
	chromedriver!(No symbol) [0x7ff7acb24543]
	chromedriver!GetHandleVerifier [0x7ff7ad569791+5e09d1]
	chromedriver!GetHandleVerifier [0x7ff7ad563b3b+5dad7b]
	chromedriver!GetHandleVerifier [0x7ff7ad589315+600555]
	chromedriver!GetHandleVerifier [0x7ff7acfbbf5e+3319e]
	chromedriver!GetHandleVerifier [0x7ff7acfc474c+3b98c]
	chromedriver!GetHandleVerifier [0x7ff7acfa8284+1f4c4]
	chromedriver!GetHandleVerifier [0x7ff7acfa8414+1f654]
	chromedriver!GetHandleVerifier [0x7ff7acf8b0a7+22e7]
	KERNEL32!BaseThreadInitThunk [0x7ffbf74accb7+17]
	ntdll!RtlUserThreadStart [0x7ffbf87191cc+2c]
"
2026-08-08T15:42:30,sohaib_sobi,error,"Timed out: Message: 
Stacktrace:
	chromedriver!GetHandleVerifier [0x7ff7acf9e1b5+153f5]
	chromedriver!GetHandleVerifier [0x7ff7acf9e210+15450]
	chromedriver!(No symbol) [0x7ff7acad5bbd]
	chromedriver!(No symbol) [0x7ff7acb3108d]
	chromedriver!(No symbol) [0x7ff7acb3138c]
	chromedriver!(No symbol) [0x7ff7acb81c27]
	chromedriver!(No symbol) [0x7ff7acb7e7eb]
	chromedriver!(No symbol) [0x7ff7acb2361c]
	chromedriver!(No symbol) [0x7ff7acb24543]
	chromedriver!GetHandleVerifier [0x7ff7ad569791+5e09d1]
	chromedriver!GetHandleVerifier [0x7ff7ad563b3b+5dad7b]
	chromedriver!GetHandleVerifier [0x7ff7ad589315+600555]
	chromedriver!GetHandleVerifier [0x7ff7acfbbf5e+3319e]
	chromedriver!GetHandleVerifier [0x7ff7acfc474c+3b98c]
	chromedriver!GetHandleVerifier [0x7ff7acfa8284+1f4c4]
	chromedriver!GetHandleVerifier [0x7ff7acfa8414+1f654]
	chromedriver!GetHandleVerifier [0x7ff7acf8b0a7+22e7]
	KERNEL32!BaseThreadInitThunk [0x7ffbf74accb7+17]
	ntdll!RtlUserThreadStart [0x7ffbf87191cc+2c]
"
2026-08-08T15:42:36,sohail_nawaz_344,error,"Timed out: Message: 
Stacktrace:
	chromedriver!GetHandleVerifier [0x7ff7acf9e1b5+153f5]
	chromedriver!GetHandleVerifier [0x7ff7acf9e210+15450]
	chromedriver!(No symbol) [0x7ff7acad5bbd]
	chromedriver!(No symbol) [0x7ff7acb3108d]
	chromedriver!(No symbol) [0x7ff7acb3138c]
	chromedriver!(No symbol) [0x7ff7acb81c27]
	chromedriver!(No symbol) [0x7ff7acb7e7eb]
	chromedriver!(No symbol) [0x7ff7acb2361c]
	chromedriver!(No symbol) [0x7ff7acb24543]
	chromedriver!GetHandleVerifier [0x7ff7ad569791+5e09d1]
	chromedriver!GetHandleVerifier [0x7ff7ad563b3b+5dad7b]
	chromedriver!GetHandleVerifier [0x7ff7ad589315+600555]
	chromedriver!GetHandleVerifier [0x7ff7acfbbf5e+3319e]
	chromedriver!GetHandleVerifier [0x7ff7acfc474c+3b98c]
	chromedriver!GetHandleVerifier [0x7ff7acfa8284+1f4c4]
	chromedriver!GetHandleVerifier [0x7ff7acfa8414+1f654]
	chromedriver!GetHandleVerifier [0x7ff7acf8b0a7+22e7]
	KERNEL32!BaseThreadInitThunk [0x7ffbf74accb7+17]
	ntdll!RtlUserThreadStart [0x7ffbf87191cc+2c]
"
2026-08-08T15:42:43,sohhhaa_,error,"Timed out: Message: 
Stacktrace:
	chromedriver!GetHandleVerifier [0x7ff7acf9e1b5+153f5]
	chromedriver!GetHandleVerifier [0x7ff7acf9e210+15450]
	chromedriver!(No symbol) [0x7ff7acad5bbd]
	chromedriver!(No symbol) [0x7ff7acb3108d]
	chromedriver!(No symbol) [0x7ff7acb3138c]
	chromedriver!(No symbol) [0x7ff7acb81c27]
	chromedriver!(No symbol) [0x7ff7acb7e7eb]
	chromedriver!(No symbol) [0x7ff7acb2361c]
	chromedriver!(No symbol) [0x7ff7acb24543]
	chromedriver!GetHandleVerifier [0x7ff7ad569791+5e09d1]
	chromedriver!GetHandleVerifier [0x7ff7ad563b3b+5dad7b]
	chromedriver!GetHandleVerifier [0x7ff7ad589315+600555]
	chromedriver!GetHandleVerifier [0x7ff7acfbbf5e+3319e]
	chromedriver!GetHandleVerifier [0x7ff7acfc474c+3b98c]
	chromedriver!GetHandleVerifier [0x7ff7acfa8284+1f4c4]
	chromedriver!GetHandleVerifier [0x7ff7acfa8414+1f654]
	chromedriver!GetHandleVerifier [0x7ff7acf8b0a7+22e7]
	KERNEL32!BaseThreadInitThunk [0x7ffbf74accb7+17]
	ntdll!RtlUserThreadStart [0x7ffbf87191cc+2c]
"
2026-08-08T15:42:50,sohrab_gm_baloch,error,"Timed out: Message: 
Stacktrace:
	chromedriver!GetHandleVerifier [0x7ff7acf9e1b5+153f5]
	chromedriver!GetHandleVerifier [0x7ff7acf9e210+15450]
	chromedriver!(No symbol) [0x7ff7acad5bbd]
	chromedriver!(No symbol) [0x7ff7acb3108d]
	chromedriver!(No symbol) [0x7ff7acb3138c]
	chromedriver!(No symbol) [0x7ff7acb81c27]
	chromedriver!(No symbol) [0x7ff7acb7e7eb]
	chromedriver!(No symbol) [0x7ff7acb2361c]
	chromedriver!(No symbol) [0x7ff7acb24543]
	chromedriver!GetHandleVerifier [0x7ff7ad569791+5e09d1]
	chromedriver!GetHandleVerifier [0x7ff7ad563b3b+5dad7b]
	chromedriver!GetHandleVerifier [0x7ff7ad589315+600555]
	chromedriver!GetHandleVerifier [0x7ff7acfbbf5e+3319e]
	chromedriver!GetHandleVerifier [0x7ff7acfc474c+3b98c]
	chromedriver!GetHandleVerifier [0x7ff7acfa8284+1f4c4]
	chromedriver!GetHandleVerifier [0x7ff7acfa8414+1f654]
	chromedriver!GetHandleVerifier [0x7ff7acf8b0a7+22e7]
	KERNEL32!BaseThreadInitThunk [0x7ffbf74accb7+17]
	ntdll!RtlUserThreadStart [0x7ffbf87191cc+2c]
"
2026-08-08T15:42:57,solarwashers2025,error,"Timed out: Message: 
Stacktrace:
	chromedriver!GetHandleVerifier [0x7ff7acf9e1b5+153f5]
	chromedriver!GetHandleVerifier [0x7ff7acf9e210+15450]
	chromedriver!(No symbol) [0x7ff7acad5bbd]
	chromedriver!(No symbol) [0x7ff7acb3108d]
	chromedriver!(No symbol) [0x7ff7acb3138c]
	chromedriver!(No symbol) [0x7ff7acb81c27]
	chromedriver!(No symbol) [0x7ff7acb7e7eb]
	chromedriver!(No symbol) [0x7ff7acb2361c]
	chromedriver!(No symbol) [0x7ff7acb24543]
	chromedriver!GetHandleVerifier [0x7ff7ad569791+5e09d1]
	chromedriver!GetHandleVerifier [0x7ff7ad563b3b+5dad7b]
	chromedriver!GetHandleVerifier [0x7ff7ad589315+600555]
	chromedriver!GetHandleVerifier [0x7ff7acfbbf5e+3319e]
	chromedriver!GetHandleVerifier [0x7ff7acfc474c+3b98c]
	chromedriver!GetHandleVerifier [0x7ff7acfa8284+1f4c4]
	chromedriver!GetHandleVerifier [0x7ff7acfa8414+1f654]
	chromedriver!GetHandleVerifier [0x7ff7acf8b0a7+22e7]
	KERNEL32!BaseThreadInitThunk [0x7ffbf74accb7+17]
	ntdll!RtlUserThreadStart [0x7ffbf87191cc+2c]
"
2026-08-08T15:43:05,songkang_b,error,"Timed out: Message: 
Stacktrace:
	chromedriver!GetHandleVerifier [0x7ff7acf9e1b5+153f5]
	chromedriver!GetHandleVerifier [0x7ff7acf9e210+15450]
	chromedriver!(No symbol) [0x7ff7acad5bbd]
	chromedriver!(No symbol) [0x7ff7acb3108d]
	chromedriver!(No symbol) [0x7ff7acb3138c]
	chromedriver!(No symbol) [0x7ff7acb81c27]
	chromedriver!(No symbol) [0x7ff7acb7e7eb]
	chromedriver!(No symbol) [0x7ff7acb2361c]
	chromedriver!(No symbol) [0x7ff7acb24543]
	chromedriver!GetHandleVerifier [0x7ff7ad569791+5e09d1]
	chromedriver!GetHandleVerifier [0x7ff7ad563b3b+5dad7b]
	chromedriver!GetHandleVerifier [0x7ff7ad589315+600555]
	chromedriver!GetHandleVerifier [0x7ff7acfbbf5e+3319e]
	chromedriver!GetHandleVerifier [0x7ff7acfc474c+3b98c]
	chromedriver!GetHandleVerifier [0x7ff7acfa8284+1f4c4]
	chromedriver!GetHandleVerifier [0x7ff7acfa8414+1f654]
	chromedriver!GetHandleVerifier [0x7ff7acf8b0a7+22e7]
	KERNEL32!BaseThreadInitThunk [0x7ffbf74accb7+17]
	ntdll!RtlUserThreadStart [0x7ffbf87191cc+2c]
"
2026-08-08T15:43:12,soniazahraaa,error,"Timed out: Message: 
Stacktrace:
	chromedriver!GetHandleVerifier [0x7ff7acf9e1b5+153f5]
	chromedriver!GetHandleVerifier [0x7ff7acf9e210+15450]
	chromedriver!(No symbol) [0x7ff7acad5bbd]
	chromedriver!(No symbol) [0x7ff7acb3108d]
	chromedriver!(No symbol) [0x7ff7acb3138c]
	chromedriver!(No symbol) [0x7ff7acb81c27]
	chromedriver!(No symbol) [0x7ff7acb7e7eb]
	chromedriver!(No symbol) [0x7ff7acb2361c]
	chromedriver!(No symbol) [0x7ff7acb24543]
	chromedriver!GetHandleVerifier [0x7ff7ad569791+5e09d1]
	chromedriver!GetHandleVerifier [0x7ff7ad563b3b+5dad7b]
	chromedriver!GetHandleVerifier [0x7ff7ad589315+600555]
	chromedriver!GetHandleVerifier [0x7ff7acfbbf5e+3319e]
	chromedriver!GetHandleVerifier [0x7ff7acfc474c+3b98c]
	chromedriver!GetHandleVerifier [0x7ff7acfa8284+1f4c4]
	chromedriver!GetHandleVerifier [0x7ff7acfa8414+1f654]
	chromedriver!GetHandleVerifier [0x7ff7acf8b0a7+22e7]
	KERNEL32!BaseThreadInitThunk [0x7ffbf74accb7+17]
	ntdll!RtlUserThreadStart [0x7ffbf87191cc+2c]
"
2026-08-08T15:43:19,sothismyinsta,error,"Timed out: Message: 
Stacktrace:
	chromedriver!GetHandleVerifier [0x7ff7acf9e1b5+153f5]
	chromedriver!GetHandleVerifier [0x7ff7acf9e210+15450]
	chromedriver!(No symbol) [0x7ff7acad5bbd]
	chromedriver!(No symbol) [0x7ff7acb3108d]
	chromedriver!(No symbol) [0x7ff7acb3138c]
	chromedriver!(No symbol) [0x7ff7acb81c27]
	chromedriver!(No symbol) [0x7ff7acb7e7eb]
	chromedriver!(No symbol) [0x7ff7acb2361c]
	chromedriver!(No symbol) [0x7ff7acb24543]
	chromedriver!GetHandleVerifier [0x7ff7ad569791+5e09d1]
	chromedriver!GetHandleVerifier [0x7ff7ad563b3b+5dad7b]
	chromedriver!GetHandleVerifier [0x7ff7ad589315+600555]
	chromedriver!GetHandleVerifier [0x7ff7acfbbf5e+3319e]
	chromedriver!GetHandleVerifier [0x7ff7acfc474c+3b98c]
	chromedriver!GetHandleVerifier [0x7ff7acfa8284+1f4c4]
	chromedriver!GetHandleVerifier [0x7ff7acfa8414+1f654]
	chromedriver!GetHandleVerifier [0x7ff7acf8b0a7+22e7]
	KERNEL32!BaseThreadInitThunk [0x7ffbf74accb7+17]
	ntdll!RtlUserThreadStart [0x7ffbf87191cc+2c]
"
2026-08-08T15:43:26,soul_less__2.0,error,"Timed out: Message: 
Stacktrace:
	chromedriver!GetHandleVerifier [0x7ff7acf9e1b5+153f5]
	chromedriver!GetHandleVerifier [0x7ff7acf9e210+15450]
	chromedriver!(No symbol) [0x7ff7acad5bbd]
	chromedriver!(No symbol) [0x7ff7acb3108d]
	chromedriver!(No symbol) [0x7ff7acb3138c]
	chromedriver!(No symbol) [0x7ff7acb81c27]
	chromedriver!(No symbol) [0x7ff7acb7e7eb]
	chromedriver!(No symbol) [0x7ff7acb2361c]
	chromedriver!(No symbol) [0x7ff7acb24543]
	chromedriver!GetHandleVerifier [0x7ff7ad569791+5e09d1]
	chromedriver!GetHandleVerifier [0x7ff7ad563b3b+5dad7b]
	chromedriver!GetHandleVerifier [0x7ff7ad589315+600555]
	chromedriver!GetHandleVerifier [0x7ff7acfbbf5e+3319e]
	chromedriver!GetHandleVerifier [0x7ff7acfc474c+3b98c]
	chromedriver!GetHandleVerifier [0x7ff7acfa8284+1f4c4]
	chromedriver!GetHandleVerifier [0x7ff7acfa8414+1f654]
	chromedriver!GetHandleVerifier [0x7ff7acf8b0a7+22e7]
	KERNEL32!BaseThreadInitThunk [0x7ffbf74accb7+17]
	ntdll!RtlUserThreadStart [0x7ffbf87191cc+2c]
"
2026-08-08T15:43:33,soulsofshah,error,"Timed out: Message: 
Stacktrace:
	chromedriver!GetHandleVerifier [0x7ff7acf9e1b5+153f5]
	chromedriver!GetHandleVerifier [0x7ff7acf9e210+15450]
	chromedriver!(No symbol) [0x7ff7acad5bbd]
	chromedriver!(No symbol) [0x7ff7acb3108d]
	chromedriver!(No symbol) [0x7ff7acb3138c]
	chromedriver!(No symbol) [0x7ff7acb81c27]
	chromedriver!(No symbol) [0x7ff7acb7e7eb]
	chromedriver!(No symbol) [0x7ff7acb2361c]
	chromedriver!(No symbol) [0x7ff7acb24543]
	chromedriver!GetHandleVerifier [0x7ff7ad569791+5e09d1]
	chromedriver!GetHandleVerifier [0x7ff7ad563b3b+5dad7b]
	chromedriver!GetHandleVerifier [0x7ff7ad589315+600555]
	chromedriver!GetHandleVerifier [0x7ff7acfbbf5e+3319e]
	chromedriver!GetHandleVerifier [0x7ff7acfc474c+3b98c]
	chromedriver!GetHandleVerifier [0x7ff7acfa8284+1f4c4]
	chromedriver!GetHandleVerifier [0x7ff7acfa8414+1f654]
	chromedriver!GetHandleVerifier [0x7ff7acf8b0a7+22e7]
	KERNEL32!BaseThreadInitThunk [0x7ffbf74accb7+17]
	ntdll!RtlUserThreadStart [0x7ffbf87191cc+2c]
"
2026-08-08T15:43:39,soyaaasauceeee,error,"Timed out: Message: 
Stacktrace:
	chromedriver!GetHandleVerifier [0x7ff7acf9e1b5+153f5]
	chromedriver!GetHandleVerifier [0x7ff7acf9e210+15450]
	chromedriver!(No symbol) [0x7ff7acad5bbd]
	chromedriver!(No symbol) [0x7ff7acb3108d]
	chromedriver!(No symbol) [0x7ff7acb3138c]
	chromedriver!(No symbol) [0x7ff7acb81c27]
	chromedriver!(No symbol) [0x7ff7acb7e7eb]
	chromedriver!(No symbol) [0x7ff7acb2361c]
	chromedriver!(No symbol) [0x7ff7acb24543]
	chromedriver!GetHandleVerifier [0x7ff7ad569791+5e09d1]
	chromedriver!GetHandleVerifier [0x7ff7ad563b3b+5dad7b]
	chromedriver!GetHandleVerifier [0x7ff7ad589315+600555]
	chromedriver!GetHandleVerifier [0x7ff7acfbbf5e+3319e]
	chromedriver!GetHandleVerifier [0x7ff7acfc474c+3b98c]
	chromedriver!GetHandleVerifier [0x7ff7acfa8284+1f4c4]
	chromedriver!GetHandleVerifier [0x7ff7acfa8414+1f654]
	chromedriver!GetHandleVerifier [0x7ff7acf8b0a7+22e7]
	KERNEL32!BaseThreadInitThunk [0x7ffbf74accb7+17]
	ntdll!RtlUserThreadStart [0x7ffbf87191cc+2c]
"
2026-08-08T15:43:47,sp4m_ig1,error,"Timed out: Message: 
Stacktrace:
	chromedriver!GetHandleVerifier [0x7ff7acf9e1b5+153f5]
	chromedriver!GetHandleVerifier [0x7ff7acf9e210+15450]
	chromedriver!(No symbol) [0x7ff7acad5bbd]
	chromedriver!(No symbol) [0x7ff7acb3108d]
	chromedriver!(No symbol) [0x7ff7acb3138c]
	chromedriver!(No symbol) [0x7ff7acb81c27]
	chromedriver!(No symbol) [0x7ff7acb7e7eb]
	chromedriver!(No symbol) [0x7ff7acb2361c]
	chromedriver!(No symbol) [0x7ff7acb24543]
	chromedriver!GetHandleVerifier [0x7ff7ad569791+5e09d1]
	chromedriver!GetHandleVerifier [0x7ff7ad563b3b+5dad7b]
	chromedriver!GetHandleVerifier [0x7ff7ad589315+600555]
	chromedriver!GetHandleVerifier [0x7ff7acfbbf5e+3319e]
	chromedriver!GetHandleVerifier [0x7ff7acfc474c+3b98c]
	chromedriver!GetHandleVerifier [0x7ff7acfa8284+1f4c4]
	chromedriver!GetHandleVerifier [0x7ff7acfa8414+1f654]
	chromedriver!GetHandleVerifier [0x7ff7acf8b0a7+22e7]
	KERNEL32!BaseThreadInitThunk [0x7ffbf74accb7+17]
	ntdll!RtlUserThreadStart [0x7ffbf87191cc+2c]
"
2026-08-08T15:43:53,space._.dude,following_not_visible,Could not find a visible Following button.
2026-08-08T15:44:00,spam_sj302,error,"Timed out: Message: 
Stacktrace:
	chromedriver!GetHandleVerifier [0x7ff7acf9e1b5+153f5]
	chromedriver!GetHandleVerifier [0x7ff7acf9e210+15450]
	chromedriver!(No symbol) [0x7ff7acad5bbd]
	chromedriver!(No symbol) [0x7ff7acb3108d]
	chromedriver!(No symbol) [0x7ff7acb3138c]
	chromedriver!(No symbol) [0x7ff7acb81c27]
	chromedriver!(No symbol) [0x7ff7acb7e7eb]
	chromedriver!(No symbol) [0x7ff7acb2361c]
	chromedriver!(No symbol) [0x7ff7acb24543]
	chromedriver!GetHandleVerifier [0x7ff7ad569791+5e09d1]
	chromedriver!GetHandleVerifier [0x7ff7ad563b3b+5dad7b]
	chromedriver!GetHandleVerifier [0x7ff7ad589315+600555]
	chromedriver!GetHandleVerifier [0x7ff7acfbbf5e+3319e]
	chromedriver!GetHandleVerifier [0x7ff7acfc474c+3b98c]
	chromedriver!GetHandleVerifier [0x7ff7acfa8284+1f4c4]
	chromedriver!GetHandleVerifier [0x7ff7acfa8414+1f654]
	chromedriver!GetHandleVerifier [0x7ff7acf8b0a7+22e7]
	KERNEL32!BaseThreadInitThunk [0x7ffbf74accb7+17]
	ntdll!RtlUserThreadStart [0x7ffbf87191cc+2c]
"
2026-08-08T15:44:07,sparshagrawal19,error,"Timed out: Message: 
Stacktrace:
	chromedriver!GetHandleVerifier [0x7ff7acf9e1b5+153f5]
	chromedriver!GetHandleVerifier [0x7ff7acf9e210+15450]
	chromedriver!(No symbol) [0x7ff7acad5bbd]
	chromedriver!(No symbol) [0x7ff7acb3108d]
	chromedriver!(No symbol) [0x7ff7acb3138c]
	chromedriver!(No symbol) [0x7ff7acb81c27]
	chromedriver!(No symbol) [0x7ff7acb7e7eb]
	chromedriver!(No symbol) [0x7ff7acb2361c]
	chromedriver!(No symbol) [0x7ff7acb24543]
	chromedriver!GetHandleVerifier [0x7ff7ad569791+5e09d1]
	chromedriver!GetHandleVerifier [0x7ff7ad563b3b+5dad7b]
	chromedriver!GetHandleVerifier [0x7ff7ad589315+600555]
	chromedriver!GetHandleVerifier [0x7ff7acfbbf5e+3319e]
	chromedriver!GetHandleVerifier [0x7ff7acfc474c+3b98c]
	chromedriver!GetHandleVerifier [0x7ff7acfa8284+1f4c4]
	chromedriver!GetHandleVerifier [0x7ff7acfa8414+1f654]
	chromedriver!GetHandleVerifier [0x7ff7acf8b0a7+22e7]
	KERNEL32!BaseThreadInitThunk [0x7ffbf74accb7+17]
	ntdll!RtlUserThreadStart [0x7ffbf87191cc+2c]
"
2026-08-08T15:44:15,sphurti_tarte,error,"Timed out: Message: 
Stacktrace:
	chromedriver!GetHandleVerifier [0x7ff7acf9e1b5+153f5]
	chromedriver!GetHandleVerifier [0x7ff7acf9e210+15450]
	chromedriver!(No symbol) [0x7ff7acad5bbd]
	chromedriver!(No symbol) [0x7ff7acb3108d]
	chromedriver!(No symbol) [0x7ff7acb3138c]
	chromedriver!(No symbol) [0x7ff7acb81c27]
	chromedriver!(No symbol) [0x7ff7acb7e7eb]
	chromedriver!(No symbol) [0x7ff7acb2361c]
	chromedriver!(No symbol) [0x7ff7acb24543]
	chromedriver!GetHandleVerifier [0x7ff7ad569791+5e09d1]
	chromedriver!GetHandleVerifier [0x7ff7ad563b3b+5dad7b]
	chromedriver!GetHandleVerifier [0x7ff7ad589315+600555]
	chromedriver!GetHandleVerifier [0x7ff7acfbbf5e+3319e]
	chromedriver!GetHandleVerifier [0x7ff7acfc474c+3b98c]
	chromedriver!GetHandleVerifier [0x7ff7acfa8284+1f4c4]
	chromedriver!GetHandleVerifier [0x7ff7acfa8414+1f654]
	chromedriver!GetHandleVerifier [0x7ff7acf8b0a7+22e7]
	KERNEL32!BaseThreadInitThunk [0x7ffbf74accb7+17]
	ntdll!RtlUserThreadStart [0x7ffbf87191cc+2c]
"
2026-08-08T15:44:21,spicey_kajju.katli,error,"Timed out: Message: 
Stacktrace:
	chromedriver!GetHandleVerifier [0x7ff7acf9e1b5+153f5]
	chromedriver!GetHandleVerifier [0x7ff7acf9e210+15450]
	chromedriver!(No symbol) [0x7ff7acad5bbd]
	chromedriver!(No symbol) [0x7ff7acb3108d]
	chromedriver!(No symbol) [0x7ff7acb3138c]
	chromedriver!(No symbol) [0x7ff7acb81c27]
	chromedriver!(No symbol) [0x7ff7acb7e7eb]
	chromedriver!(No symbol) [0x7ff7acb2361c]
	chromedriver!(No symbol) [0x7ff7acb24543]
	chromedriver!GetHandleVerifier [0x7ff7ad569791+5e09d1]
	chromedriver!GetHandleVerifier [0x7ff7ad563b3b+5dad7b]
	chromedriver!GetHandleVerifier [0x7ff7ad589315+600555]
	chromedriver!GetHandleVerifier [0x7ff7acfbbf5e+3319e]
	chromedriver!GetHandleVerifier [0x7ff7acfc474c+3b98c]
	chromedriver!GetHandleVerifier [0x7ff7acfa8284+1f4c4]
	chromedriver!GetHandleVerifier [0x7ff7acfa8414+1f654]
	chromedriver!GetHandleVerifier [0x7ff7acf8b0a7+22e7]
	KERNEL32!BaseThreadInitThunk [0x7ffbf74accb7+17]
	ntdll!RtlUserThreadStart [0x7ffbf87191cc+2c]
"
2026-08-08T15:44:28,spicymcsassy,error,"Timed out: Message: 
Stacktrace:
	chromedriver!GetHandleVerifier [0x7ff7acf9e1b5+153f5]
	chromedriver!GetHandleVerifier [0x7ff7acf9e210+15450]
	chromedriver!(No symbol) [0x7ff7acad5bbd]
	chromedriver!(No symbol) [0x7ff7acb3108d]
	chromedriver!(No symbol) [0x7ff7acb3138c]
	chromedriver!(No symbol) [0x7ff7acb81c27]
	chromedriver!(No symbol) [0x7ff7acb7e7eb]
	chromedriver!(No symbol) [0x7ff7acb2361c]
	chromedriver!(No symbol) [0x7ff7acb24543]
	chromedriver!GetHandleVerifier [0x7ff7ad569791+5e09d1]
	chromedriver!GetHandleVerifier [0x7ff7ad563b3b+5dad7b]
	chromedriver!GetHandleVerifier [0x7ff7ad589315+600555]
	chromedriver!GetHandleVerifier [0x7ff7acfbbf5e+3319e]
	chromedriver!GetHandleVerifier [0x7ff7acfc474c+3b98c]
	chromedriver!GetHandleVerifier [0x7ff7acfa8284+1f4c4]
	chromedriver!GetHandleVerifier [0x7ff7acfa8414+1f654]
	chromedriver!GetHandleVerifier [0x7ff7acf8b0a7+22e7]
	KERNEL32!BaseThreadInitThunk [0x7ffbf74accb7+17]
	ntdll!RtlUserThreadStart [0x7ffbf87191cc+2c]
"
2026-08-08T15:44:35,srixshiii,error,"Timed out: Message: 
Stacktrace:
	chromedriver!GetHandleVerifier [0x7ff7acf9e1b5+153f5]
	chromedriver!GetHandleVerifier [0x7ff7acf9e210+15450]
	chromedriver!(No symbol) [0x7ff7acad5bbd]
	chromedriver!(No symbol) [0x7ff7acb3108d]
	chromedriver!(No symbol) [0x7ff7acb3138c]
	chromedriver!(No symbol) [0x7ff7acb81c27]
	chromedriver!(No symbol) [0x7ff7acb7e7eb]
	chromedriver!(No symbol) [0x7ff7acb2361c]
	chromedriver!(No symbol) [0x7ff7acb24543]
	chromedriver!GetHandleVerifier [0x7ff7ad569791+5e09d1]
	chromedriver!GetHandleVerifier [0x7ff7ad563b3b+5dad7b]
	chromedriver!GetHandleVerifier [0x7ff7ad589315+600555]
	chromedriver!GetHandleVerifier [0x7ff7acfbbf5e+3319e]
	chromedriver!GetHandleVerifier [0x7ff7acfc474c+3b98c]
	chromedriver!GetHandleVerifier [0x7ff7acfa8284+1f4c4]
	chromedriver!GetHandleVerifier [0x7ff7acfa8414+1f654]
	chromedriver!GetHandleVerifier [0x7ff7acf8b0a7+22e7]
	KERNEL32!BaseThreadInitThunk [0x7ffbf74accb7+17]
	ntdll!RtlUserThreadStart [0x7ffbf87191cc+2c]
"
2026-08-08T15:44:42,ss_pr_events,error,"Timed out: Message: 
Stacktrace:
	chromedriver!GetHandleVerifier [0x7ff7acf9e1b5+153f5]
	chromedriver!GetHandleVerifier [0x7ff7acf9e210+15450]
	chromedriver!(No symbol) [0x7ff7acad5bbd]
	chromedriver!(No symbol) [0x7ff7acb3108d]
	chromedriver!(No symbol) [0x7ff7acb3138c]
	chromedriver!(No symbol) [0x7ff7acb81c27]
	chromedriver!(No symbol) [0x7ff7acb7e7eb]
	chromedriver!(No symbol) [0x7ff7acb2361c]
	chromedriver!(No symbol) [0x7ff7acb24543]
	chromedriver!GetHandleVerifier [0x7ff7ad569791+5e09d1]
	chromedriver!GetHandleVerifier [0x7ff7ad563b3b+5dad7b]
	chromedriver!GetHandleVerifier [0x7ff7ad589315+600555]
	chromedriver!GetHandleVerifier [0x7ff7acfbbf5e+3319e]
	chromedriver!GetHandleVerifier [0x7ff7acfc474c+3b98c]
	chromedriver!GetHandleVerifier [0x7ff7acfa8284+1f4c4]
	chromedriver!GetHandleVerifier [0x7ff7acfa8414+1f654]
	chromedriver!GetHandleVerifier [0x7ff7acf8b0a7+22e7]
	KERNEL32!BaseThreadInitThunk [0x7ffbf74accb7+17]
	ntdll!RtlUserThreadStart [0x7ffbf87191cc+2c]
"
2026-08-08T15:44:49,sslsit,error,"Timed out: Message: 
Stacktrace:
	chromedriver!GetHandleVerifier [0x7ff7acf9e1b5+153f5]
	chromedriver!GetHandleVerifier [0x7ff7acf9e210+15450]
	chromedriver!(No symbol) [0x7ff7acad5bbd]
	chromedriver!(No symbol) [0x7ff7acb3108d]
	chromedriver!(No symbol) [0x7ff7acb3138c]
	chromedriver!(No symbol) [0x7ff7acb81c27]
	chromedriver!(No symbol) [0x7ff7acb7e7eb]
	chromedriver!(No symbol) [0x7ff7acb2361c]
	chromedriver!(No symbol) [0x7ff7acb24543]
	chromedriver!GetHandleVerifier [0x7ff7ad569791+5e09d1]
	chromedriver!GetHandleVerifier [0x7ff7ad563b3b+5dad7b]
	chromedriver!GetHandleVerifier [0x7ff7ad589315+600555]
	chromedriver!GetHandleVerifier [0x7ff7acfbbf5e+3319e]
	chromedriver!GetHandleVerifier [0x7ff7acfc474c+3b98c]
	chromedriver!GetHandleVerifier [0x7ff7acfa8284+1f4c4]
	chromedriver!GetHandleVerifier [0x7ff7acfa8414+1f654]
	chromedriver!GetHandleVerifier [0x7ff7acf8b0a7+22e7]
	KERNEL32!BaseThreadInitThunk [0x7ffbf74accb7+17]
	ntdll!RtlUserThreadStart [0x7ffbf87191cc+2c]
"
2026-08-08T15:44:55,ssupziizoo,not_found,Instagram reported that this profile is unavailable.
2026-08-08T15:45:02,staw_ppppp,error,"Timed out: Message: 
Stacktrace:
	chromedriver!GetHandleVerifier [0x7ff7acf9e1b5+153f5]
	chromedriver!GetHandleVerifier [0x7ff7acf9e210+15450]
	chromedriver!(No symbol) [0x7ff7acad5bbd]
	chromedriver!(No symbol) [0x7ff7acb3108d]
	chromedriver!(No symbol) [0x7ff7acb3138c]
	chromedriver!(No symbol) [0x7ff7acb81c27]
	chromedriver!(No symbol) [0x7ff7acb7e7eb]
	chromedriver!(No symbol) [0x7ff7acb2361c]
	chromedriver!(No symbol) [0x7ff7acb24543]
	chromedriver!GetHandleVerifier [0x7ff7ad569791+5e09d1]
	chromedriver!GetHandleVerifier [0x7ff7ad563b3b+5dad7b]
	chromedriver!GetHandleVerifier [0x7ff7ad589315+600555]
	chromedriver!GetHandleVerifier [0x7ff7acfbbf5e+3319e]
	chromedriver!GetHandleVerifier [0x7ff7acfc474c+3b98c]
	chromedriver!GetHandleVerifier [0x7ff7acfa8284+1f4c4]
	chromedriver!GetHandleVerifier [0x7ff7acfa8414+1f654]
	chromedriver!GetHandleVerifier [0x7ff7acf8b0a7+22e7]
	KERNEL32!BaseThreadInitThunk [0x7ffbf74accb7+17]
	ntdll!RtlUserThreadStart [0x7ffbf87191cc+2c]
"
2026-08-08T15:45:09,stella_.stella7,error,"Timed out: Message: 
Stacktrace:
	chromedriver!GetHandleVerifier [0x7ff7acf9e1b5+153f5]
	chromedriver!GetHandleVerifier [0x7ff7acf9e210+15450]
	chromedriver!(No symbol) [0x7ff7acad5bbd]
	chromedriver!(No symbol) [0x7ff7acb3108d]
	chromedriver!(No symbol) [0x7ff7acb3138c]
	chromedriver!(No symbol) [0x7ff7acb81c27]
	chromedriver!(No symbol) [0x7ff7acb7e7eb]
	chromedriver!(No symbol) [0x7ff7acb2361c]
	chromedriver!(No symbol) [0x7ff7acb24543]
	chromedriver!GetHandleVerifier [0x7ff7ad569791+5e09d1]
	chromedriver!GetHandleVerifier [0x7ff7ad563b3b+5dad7b]
	chromedriver!GetHandleVerifier [0x7ff7ad589315+600555]
	chromedriver!GetHandleVerifier [0x7ff7acfbbf5e+3319e]
	chromedriver!GetHandleVerifier [0x7ff7acfc474c+3b98c]
	chromedriver!GetHandleVerifier [0x7ff7acfa8284+1f4c4]
	chromedriver!GetHandleVerifier [0x7ff7acfa8414+1f654]
	chromedriver!GetHandleVerifier [0x7ff7acf8b0a7+22e7]
	KERNEL32!BaseThreadInitThunk [0x7ffbf74accb7+17]
	ntdll!RtlUserThreadStart [0x7ffbf87191cc+2c]
"
2026-08-08T15:45:16,stonekiddd._,error,"Timed out: Message: 
Stacktrace:
	chromedriver!GetHandleVerifier [0x7ff7acf9e1b5+153f5]
	chromedriver!GetHandleVerifier [0x7ff7acf9e210+15450]
	chromedriver!(No symbol) [0x7ff7acad5bbd]
	chromedriver!(No symbol) [0x7ff7acb3108d]
	chromedriver!(No symbol) [0x7ff7acb3138c]
	chromedriver!(No symbol) [0x7ff7acb81c27]
	chromedriver!(No symbol) [0x7ff7acb7e7eb]
	chromedriver!(No symbol) [0x7ff7acb2361c]
	chromedriver!(No symbol) [0x7ff7acb24543]
	chromedriver!GetHandleVerifier [0x7ff7ad569791+5e09d1]
	chromedriver!GetHandleVerifier [0x7ff7ad563b3b+5dad7b]
	chromedriver!GetHandleVerifier [0x7ff7ad589315+600555]
	chromedriver!GetHandleVerifier [0x7ff7acfbbf5e+3319e]
	chromedriver!GetHandleVerifier [0x7ff7acfc474c+3b98c]
	chromedriver!GetHandleVerifier [0x7ff7acfa8284+1f4c4]
	chromedriver!GetHandleVerifier [0x7ff7acfa8414+1f654]
	chromedriver!GetHandleVerifier [0x7ff7acf8b0a7+22e7]
	KERNEL32!BaseThreadInitThunk [0x7ffbf74accb7+17]
	ntdll!RtlUserThreadStart [0x7ffbf87191cc+2c]
"
2026-08-08T15:45:23,storiesby___abida_,error,"Timed out: Message: 
Stacktrace:
	chromedriver!GetHandleVerifier [0x7ff7acf9e1b5+153f5]
	chromedriver!GetHandleVerifier [0x7ff7acf9e210+15450]
	chromedriver!(No symbol) [0x7ff7acad5bbd]
	chromedriver!(No symbol) [0x7ff7acb3108d]
	chromedriver!(No symbol) [0x7ff7acb3138c]
	chromedriver!(No symbol) [0x7ff7acb81c27]
	chromedriver!(No symbol) [0x7ff7acb7e7eb]
	chromedriver!(No symbol) [0x7ff7acb2361c]
	chromedriver!(No symbol) [0x7ff7acb24543]
	chromedriver!GetHandleVerifier [0x7ff7ad569791+5e09d1]
	chromedriver!GetHandleVerifier [0x7ff7ad563b3b+5dad7b]
	chromedriver!GetHandleVerifier [0x7ff7ad589315+600555]
	chromedriver!GetHandleVerifier [0x7ff7acfbbf5e+3319e]
	chromedriver!GetHandleVerifier [0x7ff7acfc474c+3b98c]
	chromedriver!GetHandleVerifier [0x7ff7acfa8284+1f4c4]
	chromedriver!GetHandleVerifier [0x7ff7acfa8414+1f654]
	chromedriver!GetHandleVerifier [0x7ff7acf8b0a7+22e7]
	KERNEL32!BaseThreadInitThunk [0x7ffbf74accb7+17]
	ntdll!RtlUserThreadStart [0x7ffbf87191cc+2c]
"
2026-08-08T15:45:31,storiesft.mahekan,error,"Timed out: Message: 
Stacktrace:
	chromedriver!GetHandleVerifier [0x7ff7acf9e1b5+153f5]
	chromedriver!GetHandleVerifier [0x7ff7acf9e210+15450]
	chromedriver!(No symbol) [0x7ff7acad5bbd]
	chromedriver!(No symbol) [0x7ff7acb3108d]
	chromedriver!(No symbol) [0x7ff7acb3138c]
	chromedriver!(No symbol) [0x7ff7acb81c27]
	chromedriver!(No symbol) [0x7ff7acb7e7eb]
	chromedriver!(No symbol) [0x7ff7acb2361c]
	chromedriver!(No symbol) [0x7ff7acb24543]
	chromedriver!GetHandleVerifier [0x7ff7ad569791+5e09d1]
	chromedriver!GetHandleVerifier [0x7ff7ad563b3b+5dad7b]
	chromedriver!GetHandleVerifier [0x7ff7ad589315+600555]
	chromedriver!GetHandleVerifier [0x7ff7acfbbf5e+3319e]
	chromedriver!GetHandleVerifier [0x7ff7acfc474c+3b98c]
	chromedriver!GetHandleVerifier [0x7ff7acfa8284+1f4c4]
	chromedriver!GetHandleVerifier [0x7ff7acfa8414+1f654]
	chromedriver!GetHandleVerifier [0x7ff7acf8b0a7+22e7]
	KERNEL32!BaseThreadInitThunk [0x7ffbf74accb7+17]
	ntdll!RtlUserThreadStart [0x7ffbf87191cc+2c]
"
2026-08-08T15:45:37,strawberryloovii,error,"Timed out: Message: 
Stacktrace:
	chromedriver!GetHandleVerifier [0x7ff7acf9e1b5+153f5]
	chromedriver!GetHandleVerifier [0x7ff7acf9e210+15450]
	chromedriver!(No symbol) [0x7ff7acad5bbd]
	chromedriver!(No symbol) [0x7ff7acb3108d]
	chromedriver!(No symbol) [0x7ff7acb3138c]
	chromedriver!(No symbol) [0x7ff7acb81c27]
	chromedriver!(No symbol) [0x7ff7acb7e7eb]
	chromedriver!(No symbol) [0x7ff7acb2361c]
	chromedriver!(No symbol) [0x7ff7acb24543]
	chromedriver!GetHandleVerifier [0x7ff7ad569791+5e09d1]
	chromedriver!GetHandleVerifier [0x7ff7ad563b3b+5dad7b]
	chromedriver!GetHandleVerifier [0x7ff7ad589315+600555]
	chromedriver!GetHandleVerifier [0x7ff7acfbbf5e+3319e]
	chromedriver!GetHandleVerifier [0x7ff7acfc474c+3b98c]
	chromedriver!GetHandleVerifier [0x7ff7acfa8284+1f4c4]
	chromedriver!GetHandleVerifier [0x7ff7acfa8414+1f654]
	chromedriver!GetHandleVerifier [0x7ff7acf8b0a7+22e7]
	KERNEL32!BaseThreadInitThunk [0x7ffbf74accb7+17]
	ntdll!RtlUserThreadStart [0x7ffbf87191cc+2c]
"
2026-08-08T15:45:44,sturcturephotography,error,"Timed out: Message: 
Stacktrace:
	chromedriver!GetHandleVerifier [0x7ff7acf9e1b5+153f5]
	chromedriver!GetHandleVerifier [0x7ff7acf9e210+15450]
	chromedriver!(No symbol) [0x7ff7acad5bbd]
	chromedriver!(No symbol) [0x7ff7acb3108d]
	chromedriver!(No symbol) [0x7ff7acb3138c]
	chromedriver!(No symbol) [0x7ff7acb81c27]
	chromedriver!(No symbol) [0x7ff7acb7e7eb]
	chromedriver!(No symbol) [0x7ff7acb2361c]
	chromedriver!(No symbol) [0x7ff7acb24543]
	chromedriver!GetHandleVerifier [0x7ff7ad569791+5e09d1]
	chromedriver!GetHandleVerifier [0x7ff7ad563b3b+5dad7b]
	chromedriver!GetHandleVerifier [0x7ff7ad589315+600555]
	chromedriver!GetHandleVerifier [0x7ff7acfbbf5e+3319e]
	chromedriver!GetHandleVerifier [0x7ff7acfc474c+3b98c]
	chromedriver!GetHandleVerifier [0x7ff7acfa8284+1f4c4]
	chromedriver!GetHandleVerifier [0x7ff7acfa8414+1f654]
	chromedriver!GetHandleVerifier [0x7ff7acf8b0a7+22e7]
	KERNEL32!BaseThreadInitThunk [0x7ffbf74accb7+17]
	ntdll!RtlUserThreadStart [0x7ffbf87191cc+2c]
"
2026-08-08T15:45:50,stylebyfatima2,not_found,Instagram reported that this profile is unavailable.
2026-08-08T15:45:58,styledbyarham,error,"Timed out: Message: 
Stacktrace:
	chromedriver!GetHandleVerifier [0x7ff7acf9e1b5+153f5]
	chromedriver!GetHandleVerifier [0x7ff7acf9e210+15450]
	chromedriver!(No symbol) [0x7ff7acad5bbd]
	chromedriver!(No symbol) [0x7ff7acb3108d]
	chromedriver!(No symbol) [0x7ff7acb3138c]
	chromedriver!(No symbol) [0x7ff7acb81c27]
	chromedriver!(No symbol) [0x7ff7acb7e7eb]
	chromedriver!(No symbol) [0x7ff7acb2361c]
	chromedriver!(No symbol) [0x7ff7acb24543]
	chromedriver!GetHandleVerifier [0x7ff7ad569791+5e09d1]
	chromedriver!GetHandleVerifier [0x7ff7ad563b3b+5dad7b]
	chromedriver!GetHandleVerifier [0x7ff7ad589315+600555]
	chromedriver!GetHandleVerifier [0x7ff7acfbbf5e+3319e]
	chromedriver!GetHandleVerifier [0x7ff7acfc474c+3b98c]
	chromedriver!GetHandleVerifier [0x7ff7acfa8284+1f4c4]
	chromedriver!GetHandleVerifier [0x7ff7acfa8414+1f654]
	chromedriver!GetHandleVerifier [0x7ff7acf8b0a7+22e7]
	KERNEL32!BaseThreadInitThunk [0x7ffbf74accb7+17]
	ntdll!RtlUserThreadStart [0x7ffbf87191cc+2c]
"
2026-08-08T15:46:05,stylishprincess8962,error,"Timed out: Message: 
Stacktrace:
	chromedriver!GetHandleVerifier [0x7ff7acf9e1b5+153f5]
	chromedriver!GetHandleVerifier [0x7ff7acf9e210+15450]
	chromedriver!(No symbol) [0x7ff7acad5bbd]
	chromedriver!(No symbol) [0x7ff7acb3108d]
	chromedriver!(No symbol) [0x7ff7acb3138c]
	chromedriver!(No symbol) [0x7ff7acb81c27]
	chromedriver!(No symbol) [0x7ff7acb7e7eb]
	chromedriver!(No symbol) [0x7ff7acb2361c]
	chromedriver!(No symbol) [0x7ff7acb24543]
	chromedriver!GetHandleVerifier [0x7ff7ad569791+5e09d1]
	chromedriver!GetHandleVerifier [0x7ff7ad563b3b+5dad7b]
	chromedriver!GetHandleVerifier [0x7ff7ad589315+600555]
	chromedriver!GetHandleVerifier [0x7ff7acfbbf5e+3319e]
	chromedriver!GetHandleVerifier [0x7ff7acfc474c+3b98c]
	chromedriver!GetHandleVerifier [0x7ff7acfa8284+1f4c4]
	chromedriver!GetHandleVerifier [0x7ff7acfa8414+1f654]
	chromedriver!GetHandleVerifier [0x7ff7acf8b0a7+22e7]
	KERNEL32!BaseThreadInitThunk [0x7ffbf74accb7+17]
	ntdll!RtlUserThreadStart [0x7ffbf87191cc+2c]
"
2026-08-08T15:46:12,subhan._.satti,error,"Timed out: Message: 
Stacktrace:
	chromedriver!GetHandleVerifier [0x7ff7acf9e1b5+153f5]
	chromedriver!GetHandleVerifier [0x7ff7acf9e210+15450]
	chromedriver!(No symbol) [0x7ff7acad5bbd]
	chromedriver!(No symbol) [0x7ff7acb3108d]
	chromedriver!(No symbol) [0x7ff7acb3138c]
	chromedriver!(No symbol) [0x7ff7acb81c27]
	chromedriver!(No symbol) [0x7ff7acb7e7eb]
	chromedriver!(No symbol) [0x7ff7acb2361c]
	chromedriver!(No symbol) [0x7ff7acb24543]
	chromedriver!GetHandleVerifier [0x7ff7ad569791+5e09d1]
	chromedriver!GetHandleVerifier [0x7ff7ad563b3b+5dad7b]
	chromedriver!GetHandleVerifier [0x7ff7ad589315+600555]
	chromedriver!GetHandleVerifier [0x7ff7acfbbf5e+3319e]
	chromedriver!GetHandleVerifier [0x7ff7acfc474c+3b98c]
	chromedriver!GetHandleVerifier [0x7ff7acfa8284+1f4c4]
	chromedriver!GetHandleVerifier [0x7ff7acfa8414+1f654]
	chromedriver!GetHandleVerifier [0x7ff7acf8b0a7+22e7]
	KERNEL32!BaseThreadInitThunk [0x7ffbf74accb7+17]
	ntdll!RtlUserThreadStart [0x7ffbf87191cc+2c]
"
2026-08-08T15:46:19,subhan_satti_,error,"Timed out: Message: 
Stacktrace:
	chromedriver!GetHandleVerifier [0x7ff7acf9e1b5+153f5]
	chromedriver!GetHandleVerifier [0x7ff7acf9e210+15450]
	chromedriver!(No symbol) [0x7ff7acad5bbd]
	chromedriver!(No symbol) [0x7ff7acb3108d]
	chromedriver!(No symbol) [0x7ff7acb3138c]
	chromedriver!(No symbol) [0x7ff7acb81c27]
	chromedriver!(No symbol) [0x7ff7acb7e7eb]
	chromedriver!(No symbol) [0x7ff7acb2361c]
	chromedriver!(No symbol) [0x7ff7acb24543]
	chromedriver!GetHandleVerifier [0x7ff7ad569791+5e09d1]
	chromedriver!GetHandleVerifier [0x7ff7ad563b3b+5dad7b]
	chromedriver!GetHandleVerifier [0x7ff7ad589315+600555]
	chromedriver!GetHandleVerifier [0x7ff7acfbbf5e+3319e]
	chromedriver!GetHandleVerifier [0x7ff7acfc474c+3b98c]
	chromedriver!GetHandleVerifier [0x7ff7acfa8284+1f4c4]
	chromedriver!GetHandleVerifier [0x7ff7acfa8414+1f654]
	chromedriver!GetHandleVerifier [0x7ff7acf8b0a7+22e7]
	KERNEL32!BaseThreadInitThunk [0x7ffbf74accb7+17]
	ntdll!RtlUserThreadStart [0x7ffbf87191cc+2c]
"
2026-08-08T15:46:25,subhann_.69,error,"Timed out: Message: 
Stacktrace:
	chromedriver!GetHandleVerifier [0x7ff7acf9e1b5+153f5]
	chromedriver!GetHandleVerifier [0x7ff7acf9e210+15450]
	chromedriver!(No symbol) [0x7ff7acad5bbd]
	chromedriver!(No symbol) [0x7ff7acb3108d]
	chromedriver!(No symbol) [0x7ff7acb3138c]
	chromedriver!(No symbol) [0x7ff7acb81c27]
	chromedriver!(No symbol) [0x7ff7acb7e7eb]
	chromedriver!(No symbol) [0x7ff7acb2361c]
	chromedriver!(No symbol) [0x7ff7acb24543]
	chromedriver!GetHandleVerifier [0x7ff7ad569791+5e09d1]
	chromedriver!GetHandleVerifier [0x7ff7ad563b3b+5dad7b]
	chromedriver!GetHandleVerifier [0x7ff7ad589315+600555]
	chromedriver!GetHandleVerifier [0x7ff7acfbbf5e+3319e]
	chromedriver!GetHandleVerifier [0x7ff7acfc474c+3b98c]
	chromedriver!GetHandleVerifier [0x7ff7acfa8284+1f4c4]
	chromedriver!GetHandleVerifier [0x7ff7acfa8414+1f654]
	chromedriver!GetHandleVerifier [0x7ff7acf8b0a7+22e7]
	KERNEL32!BaseThreadInitThunk [0x7ffbf74accb7+17]
	ntdll!RtlUserThreadStart [0x7ffbf87191cc+2c]
"
2026-08-08T15:46:32,subhranjali_pattnaik,error,"Timed out: Message: 
Stacktrace:
	chromedriver!GetHandleVerifier [0x7ff7acf9e1b5+153f5]
	chromedriver!GetHandleVerifier [0x7ff7acf9e210+15450]
	chromedriver!(No symbol) [0x7ff7acad5bbd]
	chromedriver!(No symbol) [0x7ff7acb3108d]
	chromedriver!(No symbol) [0x7ff7acb3138c]
	chromedriver!(No symbol) [0x7ff7acb81c27]
	chromedriver!(No symbol) [0x7ff7acb7e7eb]
	chromedriver!(No symbol) [0x7ff7acb2361c]
	chromedriver!(No symbol) [0x7ff7acb24543]
	chromedriver!GetHandleVerifier [0x7ff7ad569791+5e09d1]
	chromedriver!GetHandleVerifier [0x7ff7ad563b3b+5dad7b]
	chromedriver!GetHandleVerifier [0x7ff7ad589315+600555]
	chromedriver!GetHandleVerifier [0x7ff7acfbbf5e+3319e]
	chromedriver!GetHandleVerifier [0x7ff7acfc474c+3b98c]
	chromedriver!GetHandleVerifier [0x7ff7acfa8284+1f4c4]
	chromedriver!GetHandleVerifier [0x7ff7acfa8414+1f654]
	chromedriver!GetHandleVerifier [0x7ff7acf8b0a7+22e7]
	KERNEL32!BaseThreadInitThunk [0x7ffbf74accb7+17]
	ntdll!RtlUserThreadStart [0x7ffbf87191cc+2c]
"
2026-08-08T15:46:39,subo8271,error,"Timed out: Message: 
Stacktrace:
	chromedriver!GetHandleVerifier [0x7ff7acf9e1b5+153f5]
	chromedriver!GetHandleVerifier [0x7ff7acf9e210+15450]
	chromedriver!(No symbol) [0x7ff7acad5bbd]
	chromedriver!(No symbol) [0x7ff7acb3108d]
	chromedriver!(No symbol) [0x7ff7acb3138c]
	chromedriver!(No symbol) [0x7ff7acb81c27]
	chromedriver!(No symbol) [0x7ff7acb7e7eb]
	chromedriver!(No symbol) [0x7ff7acb2361c]
	chromedriver!(No symbol) [0x7ff7acb24543]
	chromedriver!GetHandleVerifier [0x7ff7ad569791+5e09d1]
	chromedriver!GetHandleVerifier [0x7ff7ad563b3b+5dad7b]
	chromedriver!GetHandleVerifier [0x7ff7ad589315+600555]
	chromedriver!GetHandleVerifier [0x7ff7acfbbf5e+3319e]
	chromedriver!GetHandleVerifier [0x7ff7acfc474c+3b98c]
	chromedriver!GetHandleVerifier [0x7ff7acfa8284+1f4c4]
	chromedriver!GetHandleVerifier [0x7ff7acfa8414+1f654]
	chromedriver!GetHandleVerifier [0x7ff7acf8b0a7+22e7]
	KERNEL32!BaseThreadInitThunk [0x7ffbf74accb7+17]
	ntdll!RtlUserThreadStart [0x7ffbf87191cc+2c]
"
2026-08-08T15:46:45,sufairr_khanday,already_unfollowed,Instagram shows Follow rather than Following.
2026-08-08T15:46:52,sufyan_khan_696,error,"Timed out: Message: 
Stacktrace:
	chromedriver!GetHandleVerifier [0x7ff7acf9e1b5+153f5]
	chromedriver!GetHandleVerifier [0x7ff7acf9e210+15450]
	chromedriver!(No symbol) [0x7ff7acad5bbd]
	chromedriver!(No symbol) [0x7ff7acb3108d]
	chromedriver!(No symbol) [0x7ff7acb3138c]
	chromedriver!(No symbol) [0x7ff7acb81c27]
	chromedriver!(No symbol) [0x7ff7acb7e7eb]
	chromedriver!(No symbol) [0x7ff7acb2361c]
	chromedriver!(No symbol) [0x7ff7acb24543]
	chromedriver!GetHandleVerifier [0x7ff7ad569791+5e09d1]
	chromedriver!GetHandleVerifier [0x7ff7ad563b3b+5dad7b]
	chromedriver!GetHandleVerifier [0x7ff7ad589315+600555]
	chromedriver!GetHandleVerifier [0x7ff7acfbbf5e+3319e]
	chromedriver!GetHandleVerifier [0x7ff7acfc474c+3b98c]
	chromedriver!GetHandleVerifier [0x7ff7acfa8284+1f4c4]
	chromedriver!GetHandleVerifier [0x7ff7acfa8414+1f654]
	chromedriver!GetHandleVerifier [0x7ff7acf8b0a7+22e7]
	KERNEL32!BaseThreadInitThunk [0x7ffbf74accb7+17]
	ntdll!RtlUserThreadStart [0x7ffbf87191cc+2c]
"
2026-08-08T15:46:59,suhaiiraaa_,error,"Timed out: Message: 
Stacktrace:
	chromedriver!GetHandleVerifier [0x7ff7acf9e1b5+153f5]
	chromedriver!GetHandleVerifier [0x7ff7acf9e210+15450]
	chromedriver!(No symbol) [0x7ff7acad5bbd]
	chromedriver!(No symbol) [0x7ff7acb3108d]
	chromedriver!(No symbol) [0x7ff7acb3138c]
	chromedriver!(No symbol) [0x7ff7acb81c27]
	chromedriver!(No symbol) [0x7ff7acb7e7eb]
	chromedriver!(No symbol) [0x7ff7acb2361c]
	chromedriver!(No symbol) [0x7ff7acb24543]
	chromedriver!GetHandleVerifier [0x7ff7ad569791+5e09d1]
	chromedriver!GetHandleVerifier [0x7ff7ad563b3b+5dad7b]
	chromedriver!GetHandleVerifier [0x7ff7ad589315+600555]
	chromedriver!GetHandleVerifier [0x7ff7acfbbf5e+3319e]
	chromedriver!GetHandleVerifier [0x7ff7acfc474c+3b98c]
	chromedriver!GetHandleVerifier [0x7ff7acfa8284+1f4c4]
	chromedriver!GetHandleVerifier [0x7ff7acfa8414+1f654]
	chromedriver!GetHandleVerifier [0x7ff7acf8b0a7+22e7]
	KERNEL32!BaseThreadInitThunk [0x7ffbf74accb7+17]
	ntdll!RtlUserThreadStart [0x7ffbf87191cc+2c]
"
2026-08-08T15:47:06,sukainanana,error,"Timed out: Message: 
Stacktrace:
	chromedriver!GetHandleVerifier [0x7ff7acf9e1b5+153f5]
	chromedriver!GetHandleVerifier [0x7ff7acf9e210+15450]
	chromedriver!(No symbol) [0x7ff7acad5bbd]
	chromedriver!(No symbol) [0x7ff7acb3108d]
	chromedriver!(No symbol) [0x7ff7acb3138c]
	chromedriver!(No symbol) [0x7ff7acb81c27]
	chromedriver!(No symbol) [0x7ff7acb7e7eb]
	chromedriver!(No symbol) [0x7ff7acb2361c]
	chromedriver!(No symbol) [0x7ff7acb24543]
	chromedriver!GetHandleVerifier [0x7ff7ad569791+5e09d1]
	chromedriver!GetHandleVerifier [0x7ff7ad563b3b+5dad7b]
	chromedriver!GetHandleVerifier [0x7ff7ad589315+600555]
	chromedriver!GetHandleVerifier [0x7ff7acfbbf5e+3319e]
	chromedriver!GetHandleVerifier [0x7ff7acfc474c+3b98c]
	chromedriver!GetHandleVerifier [0x7ff7acfa8284+1f4c4]
	chromedriver!GetHandleVerifier [0x7ff7acfa8414+1f654]
	chromedriver!GetHandleVerifier [0x7ff7acf8b0a7+22e7]
	KERNEL32!BaseThreadInitThunk [0x7ffbf74accb7+17]
	ntdll!RtlUserThreadStart [0x7ffbf87191cc+2c]
"
2026-08-08T15:47:13,sukh.chainsingh5,error,"Timed out: Message: 
Stacktrace:
	chromedriver!GetHandleVerifier [0x7ff7acf9e1b5+153f5]
	chromedriver!GetHandleVerifier [0x7ff7acf9e210+15450]
	chromedriver!(No symbol) [0x7ff7acad5bbd]
	chromedriver!(No symbol) [0x7ff7acb3108d]
	chromedriver!(No symbol) [0x7ff7acb3138c]
	chromedriver!(No symbol) [0x7ff7acb81c27]
	chromedriver!(No symbol) [0x7ff7acb7e7eb]
	chromedriver!(No symbol) [0x7ff7acb2361c]
	chromedriver!(No symbol) [0x7ff7acb24543]
	chromedriver!GetHandleVerifier [0x7ff7ad569791+5e09d1]
	chromedriver!GetHandleVerifier [0x7ff7ad563b3b+5dad7b]
	chromedriver!GetHandleVerifier [0x7ff7ad589315+600555]
	chromedriver!GetHandleVerifier [0x7ff7acfbbf5e+3319e]
	chromedriver!GetHandleVerifier [0x7ff7acfc474c+3b98c]
	chromedriver!GetHandleVerifier [0x7ff7acfa8284+1f4c4]
	chromedriver!GetHandleVerifier [0x7ff7acfa8414+1f654]
	chromedriver!GetHandleVerifier [0x7ff7acf8b0a7+22e7]
	KERNEL32!BaseThreadInitThunk [0x7ffbf74accb7+17]
	ntdll!RtlUserThreadStart [0x7ffbf87191cc+2c]
"
2026-08-08T15:47:21,sulaimankhan3737,error,"Timed out: Message: 
Stacktrace:
	chromedriver!GetHandleVerifier [0x7ff7acf9e1b5+153f5]
	chromedriver!GetHandleVerifier [0x7ff7acf9e210+15450]
	chromedriver!(No symbol) [0x7ff7acad5bbd]
	chromedriver!(No symbol) [0x7ff7acb3108d]
	chromedriver!(No symbol) [0x7ff7acb3138c]
	chromedriver!(No symbol) [0x7ff7acb81c27]
	chromedriver!(No symbol) [0x7ff7acb7e7eb]
	chromedriver!(No symbol) [0x7ff7acb2361c]
	chromedriver!(No symbol) [0x7ff7acb24543]
	chromedriver!GetHandleVerifier [0x7ff7ad569791+5e09d1]
	chromedriver!GetHandleVerifier [0x7ff7ad563b3b+5dad7b]
	chromedriver!GetHandleVerifier [0x7ff7ad589315+600555]
	chromedriver!GetHandleVerifier [0x7ff7acfbbf5e+3319e]
	chromedriver!GetHandleVerifier [0x7ff7acfc474c+3b98c]
	chromedriver!GetHandleVerifier [0x7ff7acfa8284+1f4c4]
	chromedriver!GetHandleVerifier [0x7ff7acfa8414+1f654]
	chromedriver!GetHandleVerifier [0x7ff7acf8b0a7+22e7]
	KERNEL32!BaseThreadInitThunk [0x7ffbf74accb7+17]
	ntdll!RtlUserThreadStart [0x7ffbf87191cc+2c]
"
2026-08-08T15:47:27,sulemanpasha,following_not_visible,Could not find a visible Following button.
2026-08-08T15:47:34,sulltaan98,error,"Timed out: Message: 
Stacktrace:
	chromedriver!GetHandleVerifier [0x7ff7acf9e1b5+153f5]
	chromedriver!GetHandleVerifier [0x7ff7acf9e210+15450]
	chromedriver!(No symbol) [0x7ff7acad5bbd]
	chromedriver!(No symbol) [0x7ff7acb3108d]
	chromedriver!(No symbol) [0x7ff7acb3138c]
	chromedriver!(No symbol) [0x7ff7acb81c27]
	chromedriver!(No symbol) [0x7ff7acb7e7eb]
	chromedriver!(No symbol) [0x7ff7acb2361c]
	chromedriver!(No symbol) [0x7ff7acb24543]
	chromedriver!GetHandleVerifier [0x7ff7ad569791+5e09d1]
	chromedriver!GetHandleVerifier [0x7ff7ad563b3b+5dad7b]
	chromedriver!GetHandleVerifier [0x7ff7ad589315+600555]
	chromedriver!GetHandleVerifier [0x7ff7acfbbf5e+3319e]
	chromedriver!GetHandleVerifier [0x7ff7acfc474c+3b98c]
	chromedriver!GetHandleVerifier [0x7ff7acfa8284+1f4c4]
	chromedriver!GetHandleVerifier [0x7ff7acfa8414+1f654]
	chromedriver!GetHandleVerifier [0x7ff7acf8b0a7+22e7]
	KERNEL32!BaseThreadInitThunk [0x7ffbf74accb7+17]
	ntdll!RtlUserThreadStart [0x7ffbf87191cc+2c]
"
2026-08-08T15:47:41,sultanapathan303,error,"Timed out: Message: 
Stacktrace:
	chromedriver!GetHandleVerifier [0x7ff7acf9e1b5+153f5]
	chromedriver!GetHandleVerifier [0x7ff7acf9e210+15450]
	chromedriver!(No symbol) [0x7ff7acad5bbd]
	chromedriver!(No symbol) [0x7ff7acb3108d]
	chromedriver!(No symbol) [0x7ff7acb3138c]
	chromedriver!(No symbol) [0x7ff7acb81c27]
	chromedriver!(No symbol) [0x7ff7acb7e7eb]
	chromedriver!(No symbol) [0x7ff7acb2361c]
	chromedriver!(No symbol) [0x7ff7acb24543]
	chromedriver!GetHandleVerifier [0x7ff7ad569791+5e09d1]
	chromedriver!GetHandleVerifier [0x7ff7ad563b3b+5dad7b]
	chromedriver!GetHandleVerifier [0x7ff7ad589315+600555]
	chromedriver!GetHandleVerifier [0x7ff7acfbbf5e+3319e]
	chromedriver!GetHandleVerifier [0x7ff7acfc474c+3b98c]
	chromedriver!GetHandleVerifier [0x7ff7acfa8284+1f4c4]
	chromedriver!GetHandleVerifier [0x7ff7acfa8414+1f654]
	chromedriver!GetHandleVerifier [0x7ff7acf8b0a7+22e7]
	KERNEL32!BaseThreadInitThunk [0x7ffbf74accb7+17]
	ntdll!RtlUserThreadStart [0x7ffbf87191cc+2c]
"
2026-08-08T15:47:48,sulyyman_2.0,error,"Timed out: Message: 
Stacktrace:
	chromedriver!GetHandleVerifier [0x7ff7acf9e1b5+153f5]
	chromedriver!GetHandleVerifier [0x7ff7acf9e210+15450]
	chromedriver!(No symbol) [0x7ff7acad5bbd]
	chromedriver!(No symbol) [0x7ff7acb3108d]
	chromedriver!(No symbol) [0x7ff7acb3138c]
	chromedriver!(No symbol) [0x7ff7acb81c27]
	chromedriver!(No symbol) [0x7ff7acb7e7eb]
	chromedriver!(No symbol) [0x7ff7acb2361c]
	chromedriver!(No symbol) [0x7ff7acb24543]
	chromedriver!GetHandleVerifier [0x7ff7ad569791+5e09d1]
	chromedriver!GetHandleVerifier [0x7ff7ad563b3b+5dad7b]
	chromedriver!GetHandleVerifier [0x7ff7ad589315+600555]
	chromedriver!GetHandleVerifier [0x7ff7acfbbf5e+3319e]
	chromedriver!GetHandleVerifier [0x7ff7acfc474c+3b98c]
	chromedriver!GetHandleVerifier [0x7ff7acfa8284+1f4c4]
	chromedriver!GetHandleVerifier [0x7ff7acfa8414+1f654]
	chromedriver!GetHandleVerifier [0x7ff7acf8b0a7+22e7]
	KERNEL32!BaseThreadInitThunk [0x7ffbf74accb7+17]
	ntdll!RtlUserThreadStart [0x7ffbf87191cc+2c]
"
2026-08-08T15:47:55,sumeetmatang,error,"Timed out: Message: 
Stacktrace:
	chromedriver!GetHandleVerifier [0x7ff7acf9e1b5+153f5]
	chromedriver!GetHandleVerifier [0x7ff7acf9e210+15450]
	chromedriver!(No symbol) [0x7ff7acad5bbd]
	chromedriver!(No symbol) [0x7ff7acb3108d]
	chromedriver!(No symbol) [0x7ff7acb3138c]
	chromedriver!(No symbol) [0x7ff7acb81c27]
	chromedriver!(No symbol) [0x7ff7acb7e7eb]
	chromedriver!(No symbol) [0x7ff7acb2361c]
	chromedriver!(No symbol) [0x7ff7acb24543]
	chromedriver!GetHandleVerifier [0x7ff7ad569791+5e09d1]
	chromedriver!GetHandleVerifier [0x7ff7ad563b3b+5dad7b]
	chromedriver!GetHandleVerifier [0x7ff7ad589315+600555]
	chromedriver!GetHandleVerifier [0x7ff7acfbbf5e+3319e]
	chromedriver!GetHandleVerifier [0x7ff7acfc474c+3b98c]
	chromedriver!GetHandleVerifier [0x7ff7acfa8284+1f4c4]
	chromedriver!GetHandleVerifier [0x7ff7acfa8414+1f654]
	chromedriver!GetHandleVerifier [0x7ff7acf8b0a7+22e7]
	KERNEL32!BaseThreadInitThunk [0x7ffbf74accb7+17]
	ntdll!RtlUserThreadStart [0x7ffbf87191cc+2c]
"
2026-08-08T15:48:02,sumeram6,error,"Timed out: Message: 
Stacktrace:
	chromedriver!GetHandleVerifier [0x7ff7acf9e1b5+153f5]
	chromedriver!GetHandleVerifier [0x7ff7acf9e210+15450]
	chromedriver!(No symbol) [0x7ff7acad5bbd]
	chromedriver!(No symbol) [0x7ff7acb3108d]
	chromedriver!(No symbol) [0x7ff7acb3138c]
	chromedriver!(No symbol) [0x7ff7acb81c27]
	chromedriver!(No symbol) [0x7ff7acb7e7eb]
	chromedriver!(No symbol) [0x7ff7acb2361c]
	chromedriver!(No symbol) [0x7ff7acb24543]
	chromedriver!GetHandleVerifier [0x7ff7ad569791+5e09d1]
	chromedriver!GetHandleVerifier [0x7ff7ad563b3b+5dad7b]
	chromedriver!GetHandleVerifier [0x7ff7ad589315+600555]
	chromedriver!GetHandleVerifier [0x7ff7acfbbf5e+3319e]
	chromedriver!GetHandleVerifier [0x7ff7acfc474c+3b98c]
	chromedriver!GetHandleVerifier [0x7ff7acfa8284+1f4c4]
	chromedriver!GetHandleVerifier [0x7ff7acfa8414+1f654]
	chromedriver!GetHandleVerifier [0x7ff7acf8b0a7+22e7]
	KERNEL32!BaseThreadInitThunk [0x7ffbf74accb7+17]
	ntdll!RtlUserThreadStart [0x7ffbf87191cc+2c]
"
2026-08-08T15:48:09,summerbreeze_oo,error,"Timed out: Message: 
Stacktrace:
	chromedriver!GetHandleVerifier [0x7ff7acf9e1b5+153f5]
	chromedriver!GetHandleVerifier [0x7ff7acf9e210+15450]
	chromedriver!(No symbol) [0x7ff7acad5bbd]
	chromedriver!(No symbol) [0x7ff7acb3108d]
	chromedriver!(No symbol) [0x7ff7acb3138c]
	chromedriver!(No symbol) [0x7ff7acb81c27]
	chromedriver!(No symbol) [0x7ff7acb7e7eb]
	chromedriver!(No symbol) [0x7ff7acb2361c]
	chromedriver!(No symbol) [0x7ff7acb24543]
	chromedriver!GetHandleVerifier [0x7ff7ad569791+5e09d1]
	chromedriver!GetHandleVerifier [0x7ff7ad563b3b+5dad7b]
	chromedriver!GetHandleVerifier [0x7ff7ad589315+600555]
	chromedriver!GetHandleVerifier [0x7ff7acfbbf5e+3319e]
	chromedriver!GetHandleVerifier [0x7ff7acfc474c+3b98c]
	chromedriver!GetHandleVerifier [0x7ff7acfa8284+1f4c4]
	chromedriver!GetHandleVerifier [0x7ff7acfa8414+1f654]
	chromedriver!GetHandleVerifier [0x7ff7acf8b0a7+22e7]
	KERNEL32!BaseThreadInitThunk [0x7ffbf74accb7+17]
	ntdll!RtlUserThreadStart [0x7ffbf87191cc+2c]
"
2026-08-08T15:48:16,sunainabukhariofficial,error,"Timed out: Message: 
Stacktrace:
	chromedriver!GetHandleVerifier [0x7ff7acf9e1b5+153f5]
	chromedriver!GetHandleVerifier [0x7ff7acf9e210+15450]
	chromedriver!(No symbol) [0x7ff7acad5bbd]
	chromedriver!(No symbol) [0x7ff7acb3108d]
	chromedriver!(No symbol) [0x7ff7acb3138c]
	chromedriver!(No symbol) [0x7ff7acb81c27]
	chromedriver!(No symbol) [0x7ff7acb7e7eb]
	chromedriver!(No symbol) [0x7ff7acb2361c]
	chromedriver!(No symbol) [0x7ff7acb24543]
	chromedriver!GetHandleVerifier [0x7ff7ad569791+5e09d1]
	chromedriver!GetHandleVerifier [0x7ff7ad563b3b+5dad7b]
	chromedriver!GetHandleVerifier [0x7ff7ad589315+600555]
	chromedriver!GetHandleVerifier [0x7ff7acfbbf5e+3319e]
	chromedriver!GetHandleVerifier [0x7ff7acfc474c+3b98c]
	chromedriver!GetHandleVerifier [0x7ff7acfa8284+1f4c4]
	chromedriver!GetHandleVerifier [0x7ff7acfa8414+1f654]
	chromedriver!GetHandleVerifier [0x7ff7acf8b0a7+22e7]
	KERNEL32!BaseThreadInitThunk [0x7ffbf74accb7+17]
	ntdll!RtlUserThreadStart [0x7ffbf87191cc+2c]
"
2026-08-08T15:48:23,sundar_.pandi,error,"Timed out: Message: 
Stacktrace:
	chromedriver!GetHandleVerifier [0x7ff7acf9e1b5+153f5]
	chromedriver!GetHandleVerifier [0x7ff7acf9e210+15450]
	chromedriver!(No symbol) [0x7ff7acad5bbd]
	chromedriver!(No symbol) [0x7ff7acb3108d]
	chromedriver!(No symbol) [0x7ff7acb3138c]
	chromedriver!(No symbol) [0x7ff7acb81c27]
	chromedriver!(No symbol) [0x7ff7acb7e7eb]
	chromedriver!(No symbol) [0x7ff7acb2361c]
	chromedriver!(No symbol) [0x7ff7acb24543]
	chromedriver!GetHandleVerifier [0x7ff7ad569791+5e09d1]
	chromedriver!GetHandleVerifier [0x7ff7ad563b3b+5dad7b]
	chromedriver!GetHandleVerifier [0x7ff7ad589315+600555]
	chromedriver!GetHandleVerifier [0x7ff7acfbbf5e+3319e]
	chromedriver!GetHandleVerifier [0x7ff7acfc474c+3b98c]
	chromedriver!GetHandleVerifier [0x7ff7acfa8284+1f4c4]
	chromedriver!GetHandleVerifier [0x7ff7acfa8414+1f654]
	chromedriver!GetHandleVerifier [0x7ff7acf8b0a7+22e7]
	KERNEL32!BaseThreadInitThunk [0x7ffbf74accb7+17]
	ntdll!RtlUserThreadStart [0x7ffbf87191cc+2c]
"
2026-08-08T15:48:30,sundar_moolchandani,error,"Timed out: Message: 
Stacktrace:
	chromedriver!GetHandleVerifier [0x7ff7acf9e1b5+153f5]
	chromedriver!GetHandleVerifier [0x7ff7acf9e210+15450]
	chromedriver!(No symbol) [0x7ff7acad5bbd]
	chromedriver!(No symbol) [0x7ff7acb3108d]
	chromedriver!(No symbol) [0x7ff7acb3138c]
	chromedriver!(No symbol) [0x7ff7acb81c27]
	chromedriver!(No symbol) [0x7ff7acb7e7eb]
	chromedriver!(No symbol) [0x7ff7acb2361c]
	chromedriver!(No symbol) [0x7ff7acb24543]
	chromedriver!GetHandleVerifier [0x7ff7ad569791+5e09d1]
	chromedriver!GetHandleVerifier [0x7ff7ad563b3b+5dad7b]
	chromedriver!GetHandleVerifier [0x7ff7ad589315+600555]
	chromedriver!GetHandleVerifier [0x7ff7acfbbf5e+3319e]
	chromedriver!GetHandleVerifier [0x7ff7acfc474c+3b98c]
	chromedriver!GetHandleVerifier [0x7ff7acfa8284+1f4c4]
	chromedriver!GetHandleVerifier [0x7ff7acfa8414+1f654]
	chromedriver!GetHandleVerifier [0x7ff7acf8b0a7+22e7]
	KERNEL32!BaseThreadInitThunk [0x7ffbf74accb7+17]
	ntdll!RtlUserThreadStart [0x7ffbf87191cc+2c]
"
2026-08-08T15:48:37,sundas168._,error,"Timed out: Message: 
Stacktrace:
	chromedriver!GetHandleVerifier [0x7ff7acf9e1b5+153f5]
	chromedriver!GetHandleVerifier [0x7ff7acf9e210+15450]
	chromedriver!(No symbol) [0x7ff7acad5bbd]
	chromedriver!(No symbol) [0x7ff7acb3108d]
	chromedriver!(No symbol) [0x7ff7acb3138c]
	chromedriver!(No symbol) [0x7ff7acb81c27]
	chromedriver!(No symbol) [0x7ff7acb7e7eb]
	chromedriver!(No symbol) [0x7ff7acb2361c]
	chromedriver!(No symbol) [0x7ff7acb24543]
	chromedriver!GetHandleVerifier [0x7ff7ad569791+5e09d1]
	chromedriver!GetHandleVerifier [0x7ff7ad563b3b+5dad7b]
	chromedriver!GetHandleVerifier [0x7ff7ad589315+600555]
	chromedriver!GetHandleVerifier [0x7ff7acfbbf5e+3319e]
	chromedriver!GetHandleVerifier [0x7ff7acfc474c+3b98c]
	chromedriver!GetHandleVerifier [0x7ff7acfa8284+1f4c4]
	chromedriver!GetHandleVerifier [0x7ff7acfa8414+1f654]
	chromedriver!GetHandleVerifier [0x7ff7acf8b0a7+22e7]
	KERNEL32!BaseThreadInitThunk [0x7ffbf74accb7+17]
	ntdll!RtlUserThreadStart [0x7ffbf87191cc+2c]
"
2026-08-08T15:48:44,sundaskhanyusafzai,following_not_visible,Could not find a visible Following button.
2026-08-08T15:48:51,sundus452,error,"Timed out: Message: 
Stacktrace:
	chromedriver!GetHandleVerifier [0x7ff7acf9e1b5+153f5]
	chromedriver!GetHandleVerifier [0x7ff7acf9e210+15450]
	chromedriver!(No symbol) [0x7ff7acad5bbd]
	chromedriver!(No symbol) [0x7ff7acb3108d]
	chromedriver!(No symbol) [0x7ff7acb3138c]
	chromedriver!(No symbol) [0x7ff7acb81c27]
	chromedriver!(No symbol) [0x7ff7acb7e7eb]
	chromedriver!(No symbol) [0x7ff7acb2361c]
	chromedriver!(No symbol) [0x7ff7acb24543]
	chromedriver!GetHandleVerifier [0x7ff7ad569791+5e09d1]
	chromedriver!GetHandleVerifier [0x7ff7ad563b3b+5dad7b]
	chromedriver!GetHandleVerifier [0x7ff7ad589315+600555]
	chromedriver!GetHandleVerifier [0x7ff7acfbbf5e+3319e]
	chromedriver!GetHandleVerifier [0x7ff7acfc474c+3b98c]
	chromedriver!GetHandleVerifier [0x7ff7acfa8284+1f4c4]
	chromedriver!GetHandleVerifier [0x7ff7acfa8414+1f654]
	chromedriver!GetHandleVerifier [0x7ff7acf8b0a7+22e7]
	KERNEL32!BaseThreadInitThunk [0x7ffbf74accb7+17]
	ntdll!RtlUserThreadStart [0x7ffbf87191cc+2c]
"
2026-08-08T15:48:58,sunny.756_,error,"Timed out: Message: 
Stacktrace:
	chromedriver!GetHandleVerifier [0x7ff7acf9e1b5+153f5]
	chromedriver!GetHandleVerifier [0x7ff7acf9e210+15450]
	chromedriver!(No symbol) [0x7ff7acad5bbd]
	chromedriver!(No symbol) [0x7ff7acb3108d]
	chromedriver!(No symbol) [0x7ff7acb3138c]
	chromedriver!(No symbol) [0x7ff7acb81c27]
	chromedriver!(No symbol) [0x7ff7acb7e7eb]
	chromedriver!(No symbol) [0x7ff7acb2361c]
	chromedriver!(No symbol) [0x7ff7acb24543]
	chromedriver!GetHandleVerifier [0x7ff7ad569791+5e09d1]
	chromedriver!GetHandleVerifier [0x7ff7ad563b3b+5dad7b]
	chromedriver!GetHandleVerifier [0x7ff7ad589315+600555]
	chromedriver!GetHandleVerifier [0x7ff7acfbbf5e+3319e]
	chromedriver!GetHandleVerifier [0x7ff7acfc474c+3b98c]
	chromedriver!GetHandleVerifier [0x7ff7acfa8284+1f4c4]
	chromedriver!GetHandleVerifier [0x7ff7acfa8414+1f654]
	chromedriver!GetHandleVerifier [0x7ff7acf8b0a7+22e7]
	KERNEL32!BaseThreadInitThunk [0x7ffbf74accb7+17]
	ntdll!RtlUserThreadStart [0x7ffbf87191cc+2c]
"
2026-08-08T15:49:05,sunnydusejaa_,error,"Timed out: Message: 
Stacktrace:
	chromedriver!GetHandleVerifier [0x7ff7acf9e1b5+153f5]
	chromedriver!GetHandleVerifier [0x7ff7acf9e210+15450]
	chromedriver!(No symbol) [0x7ff7acad5bbd]
	chromedriver!(No symbol) [0x7ff7acb3108d]
	chromedriver!(No symbol) [0x7ff7acb3138c]
	chromedriver!(No symbol) [0x7ff7acb81c27]
	chromedriver!(No symbol) [0x7ff7acb7e7eb]
	chromedriver!(No symbol) [0x7ff7acb2361c]
	chromedriver!(No symbol) [0x7ff7acb24543]
	chromedriver!GetHandleVerifier [0x7ff7ad569791+5e09d1]
	chromedriver!GetHandleVerifier [0x7ff7ad563b3b+5dad7b]
	chromedriver!GetHandleVerifier [0x7ff7ad589315+600555]
	chromedriver!GetHandleVerifier [0x7ff7acfbbf5e+3319e]
	chromedriver!GetHandleVerifier [0x7ff7acfc474c+3b98c]
	chromedriver!GetHandleVerifier [0x7ff7acfa8284+1f4c4]
	chromedriver!GetHandleVerifier [0x7ff7acfa8414+1f654]
	chromedriver!GetHandleVerifier [0x7ff7acf8b0a7+22e7]
	KERNEL32!BaseThreadInitThunk [0x7ffbf74accb7+17]
	ntdll!RtlUserThreadStart [0x7ffbf87191cc+2c]
"
2026-08-08T15:49:11,superior_official_confessions,not_found,Instagram reported that this profile is unavailable.
2026-08-08T15:49:14,sviinfrasolution,unfollowed,Unfollow confirmation clicked.
2026-08-08T15:49:17,swasti_iiie,unfollowed,Unfollow confirmation clicked.
2026-08-08T15:49:20,swayamsharmamusic,unfollowed,Unfollow confirmation clicked.
2026-08-08T15:49:22,swe._.201,unfollowed,Unfollow confirmation clicked.
2026-08-08T15:49:24,sweet.dietcoke,unfollowed,Unfollow confirmation clicked.
2026-08-08T15:49:28,swikirtii__yadav01,unfollowed,Unfollow confirmation clicked.
2026-08-08T15:49:31,syed._.nihaalll,unfollowed,Unfollow confirmation clicked.
2026-08-08T15:49:33,syed.amnan.haider,unfollowed,Unfollow confirmation clicked.
2026-08-08T15:49:36,syed.shah1997,unfollowed,Unfollow confirmation clicked.
2026-08-08T15:49:39,syed_ehtishamrizvi87,unfollowed,Unfollow confirmation clicked.
2026-08-08T15:49:42,syed_haider.512,unfollowed,Unfollow confirmation clicked.
2026-08-08T15:49:45,syed_hassan___ali,unfollowed,Unfollow confirmation clicked.
2026-08-08T15:49:52,syed_husnain_shah99,not_found,Instagram reported that this profile is unavailable.
2026-08-08T15:49:56,syed_husnain_shah_503092,unfollowed,Unfollow confirmation clicked.
2026-08-08T15:49:59,syed_kabir.10,unfollowed,Unfollow confirmation clicked.
2026-08-08T15:50:03,syed_kashif97,unfollowed,Unfollow confirmation clicked.
2026-08-08T15:50:05,syed_wajdan_jaffrioffical,unfollowed,Unfollow confirmation clicked.
2026-08-08T15:50:08,syed_zain_pirzada,unfollowed,Unfollow confirmation clicked.
2026-08-08T15:50:11,syeda_memoona1,unfollowed,Unfollow confirmation clicked.
2026-08-08T15:50:14,syeda_sawaira_shah,unfollowed,Unfollow confirmation clicked.
2026-08-08T15:50:17,syedadilezahra,unfollowed,Unfollow confirmation clicked.
2026-08-08T15:50:20,syedakanwal__,unfollowed,Unfollow confirmation clicked.
2026-08-08T15:50:23,syedanasasif,unfollowed,Unfollow confirmation clicked.
2026-08-08T15:50:25,syedasadmushadi,unfollowed,Unfollow confirmation clicked.
2026-08-08T15:50:28,syedatifhasnainoffical,unfollowed,Unfollow confirmation clicked.
2026-08-08T15:50:31,syedazahra_adan,unfollowed,Unfollow confirmation clicked.
2026-08-08T15:50:33,syedazeemhassan4,unfollowed,Unfollow confirmation clicked.
2026-08-08T15:50:36,syedd.bilal,unfollowed,Unfollow confirmation clicked.
2026-08-08T15:50:38,syedfajar3,unfollowed,Unfollow confirmation clicked.
2026-08-08T15:50:40,syedhaider_priv,unfollowed,Unfollow confirmation clicked.
2026-08-08T15:50:47,syedhamzakazmii,not_found,Instagram reported that this profile is unavailable.
2026-08-08T15:50:54,syednizam___07,following_not_visible,Could not find a visible Following button.
2026-08-08T15:50:57,syedshehzadbukhari5,unfollowed,Unfollow confirmation clicked.
2026-08-08T15:50:59,syedtayyabalishahh,unfollowed,Unfollow confirmation clicked.
2026-08-08T15:51:02,syedwaleed_a,unfollowed,Unfollow confirmation clicked.
2026-08-08T15:51:04,syyeda.gillanii,unfollowed,Unfollow confirmation clicked.
2026-08-08T15:51:07,ta_maza_nki_wade_ta_follow_kom,unfollowed,Unfollow confirmation clicked.
2026-08-08T15:51:10,taabish_,unfollowed,Unfollow confirmation clicked.
2026-08-08T15:51:13,tabarakmakesamess_,unfollowed,Unfollow confirmation clicked.
2026-08-08T15:51:16,tabcruise,unfollowed,Unfollow confirmation clicked.
2026-08-08T15:51:19,tabish___khann_7,unfollowed,Unfollow confirmation clicked.
2026-08-08T15:51:21,tabraiz961,unfollowed,Unfollow confirmation clicked.
2026-08-08T15:51:23,taha_jutt13,unfollowed,Unfollow confirmation clicked.
2026-08-08T15:51:30,taha_khan_tareen,following_not_visible,Could not find a visible Following button.
2026-08-08T15:51:34,taimoorraaj7,unfollowed,Unfollow confirmation clicked.
2026-08-08T15:51:40,taimorwrites55,not_found,Instagram reported that this profile is unavailable.
2026-08-08T15:51:42,tajuddin.132,unfollowed,Unfollow confirmation clicked.
2026-08-08T15:51:45,talalahmadawan,unfollowed,Unfollow confirmation clicked.
2026-08-08T15:51:47,talha.01137,unfollowed,Unfollow confirmation clicked.
2026-08-08T15:51:51,talha.__.10,unfollowed,Unfollow confirmation clicked.
2026-08-08T15:51:54,talha._aslam._,unfollowed,Unfollow confirmation clicked.
2026-08-08T15:51:56,talha.here.1,unfollowed,Unfollow confirmation clicked.
2026-08-08T15:52:00,talha.xx01,unfollowed,Unfollow confirmation clicked.
2026-08-08T15:52:04,talha___nawaz,unfollowed,Unfollow confirmation clicked.
2026-08-08T15:52:06,talha_raj_tn143,unfollowed,Unfollow confirmation clicked.
2026-08-08T15:52:09,talha_x00,unfollowed,Unfollow confirmation clicked.
2026-08-08T15:52:15,talhatrailz,following_not_visible,Could not find a visible Following button.
2026-08-08T15:52:18,tam.ahx,unfollowed,Unfollow confirmation clicked.
2026-08-08T15:52:21,tameem3722,unfollowed,Unfollow confirmation clicked.
2026-08-08T15:52:27,taniach012,not_found,Instagram reported that this profile is unavailable.
2026-08-08T15:52:33,tanveeraman_,not_found,Instagram reported that this profile is unavailable.
2026-08-08T15:52:36,tar.un.sar.een,unfollowed,Unfollow confirmation clicked.
2026-08-08T15:52:40,tarun.sharma619,unfollowed,Unfollow confirmation clicked.
2026-08-08T15:52:43,taylor_patz,unfollowed,Unfollow confirmation clicked.
2026-08-08T15:52:47,tayreem_zainab,unfollowed,Unfollow confirmation clicked.
2026-08-08T15:52:51,tayyab_akhtar1133,unfollowed,Unfollow confirmation clicked.
2026-08-08T15:52:54,tayyab_private_0,unfollowed,Unfollow confirmation clicked.
2026-08-08T15:52:56,tcrafi,unfollowed,Unfollow confirmation clicked.
2026-08-08T15:53:03,tech._girl0,not_found,Instagram reported that this profile is unavailable.
2026-08-08T15:53:06,tehmina5494,unfollowed,Unfollow confirmation clicked.
2026-08-08T15:53:09,tehreem__u,unfollowed,Unfollow confirmation clicked.
2026-08-08T15:53:12,tehreem_f16,unfollowed,Unfollow confirmation clicked.
2026-08-08T15:53:14,thakur__gym_boy88,unfollowed,Unfollow confirmation clicked.
2026-08-08T15:53:17,thatamlife,unfollowed,Unfollow confirmation clicked.
2026-08-08T15:53:21,thatbig.guy,unfollowed,Unfollow confirmation clicked.
2026-08-08T15:53:24,thatbocakiss,unfollowed,Unfollow confirmation clicked.
2026-08-08T15:53:27,thatz_divya,unfollowed,Unfollow confirmation clicked.
2026-08-08T15:53:30,the.relatableclub04,unfollowed,Unfollow confirmation clicked.
2026-08-08T15:53:33,the_ambitious_88,unfollowed,Unfollow confirmation clicked.
2026-08-08T15:53:35,the_azeemitivity,unfollowed,Unfollow confirmation clicked.
2026-08-08T15:53:38,the_ra_studio,unfollowed,Unfollow confirmation clicked.
2026-08-08T15:53:41,the_shahbaz_entertainment_,unfollowed,Unfollow confirmation clicked.
2026-08-08T15:53:45,the_shahzad9,unfollowed,Unfollow confirmation clicked.
2026-08-08T15:53:48,the_shiva_lover_45,unfollowed,Unfollow confirmation clicked.
2026-08-08T15:53:51,the_zayaaann,unfollowed,Unfollow confirmation clicked.
2026-08-08T15:53:54,theahmedqureshi,unfollowed,Unfollow confirmation clicked.
2026-08-08T15:53:57,theakshitsays,unfollowed,Unfollow confirmation clicked.
2026-08-08T15:54:00,theartofdua,unfollowed,Unfollow confirmation clicked.
2026-08-08T15:54:03,thecollabcurator,unfollowed,Unfollow confirmation clicked.
2026-08-08T15:54:06,thecorvoofficial,unfollowed,Unfollow confirmation clicked.
2026-08-08T15:54:08,theendlessjourney1_,unfollowed,Unfollow confirmation clicked.
2026-08-08T15:54:11,thefarhan.ali,unfollowed,Unfollow confirmation clicked.
2026-08-08T15:54:18,thefatima.edit,unfollowed,Unfollow confirmation clicked.
2026-08-08T15:54:22,thegbcarpets,unfollowed,Unfollow confirmation clicked.
2026-08-08T15:54:25,thegul_nawaz,unfollowed,Unfollow confirmation clicked.
2026-08-08T15:54:28,thelumsguide,unfollowed,Unfollow confirmation clicked.
2026-08-08T15:54:31,themominaramzan,unfollowed,Unfollow confirmation clicked.
2026-08-08T15:54:35,themusabutt_,unfollowed,Unfollow confirmation clicked.
2026-08-08T15:54:38,theonlyfariskhan,unfollowed,Unfollow confirmation clicked.
2026-08-08T15:54:44,therealjosephmorgan,following_not_visible,Could not find a visible Following button.
2026-08-08T15:54:51,therubyjain,following_not_visible,Could not find a visible Following button.
2026-08-08T15:54:53,thesayyam_raj,unfollowed,Unfollow confirmation clicked.
2026-08-08T15:54:56,thesayyamhashmi,unfollowed,Unfollow confirmation clicked.
2026-08-08T15:55:04,thestorycreators_,unfollowed,Unfollow confirmation clicked.
2026-08-08T15:55:07,thewandering_sky,unfollowed,Unfollow confirmation clicked.
2026-08-08T15:55:10,theycallme_aleey,unfollowed,Unfollow confirmation clicked.
2026-08-08T15:55:12,theyhate_ummii,unfollowed,Unfollow confirmation clicked.
2026-08-08T15:55:15,thezaidanway7,unfollowed,Unfollow confirmation clicked.
2026-08-08T15:55:18,thezoiikhan,unfollowed,Unfollow confirmation clicked.
2026-08-08T15:55:21,thisis.sarrah,unfollowed,Unfollow confirmation clicked.
2026-08-08T15:55:23,thriftbros_pk,unfollowed,Unfollow confirmation clicked.
2026-08-08T15:55:26,thrifted.pk_,unfollowed,Unfollow confirmation clicked.
2026-08-08T15:55:30,thrifted_dunya,unfollowed,Unfollow confirmation clicked.
2026-08-08T15:55:32,thxtjot,unfollowed,Unfollow confirmation clicked.
2026-08-08T15:55:36,tiger___7717,unfollowed,Unfollow confirmation clicked.
2026-08-08T15:55:39,tik_tiktok21,unfollowed,Unfollow confirmation clicked.
2026-08-08T15:55:41,tivobax492,unfollowed,Unfollow confirmation clicked.
2026-08-08T15:55:44,to_see_beyond_,unfollowed,Unfollow confirmation clicked.
2026-08-08T15:55:49,tobloggerism,unfollowed,Unfollow confirmation clicked.
2026-08-08T15:55:52,tomodachiamv,unfollowed,Unfollow confirmation clicked.
2026-08-08T15:55:55,tonmoyhassan73,unfollowed,Unfollow confirmation clicked.
2026-08-08T15:55:57,toobanoorrr,unfollowed,Unfollow confirmation clicked.
2026-08-08T15:55:59,tootiifruiti,unfollowed,Unfollow confirmation clicked.
2026-08-08T15:56:02,toufiq.ullah.104,unfollowed,Unfollow confirmation clicked.
2026-08-08T15:56:05,touseefzahiir,unfollowed,Unfollow confirmation clicked.
2026-08-08T15:56:08,travelbug_ap11,unfollowed,Unfollow confirmation clicked.
2026-08-08T15:56:10,tts4054,unfollowed,Unfollow confirmation clicked.
2026-08-08T15:56:12,tu_ah_sha03,unfollowed,Unfollow confirmation clicked.
2026-08-08T15:56:15,tu_chutiua_hai_phr_be_i,unfollowed,Unfollow confirmation clicked.
2026-08-08T15:56:17,tushaaaarsingh,unfollowed,Unfollow confirmation clicked.
2026-08-08T15:56:19,tushar.kanti64,unfollowed,Unfollow confirmation clicked.
2026-08-08T15:56:22,tw.2682,unfollowed,Unfollow confirmation clicked.
2026-08-08T15:56:26,tweetyque_,unfollowed,Unfollow confirmation clicked.
2026-08-08T15:56:30,twinkle5435,unfollowed,Unfollow confirmation clicked.
2026-08-08T15:56:33,twoeuroshop,unfollowed,Unfollow confirmation clicked.
2026-08-08T15:56:36,tz.mughal,unfollowed,Unfollow confirmation clicked.
2026-08-08T15:56:39,u_suffff,unfollowed,Unfollow confirmation clicked.
2026-08-08T15:56:41,ubaid_gallery1216,unfollowed,Unfollow confirmation clicked.
2026-08-08T15:56:44,ubaidullah8192,unfollowed,Unfollow confirmation clicked.
2026-08-08T15:56:47,ubaidullah_ghanchi,unfollowed,Unfollow confirmation clicked.
2026-08-08T15:56:49,ugc_withsneha_,unfollowed,Unfollow confirmation clicked.
2026-08-08T15:56:52,ugcbyashu,unfollowed,Unfollow confirmation clicked.
2026-08-08T15:56:55,ugcbymee,unfollowed,Unfollow confirmation clicked.
2026-08-08T15:56:57,ugcgirlyyyy,unfollowed,Unfollow confirmation clicked.
2026-08-08T15:56:59,ugcvibeshere,unfollowed,Unfollow confirmation clicked.
2026-08-08T15:57:02,umaaarrrrr,unfollowed,Unfollow confirmation clicked.
2026-08-08T15:57:05,umairjatt7889,unfollowed,Unfollow confirmation clicked.
2026-08-08T15:57:07,umar.ex7,unfollowed,Unfollow confirmation clicked.
2026-08-08T15:57:09,umar1134_1,unfollowed,Unfollow confirmation clicked.
2026-08-08T15:57:16,umar_baloch433,not_found,Instagram reported that this profile is unavailable.
2026-08-08T15:57:18,umarjajja54321,unfollowed,Unfollow confirmation clicked.
2026-08-08T15:57:21,umarxshahh,unfollowed,Unfollow confirmation clicked.
2026-08-08T15:57:24,umarzown,unfollowed,Unfollow confirmation clicked.
2026-08-08T15:57:31,umer_farooque,following_not_visible,Could not find a visible Following button.
2026-08-08T15:57:33,umer_hanfi,unfollowed,Unfollow confirmation clicked.
2026-08-08T15:57:36,umer_khan2606,unfollowed,Unfollow confirmation clicked.
2026-08-08T15:57:38,umnainaa,unfollowed,Unfollow confirmation clicked.
2026-08-08T15:57:45,underatedshitxo,not_found,Instagram reported that this profile is unavailable.
2026-08-08T15:57:47,unfiltered_fatima01,unfollowed,Unfollow confirmation clicked.
2026-08-08T15:57:50,unfilteredrainbow,unfollowed,Unfollow confirmation clicked.
2026-08-08T15:57:52,unique.store.pk1,unfollowed,Unfollow confirmation clicked.
2026-08-08T15:57:55,unknown8.10,unfollowed,Unfollow confirmation clicked.
2026-08-08T15:57:58,unknown_.chaudhary22,unfollowed,Unfollow confirmation clicked.
2026-08-08T15:58:01,unknown_ch001,unfollowed,Unfollow confirmation clicked.
2026-08-08T15:58:03,upabcd608,unfollowed,Unfollow confirmation clicked.
2026-08-08T15:58:07,ur.type_shahid,unfollowed,Unfollow confirmation clicked.
2026-08-08T15:58:09,urfavscorpio_27,unfollowed,Unfollow confirmation clicked.
2026-08-08T15:58:15,urfavspidyy,not_found,Instagram reported that this profile is unavailable.
2026-08-08T15:58:18,urmiamnz,unfollowed,Unfollow confirmation clicked.
2026-08-08T15:58:20,urw_fai23,unfollowed,Unfollow confirmation clicked.
2026-08-08T15:58:23,usa.ma1246,unfollowed,Unfollow confirmation clicked.
2026-08-08T15:58:26,usama_baloch_2024,unfollowed,Unfollow confirmation clicked.
2026-08-08T15:58:32,usamaa8951,not_found,Instagram reported that this profile is unavailable.
2026-08-08T15:58:34,userr.24116,unfollowed,Unfollow confirmation clicked.
2026-08-08T15:58:41,userr.nott.founndd._,already_unfollowed,Instagram shows Follow rather than Following.
2026-08-08T15:58:43,usman_soomro_07,unfollowed,Unfollow confirmation clicked.
2026-08-08T15:58:46,usmandanish24,unfollowed,Unfollow confirmation clicked.
2026-08-08T15:58:50,usmann_nnn,unfollowed,Unfollow confirmation clicked.
2026-08-08T15:58:52,usmannaeem_01,unfollowed,Unfollow confirmation clicked.
2026-08-08T15:58:55,usmmmanm,unfollowed,Unfollow confirmation clicked.
2026-08-08T15:58:58,usmu_777,unfollowed,Unfollow confirmation clicked.
2026-08-08T15:59:01,uswa_emaan,unfollowed,Unfollow confirmation clicked.
2026-08-08T15:59:04,utradiii094,unfollowed,Unfollow confirmation clicked.
2026-08-08T15:59:07,uujalax,unfollowed,Unfollow confirmation clicked.
2026-08-08T15:59:10,uussaf._,unfollowed,Unfollow confirmation clicked.
2026-08-08T15:59:13,uzair_443,unfollowed,Unfollow confirmation clicked.
2026-08-08T15:59:16,uzair_yasir_khan,unfollowed,Unfollow confirmation clicked.
2026-08-08T15:59:18,uzairahmad4762,unfollowed,Unfollow confirmation clicked.
2026-08-08T15:59:21,uzkhano,unfollowed,Unfollow confirmation clicked.
2026-08-08T15:59:24,v.cheslav,unfollowed,Unfollow confirmation clicked.
2026-08-08T15:59:26,vaibhavv_a,unfollowed,Unfollow confirmation clicked.
2026-08-08T15:59:30,vanshika.thakur07_,unfollowed,Unfollow confirmation clicked.
2026-08-08T15:59:33,vaultthriftpk,unfollowed,Unfollow confirmation clicked.
2026-08-08T15:59:40,veer_jii1,following_not_visible,Could not find a visible Following button.
2026-08-08T15:59:42,venom_zmm,unfollowed,Unfollow confirmation clicked.
2026-08-08T15:59:44,venusian_hamza,unfollowed,Unfollow confirmation clicked.
2026-08-08T15:59:48,vet.lifts,unfollowed,Unfollow confirmation clicked.
2026-08-08T15:59:51,vibe_.pari.dhi,unfollowed,Unfollow confirmation clicked.
2026-08-08T15:59:53,vibe_with_bimoo,unfollowed,Unfollow confirmation clicked.
2026-08-08T15:59:57,vibezzz.worldwide,unfollowed,Unfollow confirmation clicked.
2026-08-08T16:00:00,vicky_thakur_4253,unfollowed,Unfollow confirmation clicked.
2026-08-08T16:00:03,virgo_sep18,unfollowed,Unfollow confirmation clicked.
2026-08-08T16:00:06,vlogger_atiqua,unfollowed,Unfollow confirmation clicked.
2026-08-08T16:00:08,voicedby_her,unfollowed,Unfollow confirmation clicked.
2026-08-08T16:00:11,voiceforzahra,unfollowed,Unfollow confirmation clicked.
2026-08-08T16:00:18,voidelle_y,not_found,Instagram reported that this profile is unavailable.
2026-08-08T16:00:21,w.asay,unfollowed,Unfollow confirmation clicked.
2026-08-08T16:00:25,w3b_khub4ib,unfollowed,Unfollow confirmation clicked.
2026-08-08T16:00:27,w_u_h_a,unfollowed,Unfollow confirmation clicked.
2026-08-08T16:00:30,wabi_13,unfollowed,Unfollow confirmation clicked.
2026-08-08T16:00:34,wahab_butttt,unfollowed,Unfollow confirmation clicked.
2026-08-08T16:00:37,wahab_joi,unfollowed,Unfollow confirmation clicked.
2026-08-08T16:00:39,wahabkhancar.drosh,unfollowed,Unfollow confirmation clicked.
2026-08-08T16:00:42,wahajalispam,unfollowed,Unfollow confirmation clicked.
2026-08-08T16:00:44,waheed_ahmed_khann,unfollowed,Unfollow confirmation clicked.
2026-08-08T16:00:48,wahidwahidakbar,unfollowed,Unfollow confirmation clicked.
2026-08-08T16:00:51,wajee_hullah,unfollowed,Unfollow confirmation clicked.
2026-08-08T16:00:53,wajeeh_647,unfollowed,Unfollow confirmation clicked.
2026-08-08T16:00:56,wajeehanoor35880,unfollowed,Unfollow confirmation clicked.
2026-08-08T16:00:58,wakeupamna,unfollowed,Unfollow confirmation clicked.
2026-08-08T16:01:04,waleed._.wazeer,following_not_visible,Could not find a visible Following button.
2026-08-08T16:01:07,waleed_8735,unfollowed,Unfollow confirmation clicked.
2026-08-08T16:01:09,waleed_malik999,unfollowed,Unfollow confirmation clicked.
2026-08-08T16:01:12,waleedjaved007,unfollowed,Unfollow confirmation clicked.
2026-08-08T16:01:19,waleedk.0,following_not_visible,Could not find a visible Following button.
2026-08-08T16:01:21,waleedkhannoo,unfollowed,Unfollow confirmation clicked.
2026-08-08T16:01:24,waleedwaheed208,unfollowed,Unfollow confirmation clicked.
2026-08-08T16:01:27,wali_bakhsh,unfollowed,Unfollow confirmation clicked.
2026-08-08T16:01:30,walidshkh,unfollowed,Unfollow confirmation clicked.
2026-08-08T16:01:33,walieey,unfollowed,Unfollow confirmation clicked.
2026-08-08T16:01:35,waqaranxari44,unfollowed,Unfollow confirmation clicked.
2026-08-08T16:01:38,waqas.khan404,unfollowed,Unfollow confirmation clicked.
2026-08-08T16:01:41,waqas.luxe,unfollowed,Unfollow confirmation clicked.
2026-08-08T16:01:44,waqas____7,unfollowed,Unfollow confirmation clicked.
2026-08-08T16:01:46,waqas_latif_,unfollowed,Unfollow confirmation clicked.
2026-08-08T16:01:49,waqaskhan123.u,unfollowed,Unfollow confirmation clicked.
2026-08-08T16:01:52,warda_warhead,unfollowed,Unfollow confirmation clicked.
2026-08-08T16:01:58,wardutt.ahmed,following_not_visible,Could not find a visible Following button.
2026-08-08T16:02:00,wasif_ali110,unfollowed,Unfollow confirmation clicked.
2026-08-08T16:02:03,wasif_faroqi,unfollowed,Unfollow confirmation clicked.
2026-08-08T16:02:05,wasii.khan5,unfollowed,Unfollow confirmation clicked.
2026-08-08T16:02:08,wasimabbasi_,unfollowed,Unfollow confirmation clicked.
2026-08-08T16:02:12,way.to.allahh,unfollowed,Unfollow confirmation clicked.
2026-08-08T16:02:15,weekendsubjects,unfollowed,Unfollow confirmation clicked.
2026-08-08T16:02:19,welfare_faunditon,unfollowed,Unfollow confirmation clicked.
2026-08-08T16:02:22,whenifeellikeit.art,unfollowed,Unfollow confirmation clicked.
2026-08-08T16:02:28,who_iz_fam,not_found,Instagram reported that this profile is unavailable.
2026-08-08T16:02:32,whoisjunaidanyways.cr7,unfollowed,Unfollow confirmation clicked.
2026-08-08T16:02:34,whos_laiba111,unfollowed,Unfollow confirmation clicked.
2026-08-08T16:02:40,whosfatimaah_1,not_found,Instagram reported that this profile is unavailable.
2026-08-08T16:02:42,whosh4ym,unfollowed,Unfollow confirmation clicked.
2026-08-08T16:02:45,wht_hammad,unfollowed,Unfollow confirmation clicked.
2026-08-08T16:02:47,why.not_muneeb,unfollowed,Unfollow confirmation clicked.
2026-08-08T16:02:50,why___muneeb,unfollowed,Unfollow confirmation clicked.
2026-08-08T16:02:52,why_not.muneeb,unfollowed,Unfollow confirmation clicked.
2026-08-08T16:02:59,why_not_saaqib,not_found,Instagram reported that this profile is unavailable.
2026-08-08T16:03:02,whyfaraz.___,unfollowed,Unfollow confirmation clicked.
2026-08-08T16:03:05,whynotaman1,unfollowed,Unfollow confirmation clicked.
2026-08-08T16:03:09,whyyshazzyy,unfollowed,Unfollow confirmation clicked.
2026-08-08T16:03:11,wild_spirit663,unfollowed,Unfollow confirmation clicked.
2026-08-08T16:03:13,wildchildguy9,unfollowed,Unfollow confirmation clicked.
2026-08-08T16:03:16,witcher_.01,unfollowed,Unfollow confirmation clicked.
2026-08-08T16:03:19,withloveanjie,unfollowed,Unfollow confirmation clicked.
2026-08-08T16:03:21,withloveanushay,unfollowed,Unfollow confirmation clicked.
2026-08-08T16:03:23,withlovedijaa,unfollowed,Unfollow confirmation clicked.
2026-08-08T16:03:30,wkwk15335,not_found,Instagram reported that this profile is unavailable.
2026-08-08T16:03:33,wonder_walkers7,unfollowed,Unfollow confirmation clicked.
2026-08-08T16:03:36,workoutinspiration001,unfollowed,Unfollow confirmation clicked.
2026-08-08T16:03:38,world_of_guidance2,unfollowed,Unfollow confirmation clicked.
2026-08-08T16:03:44,worldless_me,following_not_visible,Could not find a visible Following button.
2026-08-08T16:03:50,wxsxq,not_found,Instagram reported that this profile is unavailable.
2026-08-08T16:03:53,wzieerahmed,unfollowed,Unfollow confirmation clicked.
2026-08-08T16:03:55,x_bano_asali_x,unfollowed,Unfollow confirmation clicked.
2026-08-08T16:03:58,x_kaifffyyy,unfollowed,Unfollow confirmation clicked.
2026-08-08T16:04:01,x_saim_333,unfollowed,Unfollow confirmation clicked.
2026-08-08T16:04:04,x_wajii_,unfollowed,Unfollow confirmation clicked.
2026-08-08T16:04:10,xabaxafar,following_not_visible,Could not find a visible Following button.
2026-08-08T16:04:13,xajeelz.__,unfollowed,Unfollow confirmation clicked.
2026-08-08T16:04:16,xaynealy,unfollowed,Unfollow confirmation clicked.
2026-08-08T16:04:18,xehrish_naz,unfollowed,Unfollow confirmation clicked.
2026-08-08T16:04:25,xin_xoor,not_found,Instagram reported that this profile is unavailable.
2026-08-08T16:04:27,xoxozainu,unfollowed,Unfollow confirmation clicked.
2026-08-08T16:04:31,xrko_ol,unfollowed,Unfollow confirmation clicked.
2026-08-08T16:04:33,xtra_thinker19,unfollowed,Unfollow confirmation clicked.
2026-08-08T16:04:35,xx_valerio,unfollowed,Unfollow confirmation clicked.
2026-08-08T16:04:38,y.wahid70,unfollowed,Unfollow confirmation clicked.
2026-08-08T16:04:41,yaaram2119,unfollowed,Unfollow confirmation clicked.
2026-08-08T16:04:43,yahya__khannnn,unfollowed,Unfollow confirmation clicked.
2026-08-08T16:04:46,yahya_qurexhii,unfollowed,Unfollow confirmation clicked.
2026-08-08T16:04:49,yahyadawoodd,unfollowed,Unfollow confirmation clicked.
2026-08-08T16:04:51,yashooish,unfollowed,Unfollow confirmation clicked.
2026-08-08T16:04:54,yasinbaig50,unfollowed,Unfollow confirmation clicked.
2026-08-08T16:04:57,yasir_khan_jr_,unfollowed,Unfollow confirmation clicked.
2026-08-08T16:05:00,yasirameen554,unfollowed,Unfollow confirmation clicked.
2026-08-08T16:05:03,yasrafsultana,unfollowed,Unfollow confirmation clicked.
2026-08-08T16:05:09,yawararshad215,following_not_visible,Could not find a visible Following button.
2026-08-08T16:05:12,yawarshahhh,unfollowed,Unfollow confirmation clicked.
2026-08-08T16:05:19,yellow_disy0,not_found,Instagram reported that this profile is unavailable.
2026-08-08T16:05:23,yk.sakshi,unfollowed,Unfollow confirmation clicked.
2026-08-08T16:05:29,yk_laibaaaa,not_found,Instagram reported that this profile is unavailable.
2026-08-08T16:05:31,yng.sinuu,unfollowed,Unfollow confirmation clicked.
2026-08-08T16:05:34,yougotafnan_,unfollowed,Unfollow confirmation clicked.
2026-08-08T16:05:36,your_professor51,unfollowed,Unfollow confirmation clicked.
2026-08-08T16:05:43,yours_hiruuu,not_found,Instagram reported that this profile is unavailable.
2026-08-08T16:05:45,yourshah23,unfollowed,Unfollow confirmation clicked.
2026-08-08T16:05:47,youshmasdiary,unfollowed,Unfollow confirmation clicked.
2026-08-08T16:05:50,yousifmahar7860,unfollowed,Unfollow confirmation clicked.
2026-08-08T16:05:53,yumikalsum_,unfollowed,Unfollow confirmation clicked.
2026-08-08T16:05:56,yumna.hehee,unfollowed,Unfollow confirmation clicked.
2026-08-08T16:05:59,yusra_haider784,unfollowed,Unfollow confirmation clicked.
2026-08-08T16:06:04,yusra_shines,unfollowed,Unfollow confirmation clicked.
2026-08-08T16:06:07,yusrachaudhryofficial,unfollowed,Unfollow confirmation clicked.
2026-08-08T16:06:10,yusraqureshi563,unfollowed,Unfollow confirmation clicked.
2026-08-08T16:06:13,yvng.ham,unfollowed,Unfollow confirmation clicked.
2026-08-08T16:06:15,zaahidimran,unfollowed,Unfollow confirmation clicked.
2026-08-08T16:06:19,zaarrsworld,unfollowed,Unfollow confirmation clicked.
2026-08-08T16:06:21,zafeer_typist,unfollowed,Unfollow confirmation clicked.
2026-08-08T16:06:25,zahid_099__,unfollowed,Unfollow confirmation clicked.
2026-08-08T16:06:27,zahid_alee11,unfollowed,Unfollow confirmation clicked.
2026-08-08T16:06:30,zahirzaid49,unfollowed,Unfollow confirmation clicked.
2026-08-09T14:47:13,zahra.choudhary5,unfollowed,Unfollow confirmation clicked.
2026-08-09T14:47:15,zahra_usmann,unfollowed,Unfollow confirmation clicked.
2026-08-09T14:47:18,zaid_qureshi9009,unfollowed,Unfollow confirmation clicked.
2026-08-09T14:47:21,zain.ali7061,unfollowed,Unfollow confirmation clicked.
2026-08-09T14:47:23,zain2364khan,unfollowed,Unfollow confirmation clicked.
2026-08-09T14:47:25,zainab_4real,unfollowed,Unfollow confirmation clicked.
2026-08-09T14:47:28,zainab_rajpoot027,unfollowed,Unfollow confirmation clicked.
2026-08-09T14:47:30,zainabchaudhary_.24,unfollowed,Unfollow confirmation clicked.
2026-08-09T14:47:32,zainalijawed,unfollowed,Unfollow confirmation clicked.
2026-08-09T14:47:35,zainasalman__,unfollowed,Unfollow confirmation clicked.
2026-08-09T14:47:37,zainiii_958,unfollowed,Unfollow confirmation clicked.
2026-08-09T14:47:40,zainjamali76,unfollowed,Unfollow confirmation clicked.
2026-08-09T14:47:42,zainuuuuu__._,unfollowed,Unfollow confirmation clicked.
2026-08-09T14:47:44,zaman_zuz,unfollowed,Unfollow confirmation clicked.
2026-08-09T14:47:47,zanibaba007,unfollowed,Unfollow confirmation clicked.
2026-08-09T14:47:49,zaniish01,unfollowed,Unfollow confirmation clicked.
2026-08-09T14:47:56,zann_e5,not_found,Instagram reported that this profile is unavailable.
2026-08-09T14:47:59,zannaferdous,unfollowed,Unfollow confirmation clicked.
2026-08-09T14:48:04,zarataimur,unfollowed,Unfollow confirmation clicked.
2026-08-09T14:48:08,zaratutorials,unfollowed,Unfollow confirmation clicked.
2026-08-09T14:48:12,zarposh_hussain_77,unfollowed,Unfollow confirmation clicked.
2026-08-09T14:48:16,zaryan_malick,unfollowed,Unfollow confirmation clicked.
2026-08-09T14:48:24,zavi_hussain_007,unfollowed,Unfollow confirmation clicked.
2026-08-09T14:48:26,zay4d_,unfollowed,Unfollow confirmation clicked.
2026-08-09T14:48:29,zayn_vibes_00,unfollowed,Unfollow confirmation clicked.
2026-08-09T14:48:32,zaynaafzal_,unfollowed,Unfollow confirmation clicked.
2026-08-09T14:48:35,zaynalzafir,unfollowed,Unfollow confirmation clicked.
2026-08-09T14:48:37,zaynjaffreyworld,unfollowed,Unfollow confirmation clicked.
2026-08-09T14:48:40,zaynn_vibes,unfollowed,Unfollow confirmation clicked.
2026-08-09T14:48:42,zee_que2,unfollowed,Unfollow confirmation clicked.
2026-08-09T14:48:45,zeeshan.ajab,unfollowed,Unfollow confirmation clicked.
2026-08-09T14:48:47,zeeshan.g,unfollowed,Unfollow confirmation clicked.
2026-08-09T14:48:49,zeeshan883857,unfollowed,Unfollow confirmation clicked.
2026-08-09T14:48:52,zeeshu_huu_yaar,unfollowed,Unfollow confirmation clicked.
2026-08-09T14:48:54,zeleciaa,unfollowed,Unfollow confirmation clicked.
2026-08-09T14:48:57,zeynep.zeee,unfollowed,Unfollow confirmation clicked.
2026-08-09T14:48:59,ziaussalam,unfollowed,Unfollow confirmation clicked.
2026-08-09T14:49:02,zimal028,unfollowed,Unfollow confirmation clicked.
2026-08-09T14:49:05,zindagi3456176,unfollowed,Unfollow confirmation clicked.
2026-08-09T14:49:07,zk9640520,unfollowed,Unfollow confirmation clicked.
2026-08-09T14:49:10,zoha.here0,unfollowed,Unfollow confirmation clicked.
2026-08-09T14:49:12,zohaalii516,unfollowed,Unfollow confirmation clicked.
2026-08-09T14:49:15,zohaasii,unfollowed,Unfollow confirmation clicked.
2026-08-09T14:49:18,zohaib_israr_khn,unfollowed,Unfollow confirmation clicked.
2026-08-09T14:49:24,zohaibalimua,following_not_visible,Could not find a visible Following button.
2026-08-09T14:49:26,zohaibch7149,unfollowed,Unfollow confirmation clicked.
2026-08-09T14:49:29,zohamohammadd,unfollowed,Unfollow confirmation clicked.
2026-08-09T14:49:31,zoiii_here34,unfollowed,Unfollow confirmation clicked.
2026-08-09T14:49:33,zoni9309,unfollowed,Unfollow confirmation clicked.
2026-08-09T14:49:36,zoraizchohan,unfollowed,Unfollow confirmation clicked.
2026-08-09T14:49:38,zoya.180410,unfollowed,Unfollow confirmation clicked.
2026-08-09T14:49:41,zoya_arain06,unfollowed,Unfollow confirmation clicked.
2026-08-09T14:49:43,zoyasfoodjournal,unfollowed,Unfollow confirmation clicked.
2026-08-09T14:49:46,zoye4057,unfollowed,Unfollow confirmation clicked.
2026-08-09T14:49:49,zschitral,unfollowed,Unfollow confirmation clicked.
2026-08-09T14:49:51,zubai_rkhan2891,unfollowed,Unfollow confirmation clicked.
2026-08-09T14:49:54,zubinahmed96,unfollowed,Unfollow confirmation clicked.
2026-08-09T14:49:56,zuhaib_ahmad3,unfollowed,Unfollow confirmation clicked.
2026-08-09T14:50:00,zulqarnainxadil,unfollowed,Unfollow confirmation clicked.
2026-08-09T14:50:03,zuni_azfar_khan,unfollowed,Unfollow confirmation clicked.
2026-08-09T14:50:05,zunipash,unfollowed,Unfollow confirmation clicked.
2026-08-09T14:52:16,__ghalbi07,following_not_visible,Could not find a visible Following button.
2026-08-09T14:52:23,__talal97._,not_found,Instagram reported that this profile is unavailable.
2026-08-09T14:52:30,_arif_hussain_313,not_found,Instagram reported that this profile is unavailable.
2026-08-09T14:52:35,_c41ty,not_found,Instagram reported that this profile is unavailable.
2026-08-09T14:52:41,_riyarauther,not_found,Instagram reported that this profile is unavailable.
2026-08-09T14:52:48,_seeeeeb,following_not_visible,Could not find a visible Following button.
2026-08-09T14:52:54,_theasadlife,following_not_visible,Could not find a visible Following button.
2026-08-09T14:53:00,a1eeni,not_found,Instagram reported that this profile is unavailable.
2026-08-09T14:53:07,aarijmohsin,following_not_visible,Could not find a visible Following button.
2026-08-09T14:53:12,aarishbaig1995,not_found,Instagram reported that this profile is unavailable.
2026-08-09T14:53:19,abbas_h429,not_found,Instagram reported that this profile is unavailable.
2026-08-09T14:53:24,abdullah.ki.hun.yar,not_found,Instagram reported that this profile is unavailable.
2026-08-09T14:53:26,abdulmoizkhan.1,unfollowed,Unfollow confirmation clicked.
2026-08-09T14:53:29,abdulmusavirwardak_07,unfollowed,Unfollow confirmation clicked.
2026-08-09T14:53:32,abdulqadir77993,unfollowed,Unfollow confirmation clicked.
2026-08-09T14:53:35,abdulrafay_325,unfollowed,Unfollow confirmation clicked.
2026-08-09T14:53:41,abeeha.79,not_found,Instagram reported that this profile is unavailable.
2026-08-09T14:53:47,abeerayeshaaa,following_not_visible,Could not find a visible Following button.
2026-08-09T14:53:53,abuhuraira.ch,following_not_visible,Could not find a visible Following button.
2026-08-09T14:53:59,adnanali10x,following_not_visible,Could not find a visible Following button.
2026-08-09T14:54:05,ahmadjangram,following_not_visible,Could not find a visible Following button.
2026-08-09T14:54:11,ahmed_134568643_76__7,not_found,Instagram reported that this profile is unavailable.
2026-08-09T14:54:17,ahmed_hunyawrr_,not_found,Instagram reported that this profile is unavailable.
2026-08-09T14:54:23,ahsan._1012,following_not_visible,Could not find a visible Following button.
2026-08-09T14:54:29,aimenarshaaad,following_not_visible,Could not find a visible Following button.
2026-08-09T14:54:36,akber.hussain,following_not_visible,Could not find a visible Following button.
2026-08-09T14:54:42,alee._72,not_found,Instagram reported that this profile is unavailable.
2026-08-09T14:54:48,ali.iiiiiiiii_,not_found,Instagram reported that this profile is unavailable.
2026-08-09T14:54:54,aliabbaskhvn,following_not_visible,Could not find a visible Following button.
2026-08-09T14:55:00,aliveoffitcial,following_not_visible,Could not find a visible Following button.
2026-08-09T14:55:05,allan_consorcio_especialista,not_found,Instagram reported that this profile is unavailable.
2026-08-09T14:55:12,alloflaiba,already_unfollowed,Instagram shows Follow rather than Following.
2026-08-09T14:55:18,altinkiz_111111,not_found,Instagram reported that this profile is unavailable.
2026-08-09T14:55:24,amaanhussain.th,following_not_visible,Could not find a visible Following button.
2026-08-09T14:55:30,amaankhawajaa,following_not_visible,Could not find a visible Following button.
2026-08-09T14:55:36,arishalam,following_not_visible,Could not find a visible Following button.
2026-08-09T14:55:42,armadillo.8764115,not_found,Instagram reported that this profile is unavailable.
2026-08-09T14:55:48,artbysaadii,following_not_visible,Could not find a visible Following button.
2026-08-09T14:55:54,assignment.wizard0,not_found,Instagram reported that this profile is unavailable.
2026-08-09T14:56:00,atyabzakagondal,following_not_visible,Could not find a visible Following button.
2026-08-09T14:56:06,ayankhan009853,not_found,Instagram reported that this profile is unavailable.
2026-08-09T14:56:12,ayzalnut,not_found,Instagram reported that this profile is unavailable.
2026-08-09T14:56:18,azeemsaeed911,following_not_visible,Could not find a visible Following button.
2026-08-09T14:56:24,bajwazohaib753,following_not_visible,Could not find a visible Following button.
2026-08-09T14:56:30,balochiblues,not_found,Instagram reported that this profile is unavailable.
2026-08-09T14:56:36,bilal.muzaffar,following_not_visible,Could not find a visible Following button.
2026-08-09T14:56:42,bilal_umar1,not_found,Instagram reported that this profile is unavailable.
2026-08-09T14:56:48,bilalnasirr,following_not_visible,Could not find a visible Following button.
2026-08-09T14:56:54,bismahkh4n,not_found,Instagram reported that this profile is unavailable.
2026-08-09T14:57:00,bodrul.islam23,following_not_visible,Could not find a visible Following button.
2026-08-09T14:57:06,bottomkarachi_,not_found,Instagram reported that this profile is unavailable.
2026-08-09T14:57:12,btw_mir1,not_found,Instagram reported that this profile is unavailable.
2026-08-09T14:57:19,call_me_faissu,following_not_visible,Could not find a visible Following button.
2026-08-09T14:57:25,ceeee666,following_not_visible,Could not find a visible Following button.
2026-08-09T14:57:31,christina294610,not_found,Instagram reported that this profile is unavailable.
2026-08-09T14:57:37,clny.sfz,not_found,Instagram reported that this profile is unavailable.
2026-08-09T14:57:43,daniyal_amjad66,following_not_visible,Could not find a visible Following button.
2026-08-09T14:57:48,esha_sheikh._,not_found,Instagram reported that this profile is unavailable.
2026-08-09T14:57:54,faheeem.shahzad,following_not_visible,Could not find a visible Following button.
2026-08-09T14:58:01,faizawan548,not_found,Instagram reported that this profile is unavailable.
2026-08-09T14:58:06,faizmustafa_,following_not_visible,Could not find a visible Following button.
2026-08-09T14:58:12,farhaanistic,following_not_visible,Could not find a visible Following button.
2026-08-09T14:58:20,farrukhmaq_ch,following_not_visible,Could not find a visible Following button.
2026-08-09T14:58:26,fasikhn,following_not_visible,Could not find a visible Following button.
2026-08-09T14:58:32,ferozkhan177,following_not_visible,Could not find a visible Following button.
2026-08-09T14:58:38,fi.lledwlove,following_not_visible,Could not find a visible Following button.
2026-08-09T14:58:44,goldenwolf2499,not_found,Instagram reported that this profile is unavailable.
2026-08-09T14:58:50,goodguywidflaws,not_found,Instagram reported that this profile is unavailable.
2026-08-09T14:58:52,h4seeeb_0,unfollowed,Unfollow confirmation clicked.
2026-08-09T14:58:58,ha55anmurtaza.abbasi,following_not_visible,Could not find a visible Following button.
2026-08-09T14:59:04,hakanhakanergun,not_found,Instagram reported that this profile is unavailable.
2026-08-09T14:59:10,hamnakhann._,following_not_visible,Could not find a visible Following button.
2026-08-09T14:59:17,hamza_bisharat,following_not_visible,Could not find a visible Following button.
2026-08-09T14:59:23,hamza_malik101,following_not_visible,Could not find a visible Following button.
2026-08-09T14:59:29,hanankhann9,not_found,Instagram reported that this profile is unavailable.
2026-08-09T14:59:35,happy_drtalha,following_not_visible,Could not find a visible Following button.
2026-08-09T14:59:41,haroon_nadeem11,following_not_visible,Could not find a visible Following button.
2026-08-09T14:59:47,hasanpirzadaa,not_found,Instagram reported that this profile is unavailable.
2026-08-09T14:59:53,hashmat_rajpoot,following_not_visible,Could not find a visible Following button.
2026-08-09T14:59:55,hassankhanzada__,unfollowed,Unfollow confirmation clicked.
2026-08-09T15:00:01,hassanwaseem94,following_not_visible,Could not find a visible Following button.
2026-08-09T15:00:08,hasshhuuuuu,not_found,Instagram reported that this profile is unavailable.
2026-08-09T15:00:14,hd_bukhari,following_not_visible,Could not find a visible Following button.
2026-08-09T15:00:20,herprofilee,not_found,Instagram reported that this profile is unavailable.
2026-08-09T15:00:26,hforhaider,following_not_visible,Could not find a visible Following button.
2026-08-09T15:00:32,highkey_y05_af,not_found,Instagram reported that this profile is unavailable.
2026-08-09T15:00:39,humayun_junejo,following_not_visible,Could not find a visible Following button.
2026-08-09T15:00:46,hwhwhumaniexx,not_found,Instagram reported that this profile is unavailable.
2026-08-09T15:00:52,hxm1d.malik._02,not_found,Instagram reported that this profile is unavailable.
2026-08-09T15:00:58,hxssxn.knight,not_found,Instagram reported that this profile is unavailable.
2026-08-09T15:01:04,i_dr_abdi,following_not_visible,Could not find a visible Following button.
2026-08-09T15:01:10,iamsaadkhan22,following_not_visible,Could not find a visible Following button.
2026-08-09T15:01:16,ibn.e.saleem,following_not_visible,Could not find a visible Following button.
2026-08-09T15:01:22,ibrahim_sheikh0890,not_found,Instagram reported that this profile is unavailable.
2026-08-09T15:01:28,iii_faysal,following_not_visible,Could not find a visible Following button.
2026-08-09T15:01:34,ikamesh4u,following_not_visible,Could not find a visible Following button.
2026-08-09T15:01:40,im342310,not_found,Instagram reported that this profile is unavailable.
2026-08-09T15:01:47,imchjunaid,following_not_visible,Could not find a visible Following button.
2026-08-09T15:01:53,immeggie_official,following_not_visible,Could not find a visible Following button.
2026-08-09T15:01:58,imohsin_aziz,following_not_visible,Could not find a visible Following button.
2026-08-09T15:02:05,isis.osiris,following_not_visible,Could not find a visible Following button.
2026-08-09T15:02:12,its_umais_ch,following_not_visible,Could not find a visible Following button.
2026-08-09T15:02:19,itsmesam_sy,following_not_visible,Could not find a visible Following button.
2026-08-09T15:02:25,jamayaig,following_not_visible,Could not find a visible Following button.
2026-08-09T15:02:31,jd_chaudary,following_not_visible,Could not find a visible Following button.
2026-08-09T15:02:37,jeeva._.ramu,not_found,Instagram reported that this profile is unavailable.
2026-08-09T15:02:43,karamveer_mangat_,following_not_visible,Could not find a visible Following button.
2026-08-09T15:02:49,khani_slamabad,not_found,Instagram reported that this profile is unavailable.
2026-08-09T15:02:55,kharotiofficial,following_not_visible,Could not find a visible Following button.
2026-08-09T15:03:02,khazerkeel_hussain,following_not_visible,Could not find a visible Following button.
2026-08-09T15:03:08,kmlcsrl,not_found,Instagram reported that this profile is unavailable.
2026-08-09T15:03:13,laaaraaiib,not_found,Instagram reported that this profile is unavailable.
2026-08-09T15:03:19,lilbaeman,following_not_visible,Could not find a visible Following button.
2026-08-09T15:03:22,lishbaspov,unfollowed,Unfollow confirmation clicked.
2026-08-09T15:03:28,m7alihassan,not_found,Instagram reported that this profile is unavailable.
2026-08-09T15:03:34,mahnoortruffles,following_not_visible,Could not find a visible Following button.
2026-08-09T15:03:40,mahroosh_qureshi16,not_found,Instagram reported that this profile is unavailable.
2026-08-09T15:03:46,mannu_patel67,not_found,Instagram reported that this profile is unavailable.
2026-08-09T15:03:52,maryam_.akhtar,not_found,Instagram reported that this profile is unavailable.
2026-08-09T15:03:58,mayaatif._,not_found,Instagram reported that this profile is unavailable.
2026-08-09T15:04:04,mdbiplobhasan_,following_not_visible,Could not find a visible Following button.
2026-08-09T15:04:06,meer_bizanjo87,unfollowed,Unfollow confirmation clicked.
2026-08-09T15:04:09,meerabnasirr,unfollowed,Unfollow confirmation clicked.
2026-08-09T15:04:15,meerhamza_official,following_not_visible,Could not find a visible Following button.
2026-08-09T15:04:21,mirzafaizan_official,following_not_visible,Could not find a visible Following button.
2026-08-09T15:04:27,mlk.ali1,following_not_visible,Could not find a visible Following button.
2026-08-09T15:04:33,motosaein,following_not_visible,Could not find a visible Following button.
2026-08-09T15:04:40,mp4.ahmad,not_found,Instagram reported that this profile is unavailable.
2026-08-09T15:04:45,mp_090526,not_found,Instagram reported that this profile is unavailable.
2026-08-09T15:04:52,mubbby__,following_not_visible,Could not find a visible Following button.
2026-08-09T15:04:55,mubi_khattak,unfollowed,Unfollow confirmation clicked.
2026-08-09T15:05:01,muhammad_umarzaman,following_not_visible,Could not find a visible Following button.
2026-08-09T15:05:07,muhammadhamza005,not_found,Instagram reported that this profile is unavailable.
2026-08-09T15:05:13,munzcoree_,not_found,Instagram reported that this profile is unavailable.
2026-08-09T15:05:20,muttayaab,following_not_visible,Could not find a visible Following button.
2026-08-09T15:05:26,muz.909.9,not_found,Instagram reported that this profile is unavailable.
2026-08-09T15:05:32,n1chtdeintyp.a,not_found,Instagram reported that this profile is unavailable.
2026-08-09T15:05:38,ngl_emaan0,not_found,Instagram reported that this profile is unavailable.
2026-08-09T15:05:45,niths_mys,following_not_visible,Could not find a visible Following button.
2026-08-09T15:05:52,noman.sami,following_not_visible,Could not find a visible Following button.
2026-08-09T15:05:58,nomistic07,following_not_visible,Could not find a visible Following button.
2026-08-09T15:06:04,nooor.is.here,following_not_visible,Could not find a visible Following button.
2026-08-09T15:06:10,ny_mp33,not_found,Instagram reported that this profile is unavailable.
2026-08-09T15:06:16,obisdian_x,not_found,Instagram reported that this profile is unavailable.
2026-08-09T15:06:22,oyyy__ali__,not_found,Instagram reported that this profile is unavailable.
2026-08-09T15:06:28,peter_parker.gv,following_not_visible,Could not find a visible Following button.
2026-08-09T15:06:35,pranaykamtekar,following_not_visible,Could not find a visible Following button.
2026-08-09T15:06:41,rajput_himanshu.0,not_found,Instagram reported that this profile is unavailable.
2026-08-09T15:06:47,rebelgurlll_5,not_found,Instagram reported that this profile is unavailable.
2026-08-09T15:06:53,rehannhub,not_found,Instagram reported that this profile is unavailable.
2026-08-09T15:06:59,reindeer.7039200,not_found,Instagram reported that this profile is unavailable.
2026-08-09T15:07:05,reyan4r,not_found,Instagram reported that this profile is unavailable.
2026-08-09T15:07:10,rhino.85247984,not_found,Instagram reported that this profile is unavailable.
2026-08-09T15:07:17,rizwann.20,following_not_visible,Could not find a visible Following button.
2026-08-09T15:07:23,rizzyhimm,not_found,Instagram reported that this profile is unavailable.
2026-08-09T15:07:29,saad.ayub.dar,following_not_visible,Could not find a visible Following button.
2026-08-09T15:07:35,saadteshkeran,not_found,Instagram reported that this profile is unavailable.
2026-08-09T15:07:41,saba_rajpoot1904,not_found,Instagram reported that this profile is unavailable.
2026-08-09T15:07:47,sabziorsalad,not_found,Instagram reported that this profile is unavailable.
